-- phpMyAdmin SQL Dump
-- version 4.0.10deb1
-- http://www.phpmyadmin.net
--
-- Host: localhost
-- Generation Time: Feb 05, 2016 at 05:28 PM
-- Server version: 5.5.46-0ubuntu0.14.04.2
-- PHP Version: 5.5.9-1ubuntu4.14

SET SQL_MODE = "NO_AUTO_VALUE_ON_ZERO";
SET time_zone = "+00:00";


/*!40101 SET @OLD_CHARACTER_SET_CLIENT=@@CHARACTER_SET_CLIENT */;
/*!40101 SET @OLD_CHARACTER_SET_RESULTS=@@CHARACTER_SET_RESULTS */;
/*!40101 SET @OLD_COLLATION_CONNECTION=@@COLLATION_CONNECTION */;
/*!40101 SET NAMES utf8 */;

--
-- Database: `tmcprogram_tacloban`
--

-- --------------------------------------------------------

--
-- Table structure for table `account`
--

CREATE TABLE IF NOT EXISTS `account` (
  `id` int(11) NOT NULL AUTO_INCREMENT,
  `code` varchar(20) NOT NULL,
  `name` varchar(150) NOT NULL,
  `account_type_id` int(11) NOT NULL,
  `account_category_id` int(11) DEFAULT NULL,
  `is_special` tinyint(1) DEFAULT NULL,
  `currentqty` decimal(10,2) DEFAULT NULL,
  `date` date DEFAULT NULL,
  PRIMARY KEY (`id`),
  UNIQUE KEY `code` (`code`),
  KEY `account_type_id_idx` (`account_type_id`),
  KEY `account_category_code_idx` (`account_category_id`)
) ENGINE=InnoDB  DEFAULT CHARSET=latin1 AUTO_INCREMENT=15 ;

--
-- Dumping data for table `account`
--

INSERT INTO `account` (`id`, `code`, `name`, `account_type_id`, `account_category_id`, `is_special`, `currentqty`, `date`) VALUES
(3, 'cash', 'Cash Meann', 1, 1, NULL, 32688.79, '2015-12-09'),
(4, 'banklily', 'Cash in Bank Lily', 1, NULL, NULL, NULL, NULL),
(5, 'banktmc', 'Cash in Bank TMC', 1, NULL, NULL, NULL, NULL),
(6, 'papa', 'Cash at home', 1, NULL, NULL, NULL, NULL),
(7, 'utils', 'Utilities Expense', 5, NULL, NULL, NULL, NULL),
(8, 'merchandise', 'Merchandise Expense', 5, NULL, NULL, 2728100.09, '2016-12-12'),
(9, 'pettycash', 'Petty Cash', 5, NULL, NULL, NULL, NULL),
(10, 'sales', 'Sales Income', 4, NULL, NULL, 73272448.25, '2014-02-20'),
(11, 'receivables', 'Receivables', 1, NULL, NULL, -118502.54, '2015-12-15'),
(12, 'payables', 'Payables', 2, NULL, NULL, 2728100.09, '2016-12-12'),
(13, 'inchecks', 'Incoming Checks', 1, NULL, NULL, 85813.75, '2015-12-15'),
(14, 'outchecks', 'Outgoing Checks', 1, NULL, NULL, 29317997.52, '2015-12-18');

-- --------------------------------------------------------

--
-- Table structure for table `accountentry`
--

CREATE TABLE IF NOT EXISTS `accountentry` (
  `id` int(11) NOT NULL AUTO_INCREMENT,
  `account_id` int(11) NOT NULL,
  `qty` decimal(18,2) NOT NULL DEFAULT '0.00',
  `date` date NOT NULL,
  `balance` decimal(10,2) DEFAULT NULL,
  `ref_class` varchar(20) DEFAULT NULL,
  `ref_id` int(11) DEFAULT NULL,
  `priority` int(11) DEFAULT NULL,
  `type` varchar(10) DEFAULT NULL,
  `is_cancelled` tinyint(4) DEFAULT '0',
  `description` varchar(100) DEFAULT NULL,
  `created_at` timestamp NOT NULL DEFAULT CURRENT_TIMESTAMP ON UPDATE CURRENT_TIMESTAMP,
  PRIMARY KEY (`id`),
  KEY `account_id` (`account_id`)
) ENGINE=InnoDB  DEFAULT CHARSET=latin1 AUTO_INCREMENT=276 ;

--
-- Dumping data for table `accountentry`
--

INSERT INTO `accountentry` (`id`, `account_id`, `qty`, `date`, `balance`, `ref_class`, `ref_id`, `priority`, `type`, `is_cancelled`, `description`, `created_at`) VALUES
(1, 8, 19891.80, '2015-07-13', 209974.20, 'Purchase', 1, 1, NULL, 0, NULL, '2015-10-18 03:23:27'),
(2, 12, 19891.80, '2015-07-11', 121638.20, 'Purchase', 1, 1, NULL, 0, NULL, '2015-10-18 03:23:32'),
(3, 8, 36000.00, '2015-07-14', 245974.20, 'Purchase', 2, 1, NULL, 0, NULL, '2015-10-18 03:23:27'),
(4, 8, 21000.00, '2015-06-22', 23126.08, 'Purchase', 3, 1, NULL, 0, NULL, '2015-10-18 03:23:27'),
(5, 12, 21000.00, '2015-06-22', 23126.08, 'Purchase', 3, 1, NULL, 0, NULL, '2015-10-18 03:23:31'),
(6, 8, 4138.40, '2015-07-15', 250112.60, 'Purchase', 4, 1, NULL, 0, NULL, '2015-10-18 03:23:28'),
(8, 8, 0.00, '2015-07-15', 250112.60, 'Purchase', 5, 2, NULL, 0, NULL, '2015-10-18 03:23:28'),
(10, 8, 31172.58, '2015-07-15', 281285.18, 'Purchase', 6, 3, NULL, 0, NULL, '2015-10-18 03:23:28'),
(11, 12, 31172.58, '2015-07-15', 277146.78, 'Purchase', 6, 3, NULL, 0, NULL, '2015-10-18 03:23:32'),
(12, 8, 118250.00, '2015-07-15', 399535.18, 'Purchase', 7, 4, NULL, 0, NULL, '2015-12-05 07:00:08'),
(13, 12, 118250.00, '2015-07-15', 395396.78, 'Purchase', 7, 4, NULL, 0, NULL, '2015-12-05 07:00:08'),
(14, 8, 26690.00, '2015-07-15', 426225.18, 'Purchase', 8, 5, NULL, 0, NULL, '2015-11-06 03:38:43'),
(15, 12, 26690.00, '2015-07-15', 422086.78, 'Purchase', 8, 5, NULL, 0, NULL, '2015-11-06 03:38:48'),
(16, 8, 104700.00, '2015-07-15', 530925.18, 'Purchase', 9, 6, NULL, 0, NULL, '2015-11-06 03:38:43'),
(17, 12, 104700.00, '2015-07-15', 526786.78, 'Purchase', 9, 6, NULL, 0, NULL, '2015-11-06 03:38:48'),
(18, 8, 8700.00, '2015-07-15', 539625.18, 'Purchase', 10, 7, NULL, 0, NULL, '2015-11-06 03:38:43'),
(19, 12, 8700.00, '2015-07-15', 535486.78, 'Purchase', 10, 7, NULL, 0, NULL, '2015-11-06 03:38:48'),
(20, 8, 26444.40, '2015-07-15', 566069.58, 'Purchase', 11, 8, NULL, 0, NULL, '2015-11-06 03:38:43'),
(21, 12, 26444.40, '2015-07-15', 561931.18, 'Purchase', 11, 8, NULL, 0, NULL, '2015-11-06 03:38:48'),
(22, 8, 7091.00, '2015-07-15', 573160.58, 'Purchase', 12, 9, NULL, 0, NULL, '2016-01-02 10:08:18'),
(23, 12, 7091.00, '2015-07-15', 569022.18, 'Purchase', 12, 9, NULL, 0, NULL, '2016-01-02 10:08:19'),
(24, 8, 31040.39, '2015-07-15', 604200.97, 'Purchase', 13, 10, NULL, 0, NULL, '2015-11-06 03:38:43'),
(25, 12, 31040.39, '2015-07-15', 600062.57, 'Purchase', 13, 10, NULL, 0, NULL, '2015-11-06 03:38:48'),
(26, 8, 7693.00, '2015-07-15', 611893.97, 'Purchase', 14, 11, NULL, 0, NULL, '2016-01-02 10:09:54'),
(27, 12, 7693.00, '2015-07-15', 607755.57, 'Purchase', 14, 11, NULL, 0, NULL, '2016-01-02 10:09:54'),
(28, 8, 8267.00, '2015-07-15', 620160.97, 'Purchase', 15, 12, NULL, 0, NULL, '2016-01-02 10:06:26'),
(29, 12, 8267.00, '2015-07-15', 616022.57, 'Purchase', 15, 12, NULL, 0, NULL, '2016-01-02 10:06:26'),
(30, 8, 169090.00, '2015-07-15', 789250.97, 'Purchase', 16, 13, NULL, 0, NULL, '2016-01-17 11:12:14'),
(31, 12, 169090.00, '2015-07-15', 785112.57, 'Purchase', 16, 13, NULL, 0, NULL, '2016-01-17 11:12:14'),
(32, 12, 4138.40, '2015-07-15', 789250.97, 'Purchase', 4, 14, NULL, 0, NULL, '2016-01-17 11:11:08'),
(33, 8, 0.00, '2015-07-20', 789250.97, 'Purchase', 17, 1, NULL, 0, NULL, '2016-01-17 11:11:01'),
(35, 8, 55135.00, '2015-07-20', 844385.97, 'Purchase', 18, 2, NULL, 0, NULL, '2016-01-17 11:11:01'),
(36, 12, 55135.00, '2015-07-20', 844385.97, 'Purchase', 18, 2, NULL, 0, NULL, '2016-01-17 11:11:08'),
(37, 8, 0.00, '2015-07-23', 844385.97, 'Purchase', 19, 1, NULL, 0, NULL, '2016-01-17 11:11:01'),
(38, 8, 0.00, '2015-07-27', 869647.02, 'Purchase', 20, 1, NULL, 0, NULL, '2016-01-17 11:11:02'),
(40, 8, 4722.52, '2015-07-27', 874369.54, 'Purchase', 21, 2, NULL, 0, NULL, '2016-01-17 11:11:02'),
(41, 12, 4722.52, '2015-07-27', 874369.54, 'Purchase', 21, 2, NULL, 0, NULL, '2016-01-17 11:11:08'),
(42, 3, 1500.00, '2015-08-13', 1500.00, 'Event', 1, 1, NULL, 0, 'Cash Collection', '2015-08-13 03:51:03'),
(43, 11, -1500.00, '2015-08-13', -1500.00, 'Event', 1, 1, NULL, 0, 'Cash Collection', '2015-08-13 03:51:03'),
(44, 8, 78620.32, '2015-06-30', 101746.40, 'Purchase', 22, 1, NULL, 0, NULL, '2015-10-27 02:58:25'),
(45, 12, 78620.32, '2015-06-30', 101746.40, 'Purchase', 22, 1, NULL, 0, NULL, '2015-10-27 02:58:25'),
(46, 8, 16787.35, '2015-08-10', 914181.39, 'Purchase', 23, 1, NULL, 0, NULL, '2016-01-17 11:11:02'),
(47, 12, 16787.35, '2015-08-10', 914181.39, 'Purchase', 23, 1, NULL, 0, NULL, '2016-01-17 11:11:08'),
(48, 8, 24890.64, '2015-08-10', 939072.03, 'Purchase', 24, 2, NULL, 0, NULL, '2016-01-17 11:11:02'),
(49, 12, 24890.64, '2015-08-10', 939072.03, 'Purchase', 24, 2, NULL, 0, NULL, '2016-01-17 11:11:08'),
(50, 8, 25261.05, '2015-07-24', 869647.02, 'Purchase', 25, 1, NULL, 0, NULL, '2016-01-17 11:11:01'),
(51, 12, 25261.05, '2015-07-24', 869647.02, 'Purchase', 25, 1, NULL, 0, NULL, '2016-01-17 11:11:08'),
(52, 8, 8500.00, '2015-08-07', 882869.54, 'Purchase', 26, 1, NULL, 0, NULL, '2016-01-17 11:11:02'),
(53, 12, 8500.00, '2015-08-07', 882869.54, 'Purchase', 26, 1, NULL, 0, NULL, '2016-01-17 11:11:08'),
(54, 8, 13200.00, '2015-08-07', 896069.54, 'Purchase', 27, 2, NULL, 0, NULL, '2016-01-17 11:11:02'),
(55, 12, 13200.00, '2015-08-07', 896069.54, 'Purchase', 27, 2, NULL, 0, NULL, '2016-01-17 11:11:08'),
(56, 8, 1400.00, '2015-08-23', 1079538.30, 'Purchase', 28, 1, NULL, 0, NULL, '2016-01-17 11:11:03'),
(57, 12, 1400.00, '2015-08-23', 1079538.30, 'Purchase', 28, 1, NULL, 0, NULL, '2016-01-17 11:11:09'),
(58, 8, 88336.00, '2015-07-11', 190082.40, 'Purchase', 29, 1, NULL, 0, NULL, '2015-10-18 03:23:27'),
(59, 12, 88336.00, '2015-07-11', 209974.20, 'Purchase', 29, 2, NULL, 0, NULL, '2015-10-18 03:23:32'),
(60, 12, 36000.00, '2015-07-14', 245974.20, 'Purchase', 2, 1, NULL, 0, NULL, '2015-10-18 03:23:32'),
(61, 8, 33500.00, '2015-08-10', 972572.03, 'Purchase', 30, 3, NULL, 0, NULL, '2016-01-17 11:11:02'),
(62, 8, 5550.00, '2015-08-14', 1004922.03, 'Purchase', 31, 1, NULL, 0, NULL, '2016-01-17 11:11:02'),
(63, 12, 5550.00, '2015-08-14', 1004922.03, 'Purchase', 31, 1, NULL, 0, NULL, '2016-01-17 11:11:08'),
(64, 8, 240.00, '2015-08-14', 1005162.03, 'Purchase', 32, 2, NULL, 0, NULL, '2016-01-17 11:11:02'),
(65, 12, 240.00, '2015-08-14', 1005162.03, 'Purchase', 32, 2, NULL, 0, NULL, '2016-01-17 11:11:08'),
(66, 8, 20000.00, '2015-08-11', 999372.03, 'Purchase', 33, 1, NULL, 0, NULL, '2016-01-17 11:11:02'),
(67, 12, 20000.00, '2015-08-11', 999372.03, 'Purchase', 33, 1, NULL, 0, NULL, '2016-01-17 11:11:08'),
(68, 8, 6800.00, '2015-08-10', 979372.03, 'Purchase', 34, 4, NULL, 0, NULL, '2016-01-17 11:11:02'),
(69, 12, 6800.00, '2015-08-10', 945872.03, 'Purchase', 34, 3, NULL, 0, NULL, '2016-01-17 11:11:08'),
(70, 12, 33500.00, '2015-08-10', 979372.03, 'Purchase', 30, 4, NULL, 0, NULL, '2016-01-17 11:11:08'),
(71, 8, 8440.00, '2015-08-15', 1013602.03, 'Purchase', 35, 1, NULL, 0, NULL, '2016-01-17 11:11:02'),
(72, 12, 8440.00, '2015-08-15', 1013602.03, 'Purchase', 35, 1, NULL, 0, NULL, '2016-01-17 11:11:08'),
(73, 8, 14895.68, '2015-08-19', 1076692.06, 'Purchase', 36, 1, NULL, 0, NULL, '2016-01-17 11:11:02'),
(74, 12, 14895.68, '2015-08-19', 1076692.06, 'Purchase', 36, 1, NULL, 0, NULL, '2016-01-17 11:11:09'),
(75, 8, 48194.35, '2015-08-17', 1061796.38, 'Purchase', 37, 1, NULL, 0, NULL, '2016-01-17 11:11:02'),
(76, 12, 48194.35, '2015-08-17', 1061796.38, 'Purchase', 37, 1, NULL, 0, NULL, '2016-01-17 11:11:08'),
(77, 13, 7000.00, '2015-08-28', 7000.00, 'Event', 2, 1, NULL, 0, 'Check Collection', '2015-08-30 23:44:53'),
(78, 11, -7000.00, '2015-08-28', -8500.00, 'Event', 2, 1, NULL, 0, 'Check Collection', '2015-08-30 23:44:53'),
(79, 8, 2750.00, '2015-08-29', 1340041.73, 'Purchase', 38, 1, NULL, 0, NULL, '2016-01-17 11:11:03'),
(80, 12, 2750.00, '2015-08-29', 1340041.73, 'Purchase', 38, 1, NULL, 0, NULL, '2016-01-17 11:11:09'),
(81, 8, 1419.50, '2015-08-26', 1167721.73, 'Purchase', 39, 1, NULL, 0, NULL, '2016-01-17 11:11:03'),
(82, 12, 1419.50, '2015-08-26', 1167721.73, 'Purchase', 39, 1, NULL, 0, NULL, '2016-01-17 11:11:09'),
(83, 8, 350.00, '2015-08-26', 1168071.73, 'Purchase', 40, 2, NULL, 0, NULL, '2016-01-17 11:11:03'),
(84, 12, 350.00, '2015-08-26', 1168071.73, 'Purchase', 40, 2, NULL, 0, NULL, '2016-01-17 11:11:09'),
(85, 8, 2044.00, '2015-08-31', 1342085.73, 'Purchase', 41, 1, NULL, 0, NULL, '2016-01-17 11:11:03'),
(86, 12, 2044.00, '2015-08-31', 1342085.73, 'Purchase', 41, 1, NULL, 0, NULL, '2016-01-17 11:11:09'),
(87, 8, 68122.80, '2015-08-25', 1147661.10, 'Purchase', 42, 1, NULL, 0, NULL, '2016-01-17 11:11:03'),
(88, 12, 68122.80, '2015-08-25', 1147661.10, 'Purchase', 42, 1, NULL, 0, NULL, '2016-01-17 11:11:09'),
(89, 3, 4590.00, '2015-09-01', 6090.00, 'Event', 3, 1, NULL, 0, 'Cash Collection', '2015-09-01 09:13:43'),
(90, 11, -4590.00, '2015-09-01', -13090.00, 'Event', 3, 1, NULL, 0, 'Cash Collection', '2015-09-01 09:13:43'),
(91, 8, 18641.13, '2015-08-25', 1166302.23, 'Purchase', 43, 2, NULL, 0, NULL, '2016-01-17 11:11:03'),
(92, 12, 18641.13, '2015-08-25', 1166302.23, 'Purchase', 43, 2, NULL, 0, NULL, '2016-01-17 11:11:09'),
(93, 8, 13117.82, '2015-09-02', 1355203.55, 'Purchase', 44, 1, NULL, 0, NULL, '2016-01-17 11:11:03'),
(94, 12, 13117.82, '2015-09-02', 1355203.55, 'Purchase', 44, 1, NULL, 0, NULL, '2016-01-17 11:11:09'),
(95, 8, 6909.00, '2015-09-05', 1424475.53, 'Purchase', 45, 1, NULL, 0, NULL, '2016-01-17 11:11:04'),
(96, 12, 6909.00, '2015-09-05', 1424475.53, 'Purchase', 45, 1, NULL, 0, NULL, '2016-01-17 11:11:10'),
(97, 8, 146.24, '2015-08-21', 1076838.30, 'Purchase', 46, 1, NULL, 0, NULL, '2016-01-17 11:11:02'),
(98, 12, 146.24, '2015-08-21', 1076838.30, 'Purchase', 46, 1, NULL, 0, NULL, '2016-01-17 11:11:09'),
(99, 8, 1324.50, '2015-08-07', 897394.04, 'Purchase', 47, 3, NULL, 0, NULL, '2016-01-17 11:11:02'),
(100, 12, 1324.50, '2015-08-07', 897394.04, 'Purchase', 47, 3, NULL, 0, NULL, '2016-01-17 11:11:08'),
(101, 8, 169220.00, '2015-08-28', 1337291.73, 'Purchase', 48, 1, NULL, 0, NULL, '2016-01-17 11:11:03'),
(102, 12, 169220.00, '2015-08-28', 1337291.73, 'Purchase', 48, 1, NULL, 0, NULL, '2016-01-17 11:11:09'),
(103, 8, 552.72, '2015-09-08', 1436317.05, 'Purchase', 49, 1, NULL, 0, NULL, '2016-01-17 11:11:04'),
(104, 12, 552.72, '2015-09-08', 1436317.05, 'Purchase', 49, 1, NULL, 0, NULL, '2016-01-17 11:11:10'),
(105, 8, 28998.75, '2015-09-02', 1384202.30, 'Purchase', 50, 2, NULL, 0, NULL, '2016-01-17 11:11:03'),
(106, 12, 28998.75, '2015-09-02', 1384202.30, 'Purchase', 50, 2, NULL, 0, NULL, '2016-01-17 11:11:09'),
(107, 8, 2347.45, '2015-09-02', 1386549.75, 'Purchase', 51, 3, NULL, 0, NULL, '2016-01-17 11:11:03'),
(108, 12, 2347.45, '2015-09-02', 1386549.75, 'Purchase', 51, 3, NULL, 0, NULL, '2016-01-17 11:11:09'),
(109, 8, 7202.20, '2015-09-02', 1393751.95, 'Purchase', 52, 4, NULL, 0, NULL, '2016-01-17 11:11:03'),
(110, 12, 7202.20, '2015-09-02', 1393751.95, 'Purchase', 52, 4, NULL, 0, NULL, '2016-01-17 11:11:09'),
(111, 3, 780.00, '2015-09-10', 6870.00, 'Event', 4, 1, NULL, 0, 'Cash Collection', '2015-09-10 07:43:34'),
(112, 11, -780.00, '2015-09-10', -13870.00, 'Event', 4, 1, NULL, 0, 'Cash Collection', '2015-09-10 07:43:34'),
(113, 13, 12202.50, '2015-09-10', 19202.50, 'Event', 5, 1, NULL, 0, 'Check Collection', '2015-09-10 09:59:59'),
(114, 11, -12202.50, '2015-09-10', -26072.50, 'Event', 5, 2, NULL, 0, 'Check Collection', '2015-09-10 09:59:59'),
(115, 8, 0.00, '2015-09-03', 1398111.79, 'Purchase', 53, 1, NULL, 0, NULL, '2016-01-17 11:11:03'),
(116, 8, 79.40, '2015-09-04', 1417566.53, 'Purchase', 54, 1, NULL, 0, NULL, '2016-01-17 11:11:03'),
(117, 12, 79.40, '2015-09-04', 1417566.53, 'Purchase', 54, 1, NULL, 0, NULL, '2016-01-17 11:11:10'),
(118, 8, 19260.96, '2015-09-03', 1417372.75, 'Purchase', 55, 2, NULL, 0, NULL, '2016-01-17 11:11:03'),
(119, 12, 19260.96, '2015-09-03', 1417372.75, 'Purchase', 55, 1, NULL, 0, NULL, '2016-01-17 11:11:10'),
(124, 13, 14000.00, '2015-09-14', 33202.50, 'Event', 8, 1, NULL, 0, 'Check Collection', '2015-09-14 09:46:21'),
(125, 11, -14000.00, '2015-09-14', -40072.50, 'Event', 8, 2, NULL, 0, 'Check Collection', '2015-09-14 09:46:21'),
(126, 8, 114.38, '2015-09-03', 1417487.13, 'Purchase', 56, 3, NULL, 0, NULL, '2016-01-17 11:11:03'),
(127, 12, 114.38, '2015-09-03', 1417487.13, 'Purchase', 56, 2, NULL, 0, NULL, '2016-01-17 11:11:10'),
(128, 8, 11288.80, '2015-09-05', 1435764.33, 'Purchase', 57, 2, NULL, 0, NULL, '2016-01-17 11:11:04'),
(129, 12, 11288.80, '2015-09-05', 1435764.33, 'Purchase', 57, 2, NULL, 0, NULL, '2016-01-17 11:11:10'),
(130, 8, 678.56, '2015-09-02', 1394430.51, 'Purchase', 58, 5, NULL, 0, NULL, '2016-01-17 11:11:03'),
(131, 12, 678.56, '2015-09-02', 1394430.51, 'Purchase', 58, 5, NULL, 0, NULL, '2016-01-17 11:11:09'),
(132, 8, 3681.28, '2015-09-02', 1398111.79, 'Purchase', 59, 6, NULL, 0, NULL, '2016-01-17 11:11:03'),
(133, 12, 3681.28, '2015-09-02', 1398111.79, 'Purchase', 59, 6, NULL, 0, NULL, '2016-01-17 11:11:09'),
(134, 8, 0.00, '2015-09-17', 1595200.64, 'Purchase', 60, 1, NULL, 0, NULL, '2016-01-17 11:11:04'),
(135, 3, 7600.00, '2015-09-17', 14470.00, 'Event', 9, 1, NULL, 0, 'Cash Collection', '2015-09-17 09:34:33'),
(136, 11, -7600.00, '2015-09-17', -47672.50, 'Event', 9, 1, NULL, 0, 'Cash Collection', '2015-09-17 09:34:33'),
(137, 3, 4900.00, '2015-09-18', 19370.00, 'Event', 10, 1, NULL, 0, 'Cash Collection', '2015-09-18 06:45:02'),
(138, 11, -4900.00, '2015-09-18', -52572.50, 'Event', 10, 1, NULL, 0, 'Cash Collection', '2015-09-18 06:45:02'),
(139, 8, 43383.59, '2015-09-15', 1595200.64, 'Purchase', 61, 1, NULL, 0, NULL, '2016-01-17 11:11:04'),
(140, 12, 43383.59, '2015-09-15', 1479700.64, 'Purchase', 61, 1, NULL, 0, NULL, '2016-01-17 11:11:10'),
(141, 8, 2300.00, '2015-09-19', 1597500.64, 'Purchase', 62, 1, NULL, 0, NULL, '2016-01-17 11:11:04'),
(142, 12, 2300.00, '2015-09-19', 1482000.64, 'Purchase', 62, 1, NULL, 0, NULL, '2016-01-17 11:11:10'),
(143, 8, 2500.00, '2015-09-19', 1600000.64, 'Purchase', 63, 2, NULL, 0, NULL, '2016-01-17 11:11:04'),
(144, 12, 2500.00, '2015-09-19', 1484500.64, 'Purchase', 63, 2, NULL, 0, NULL, '2016-01-17 11:11:10'),
(145, 8, 150.00, '2015-09-22', 1600150.64, 'Purchase', 64, 1, NULL, 0, NULL, '2016-01-17 11:11:04'),
(146, 12, 150.00, '2015-09-22', 1484650.64, 'Purchase', 64, 1, NULL, 0, NULL, '2016-01-17 11:11:10'),
(147, 8, 20163.00, '2015-09-23', 1620313.64, 'Purchase', 65, 1, NULL, 0, NULL, '2016-01-17 11:11:04'),
(148, 12, 20163.00, '2015-09-23', 1504813.64, 'Purchase', 65, 1, NULL, 0, NULL, '2016-01-17 11:11:10'),
(149, 8, 180.00, '2015-09-23', 1620493.64, 'Purchase', 66, 2, NULL, 0, NULL, '2016-01-17 11:11:04'),
(150, 12, 180.00, '2015-09-23', 1504993.64, 'Purchase', 66, 2, NULL, 0, NULL, '2016-01-17 11:11:10'),
(151, 8, 3661.20, '2015-09-25', 1624154.84, 'Purchase', 67, 1, NULL, 0, NULL, '2016-01-17 11:11:04'),
(152, 12, 3661.20, '2015-09-25', 1508654.84, 'Purchase', 67, 1, NULL, 0, NULL, '2016-01-17 11:11:10'),
(153, 8, 47392.01, '2015-09-28', 1671546.85, 'Purchase', 68, 1, NULL, 0, NULL, '2016-01-17 11:11:04'),
(154, 12, 47392.01, '2015-09-28', 1556046.85, 'Purchase', 68, 1, NULL, 0, NULL, '2016-01-17 11:11:10'),
(155, 8, 7973.60, '2015-09-29', 1679520.45, 'Purchase', 69, 1, NULL, 0, NULL, '2016-01-17 11:11:04'),
(156, 12, 7973.60, '2015-09-29', 1564020.45, 'Purchase', 69, 1, NULL, 0, NULL, '2016-01-17 11:11:10'),
(157, 8, 2600.00, '2015-09-29', 1682120.45, 'Purchase', 70, 2, NULL, 0, NULL, '2016-01-17 11:11:04'),
(158, 12, 2600.00, '2015-09-29', 1566620.45, 'Purchase', 70, 2, NULL, 0, NULL, '2016-01-17 11:11:10'),
(159, 8, 4632.90, '2015-09-29', 1686753.35, 'Purchase', 71, 3, NULL, 0, NULL, '2016-01-17 11:11:04'),
(160, 12, 4632.90, '2015-09-29', 1571253.35, 'Purchase', 71, 3, NULL, 0, NULL, '2016-01-17 11:11:10'),
(161, 8, 2308.70, '2015-09-29', 1689062.05, 'Purchase', 72, 4, NULL, 0, NULL, '2016-01-17 11:11:04'),
(162, 12, 2308.70, '2015-09-29', 1573562.05, 'Purchase', 72, 4, NULL, 0, NULL, '2016-01-17 11:11:11'),
(163, 8, 6240.00, '2015-09-30', 1696202.05, 'Purchase', 73, 1, NULL, 0, NULL, '2016-01-17 11:11:05'),
(164, 12, 6240.00, '2015-09-30', 1580702.05, 'Purchase', 73, 1, NULL, 0, NULL, '2016-01-17 11:11:11'),
(165, 8, 490.00, '2015-09-30', 1696692.05, 'Purchase', 74, 2, NULL, 0, NULL, '2016-01-17 11:11:05'),
(166, 12, 490.00, '2015-09-30', 1581192.05, 'Purchase', 74, 2, NULL, 0, NULL, '2016-01-17 11:11:11'),
(167, 8, 900.00, '2015-09-29', 1689962.05, 'Purchase', 75, 5, NULL, 0, NULL, '2016-01-17 11:11:05'),
(168, 12, 900.00, '2015-09-29', 1574462.05, 'Purchase', 75, 5, NULL, 0, NULL, '2016-01-17 11:11:11'),
(169, 8, 218670.00, '2015-10-26', 2204547.74, 'Purchase', 76, 1, NULL, 0, NULL, '2016-01-17 11:11:05'),
(170, 12, 218670.00, '2015-10-26', 2204547.74, 'Purchase', 76, 1, NULL, 0, NULL, '2016-01-17 11:11:12'),
(171, 8, 116519.10, '2015-10-03', 1813211.15, 'Purchase', 77, 1, NULL, 0, NULL, '2016-01-17 11:11:05'),
(172, 8, 0.00, '2015-10-03', 1813211.15, 'Purchase', 78, 2, NULL, 0, NULL, '2016-01-17 11:11:05'),
(173, 8, 2126.08, '0000-00-00', 2126.08, 'Purchase', 79, 1, NULL, 0, NULL, '2015-10-18 03:51:03'),
(174, 12, 2126.08, '0000-00-00', 2126.08, 'Purchase', 79, 1, NULL, 0, NULL, '2015-10-18 03:51:03'),
(175, 8, 10588.18, '2015-10-12', 1854099.33, 'Purchase', 80, 1, NULL, 0, NULL, '2016-01-17 11:11:05'),
(176, 12, 10588.18, '2015-10-12', 1738599.33, 'Purchase', 80, 1, NULL, 0, NULL, '2016-01-17 11:11:11'),
(177, 8, 0.00, '0000-00-00', 2126.08, 'Purchase', 81, 2, NULL, 0, NULL, '2015-12-22 06:32:56'),
(178, 8, 3208.16, '2015-10-19', 1930431.94, 'Purchase', 82, 1, NULL, 0, NULL, '2016-01-17 11:11:05'),
(179, 12, 3208.16, '2015-10-19', 1814931.94, 'Purchase', 82, 1, NULL, 0, NULL, '2016-01-17 11:11:12'),
(180, 8, 4416.60, '2015-10-19', 1934848.54, 'Purchase', 83, 2, NULL, 0, NULL, '2016-01-17 11:11:05'),
(181, 12, 4416.60, '2015-10-19', 1819348.54, 'Purchase', 83, 2, NULL, 0, NULL, '2016-01-17 11:11:12'),
(182, 8, 49500.00, '2015-10-19', 1984348.54, 'Purchase', 84, 3, NULL, 0, NULL, '2016-01-17 11:11:05'),
(183, 8, 1529.20, '2015-10-19', 1985877.74, 'Purchase', 85, 4, NULL, 0, NULL, '2016-01-17 11:11:05'),
(184, 12, 1529.20, '2015-10-19', 1820877.74, 'Purchase', 85, 3, NULL, 0, NULL, '2016-01-17 11:11:12'),
(185, 12, 49500.00, '2015-10-19', 1870377.74, 'Purchase', 84, 4, NULL, 0, NULL, '2016-01-17 11:11:12'),
(186, 8, 4088.60, '2015-10-17', 1927223.78, 'Purchase', 86, 1, NULL, 0, NULL, '2016-01-17 11:11:05'),
(187, 12, 4088.60, '2015-10-17', 1811723.78, 'Purchase', 86, 1, NULL, 0, NULL, '2016-01-17 11:11:12'),
(188, 8, 0.00, '2015-10-22', 1985877.74, 'Purchase', 87, 1, NULL, 0, NULL, '2016-01-17 11:11:05'),
(189, 8, 0.00, '2015-10-14', 1874655.33, 'Purchase', 88, 1, NULL, 0, NULL, '2016-01-17 11:11:05'),
(190, 8, 0.00, '2015-10-27', 2204547.74, 'Purchase', 89, 1, NULL, 0, NULL, '2016-01-17 11:11:05'),
(191, 8, 0.00, '2015-10-27', 2204547.74, 'Purchase', 90, 2, NULL, 0, NULL, '2016-01-17 11:11:06'),
(192, 8, 30300.00, '2015-10-05', 1843511.15, 'Purchase', 91, 1, NULL, 0, NULL, '2016-01-17 11:11:05'),
(193, 12, 30300.00, '2015-10-05', 1728011.15, 'Purchase', 91, 1, NULL, 0, NULL, '2016-01-17 11:11:11'),
(194, 8, 2545.00, '2015-10-28', 2228406.24, 'Purchase', 92, 1, NULL, 0, NULL, '2016-01-17 11:11:06'),
(195, 12, 2545.00, '2015-10-28', 2228406.24, 'Purchase', 92, 1, NULL, 0, NULL, '2016-01-17 11:11:12'),
(196, 8, 20556.00, '2015-10-13', 1874655.33, 'Purchase', 93, 1, NULL, 0, NULL, '2016-01-17 11:11:05'),
(197, 12, 20556.00, '2015-10-13', 1759155.33, 'Purchase', 93, 1, NULL, 0, NULL, '2016-01-17 11:11:11'),
(198, 8, 115500.00, '2015-09-12', 1551817.05, 'Purchase', 94, 1, NULL, 0, NULL, '2016-01-17 11:11:04'),
(200, 12, 115500.00, '2015-10-19', 1985877.74, 'Purchase', 94, 5, NULL, 0, NULL, '2016-01-17 11:11:12'),
(201, 8, 3000.00, '2015-10-31', 2239506.24, 'Purchase', 95, 1, NULL, 0, NULL, '2016-01-17 11:11:06'),
(202, 12, 3000.00, '2015-10-31', 2239506.24, 'Purchase', 95, 1, NULL, 0, NULL, '2016-01-17 11:11:13'),
(203, 8, 48479.85, '2015-10-14', 1923135.18, 'Purchase', 96, 2, NULL, 0, NULL, '2016-01-17 11:11:05'),
(204, 12, 48479.85, '2015-10-14', 1807635.18, 'Purchase', 96, 1, NULL, 0, NULL, '2016-01-17 11:11:11'),
(205, 12, 116519.10, '2015-10-03', 1697711.15, 'Purchase', 77, 1, NULL, 0, NULL, '2016-01-17 11:11:11'),
(206, 8, 18168.00, '2015-10-27', 2222715.74, 'Purchase', 97, 3, NULL, 0, NULL, '2016-01-17 11:11:06'),
(207, 12, 18168.00, '2015-10-27', 2222715.74, 'Purchase', 97, 1, NULL, 0, NULL, '2016-01-17 11:11:12'),
(208, 8, 3145.50, '2015-10-27', 2225861.24, 'Purchase', 98, 4, NULL, 0, NULL, '2016-01-17 11:11:06'),
(209, 12, 3145.50, '2015-10-27', 2225861.24, 'Purchase', 98, 2, NULL, 0, NULL, '2016-01-17 11:11:12'),
(210, 8, 8100.00, '2015-10-29', 2236506.24, 'Purchase', 99, 1, NULL, 0, NULL, '2016-01-17 11:11:06'),
(211, 12, 8100.00, '2015-10-29', 2236506.24, 'Purchase', 99, 1, NULL, 0, NULL, '2016-01-17 11:11:13'),
(212, 8, 0.00, '2015-10-13', 1874655.33, 'Purchase', 100, 2, NULL, 0, NULL, '2016-01-17 11:11:05'),
(214, 3, 18.79, '2015-11-09', 19388.79, 'Event', 11, 1, NULL, 0, 'Cash Collection', '2015-11-09 02:26:03'),
(215, 11, -18.79, '2015-11-09', -52591.29, 'Event', 11, 1, NULL, 0, 'Cash Collection', '2015-11-09 02:26:03'),
(216, 8, 4500.00, '2015-11-07', 2322926.05, 'Purchase', 101, 1, NULL, 0, NULL, '2016-01-17 11:11:06'),
(217, 12, 4500.00, '2015-11-07', 2322926.05, 'Purchase', 101, 1, NULL, 0, NULL, '2016-01-17 11:11:13'),
(218, 8, 9520.00, '2015-11-05', 2308226.05, 'Purchase', 102, 1, NULL, 0, NULL, '2016-01-17 11:11:06'),
(219, 12, 9520.00, '2015-11-05', 2308226.05, 'Purchase', 102, 1, NULL, 0, NULL, '2016-01-17 11:11:13'),
(220, 8, 3400.00, '2015-11-07', 2326326.05, 'Purchase', 103, 2, NULL, 0, NULL, '2016-01-17 11:11:06'),
(221, 12, 3400.00, '2015-11-07', 2326326.05, 'Purchase', 103, 2, NULL, 0, NULL, '2016-01-17 11:11:13'),
(222, 8, 59199.81, '2015-11-04', 2298706.05, 'Purchase', 104, 1, NULL, 0, NULL, '2016-01-17 11:11:06'),
(223, 12, 59199.81, '2015-11-04', 2298706.05, 'Purchase', 104, 1, NULL, 0, NULL, '2016-01-17 11:11:13'),
(224, 8, 1300.00, '2015-11-07', 2327626.05, 'Purchase', 105, 3, NULL, 0, NULL, '2016-01-17 11:11:06'),
(225, 12, 1300.00, '2015-11-07', 2327626.05, 'Purchase', 105, 3, NULL, 0, NULL, '2016-01-17 11:11:13'),
(226, 8, 1300.00, '2015-08-21', 1078138.30, 'Purchase', 106, 2, NULL, 0, NULL, '2016-01-17 11:11:02'),
(227, 12, 1300.00, '2015-08-21', 1078138.30, 'Purchase', 106, 2, NULL, 0, NULL, '2016-01-17 11:11:09'),
(228, 8, 23114.45, '2015-11-11', 2353740.50, 'Purchase', 107, 1, NULL, 0, NULL, '2016-01-17 11:11:06'),
(229, 12, 23114.45, '2015-11-11', 2353740.50, 'Purchase', 107, 1, NULL, 0, NULL, '2016-01-17 11:11:13'),
(230, 8, 113274.93, '2015-11-11', 2467015.43, 'Purchase', 108, 2, NULL, 0, NULL, '2016-01-17 11:11:06'),
(231, 12, 113274.93, '2015-11-11', 2467015.43, 'Purchase', 108, 2, NULL, 0, NULL, '2016-01-17 11:11:13'),
(232, 8, 10200.00, '2015-11-05', 2318426.05, 'Purchase', 109, 2, NULL, 0, NULL, '2016-01-17 11:11:06'),
(233, 12, 10200.00, '2015-11-05', 2318426.05, 'Purchase', 109, 2, NULL, 0, NULL, '2016-01-17 11:11:13'),
(234, 8, 3000.00, '2015-11-07', 2330626.05, 'Purchase', 110, 4, NULL, 0, NULL, '2016-01-17 11:11:06'),
(235, 12, 3000.00, '2015-11-07', 2330626.05, 'Purchase', 110, 4, NULL, 0, NULL, '2016-01-17 11:11:13'),
(236, 8, 2549.00, '2015-11-11', 2469564.43, 'Purchase', 111, 3, NULL, 0, NULL, '2016-01-17 11:11:06'),
(237, 12, 2549.00, '2015-11-11', 2469564.43, 'Purchase', 111, 3, NULL, 0, NULL, '2016-01-17 11:11:13'),
(238, 8, 4500.00, '2015-11-22', 2474064.43, 'Purchase', 112, 1, NULL, 0, NULL, '2016-01-17 11:11:07'),
(239, 12, 4500.00, '2015-11-22', 2474064.43, 'Purchase', 112, 1, NULL, 0, NULL, '2016-01-17 11:11:13'),
(240, 8, 1042.00, '2015-11-25', 2475106.43, 'Purchase', 113, 1, NULL, 0, NULL, '2016-01-17 11:11:07'),
(241, 12, 1042.00, '2015-11-25', 2475106.43, 'Purchase', 113, 1, NULL, 0, NULL, '2016-01-17 11:11:13'),
(242, 8, 10740.00, '2015-11-30', 2558189.43, 'Purchase', 115, 1, NULL, 0, NULL, '2016-01-17 11:11:07'),
(243, 12, 10740.00, '2015-11-30', 2558189.43, 'Purchase', 115, 1, NULL, 0, NULL, '2016-01-17 11:11:13'),
(244, 13, 390.00, '2015-11-25', 33592.50, 'Event', 12, 1, NULL, 0, 'Check Collection', '2015-12-05 07:38:50'),
(245, 11, -390.00, '2015-11-25', -52981.29, 'Event', 12, 1, NULL, 0, 'Check Collection', '2015-12-05 07:38:50'),
(246, 13, 1850.00, '2015-11-25', 35442.50, 'Event', 13, 2, NULL, 0, 'Check Collection', '2015-12-05 07:46:09'),
(247, 11, -1850.00, '2015-11-25', -54831.29, 'Event', 13, 2, NULL, 0, 'Check Collection', '2015-12-05 07:46:09'),
(248, 3, 13300.00, '2015-12-09', 32688.79, 'Event', 14, 1, NULL, 0, 'Cash Collection', '2015-12-09 05:02:18'),
(249, 11, -13300.00, '2015-12-09', -68131.29, 'Event', 14, 1, NULL, 0, 'Cash Collection', '2015-12-09 05:02:18'),
(250, 8, 67539.00, '2015-11-26', 2542645.43, 'Purchase', 116, 1, NULL, 0, NULL, '2016-01-17 11:11:07'),
(251, 12, 67539.00, '2015-11-26', 2542645.43, 'Purchase', 116, 1, NULL, 0, NULL, '2016-01-17 11:11:13'),
(252, 8, 4804.00, '2015-11-28', 2547449.43, 'Purchase', 117, 1, NULL, 0, NULL, '2016-01-17 11:11:07'),
(253, 12, 4804.00, '2015-11-28', 2547449.43, 'Purchase', 117, 1, NULL, 0, NULL, '2016-01-17 11:11:13'),
(254, 8, 23404.90, '2015-11-30', 2581594.33, 'Purchase', 118, 2, NULL, 0, NULL, '2016-01-17 11:11:07'),
(255, 12, 23404.90, '2015-11-30', 2581594.33, 'Purchase', 118, 2, NULL, 0, NULL, '2016-01-17 11:11:13'),
(256, 8, 16660.00, '2015-12-02', 2634984.23, 'Purchase', 119, 1, NULL, 0, NULL, '2016-01-17 11:11:07'),
(257, 12, 16660.00, '2015-12-02', 2634984.23, 'Purchase', 119, 1, NULL, 0, NULL, '2016-01-17 11:11:14'),
(258, 8, 36729.90, '2015-11-30', 2618324.23, 'Purchase', 120, 3, NULL, 0, NULL, '2016-01-17 11:11:07'),
(259, 12, 36729.90, '2015-11-30', 2618324.23, 'Purchase', 120, 3, NULL, 0, NULL, '2016-01-17 11:11:14'),
(260, 13, 50371.25, '2015-12-15', 85813.75, 'Event', 15, 1, NULL, 0, 'Check Collection', '2015-12-15 06:13:16'),
(261, 11, -50371.25, '2015-12-15', -118502.54, 'Event', 15, 1, NULL, 0, 'Check Collection', '2015-12-15 06:13:16'),
(262, 8, 51480.00, '2015-12-11', 2712289.05, 'Purchase', 121, 1, NULL, 0, NULL, '2016-01-17 11:11:07'),
(263, 12, 51480.00, '2015-12-11', 2712289.05, 'Purchase', 121, 1, NULL, 0, NULL, '2016-01-17 11:11:14'),
(264, 8, 7000.00, '2015-12-03', 2660809.05, 'Purchase', 122, 1, NULL, 0, NULL, '2016-01-17 11:11:07'),
(265, 12, 7000.00, '2015-12-03', 2660809.05, 'Purchase', 122, 1, NULL, 0, NULL, '2016-01-17 11:11:14'),
(266, 8, 18824.82, '2015-12-02', 2653809.05, 'Purchase', 123, 2, NULL, 0, NULL, '2016-01-17 11:11:07'),
(267, 12, 18824.82, '2015-12-02', 2653809.05, 'Purchase', 123, 2, NULL, 0, NULL, '2016-01-17 11:11:14'),
(268, 8, 5400.00, '2015-12-22', 2722500.09, 'Purchase', 124, 1, NULL, 0, NULL, '2016-01-17 11:11:07'),
(269, 8, 340.00, '2015-12-18', 2712629.05, 'Purchase', 125, 1, NULL, 0, NULL, '2016-01-17 11:11:07'),
(270, 12, 340.00, '2015-12-18', 2712629.05, 'Purchase', 125, 1, NULL, 0, NULL, '2016-01-17 11:11:14'),
(271, 8, 4471.04, '2015-12-18', 2717100.09, 'Purchase', 126, 2, NULL, 0, NULL, '2016-01-17 11:11:07'),
(272, 12, 4471.04, '2015-12-18', 2717100.09, 'Purchase', 126, 2, NULL, 0, NULL, '2016-01-17 11:11:14'),
(273, 12, 5400.00, '2015-12-22', 2722500.09, 'Purchase', 124, 1, NULL, 0, NULL, '2016-01-17 11:11:14'),
(274, 8, 5600.00, '2016-12-12', 2728100.09, 'Purchase', 127, 1, NULL, 0, NULL, '2016-01-17 11:11:07'),
(275, 12, 5600.00, '2016-12-12', 2728100.09, 'Purchase', 127, 1, NULL, 0, NULL, '2016-01-17 11:11:14');

-- --------------------------------------------------------

--
-- Table structure for table `account_category`
--

CREATE TABLE IF NOT EXISTS `account_category` (
  `id` int(11) NOT NULL AUTO_INCREMENT,
  `name` varchar(100) NOT NULL,
  `code` varchar(70) NOT NULL,
  `account_type_id` int(11) NOT NULL,
  `parent_code` varchar(70) DEFAULT NULL,
  PRIMARY KEY (`id`),
  KEY `account_type_id_idx` (`account_type_id`)
) ENGINE=InnoDB  DEFAULT CHARSET=latin1 AUTO_INCREMENT=13 ;

--
-- Dumping data for table `account_category`
--

INSERT INTO `account_category` (`id`, `name`, `code`, `account_type_id`, `parent_code`) VALUES
(1, 'ASSETS', 'assets', 1, NULL),
(2, 'LIABILITIES', 'liabilities', 2, NULL),
(3, 'EQUITY', 'equity', 3, NULL),
(4, 'REVENUE', 'income', 4, NULL),
(5, 'EXPENSES', 'expenses', 5, NULL),
(6, 'FINANCIAL EXPENSES', 'financialexpenses', 5, NULL),
(7, 'CURRENT ASSETS', 'currentassets', 1, 'assets'),
(8, 'CASH', 'cash', 1, 'currentassets'),
(9, 'RECEIVABLES', 'receivables', 1, 'currentassets'),
(10, 'INVENTORIES', 'inventories', 1, 'currentassets'),
(11, 'PREPAYMENTS', 'prepayments', 1, 'currentassets'),
(12, 'OTHER CURRENT ASSETS', 'othercurrentassets', 1, 'currentassets');

-- --------------------------------------------------------

--
-- Table structure for table `account_type`
--

CREATE TABLE IF NOT EXISTS `account_type` (
  `id` int(11) NOT NULL AUTO_INCREMENT,
  `name` varchar(10) NOT NULL,
  PRIMARY KEY (`id`),
  UNIQUE KEY `name` (`name`)
) ENGINE=InnoDB  DEFAULT CHARSET=latin1 AUTO_INCREMENT=6 ;

--
-- Dumping data for table `account_type`
--

INSERT INTO `account_type` (`id`, `name`) VALUES
(1, 'Asset'),
(3, 'Equity'),
(5, 'Expense'),
(4, 'Income'),
(2, 'Liability');

-- --------------------------------------------------------

--
-- Table structure for table `brand`
--

CREATE TABLE IF NOT EXISTS `brand` (
  `id` int(11) NOT NULL AUTO_INCREMENT,
  `name` varchar(20) NOT NULL,
  PRIMARY KEY (`id`),
  UNIQUE KEY `name` (`name`)
) ENGINE=InnoDB DEFAULT CHARSET=latin1 AUTO_INCREMENT=1 ;

-- --------------------------------------------------------

--
-- Table structure for table `concern`
--

CREATE TABLE IF NOT EXISTS `concern` (
  `id` int(11) NOT NULL AUTO_INCREMENT,
  `date` date NOT NULL,
  `name` varchar(50) DEFAULT NULL,
  `description` text NOT NULL,
  `status` varchar(20) DEFAULT NULL,
  PRIMARY KEY (`id`)
) ENGINE=InnoDB DEFAULT CHARSET=latin1 AUTO_INCREMENT=1 ;

-- --------------------------------------------------------

--
-- Table structure for table `customer`
--

CREATE TABLE IF NOT EXISTS `customer` (
  `id` int(11) NOT NULL AUTO_INCREMENT,
  `name` char(60) DEFAULT NULL,
  `tin_no` varchar(15) DEFAULT NULL,
  `address` varchar(100) DEFAULT NULL,
  `phone1` char(60) DEFAULT NULL,
  `phone2` char(60) DEFAULT NULL,
  `faxnum` char(60) DEFAULT NULL,
  `email` char(60) DEFAULT NULL,
  `note` char(60) DEFAULT NULL,
  `rep` varchar(60) DEFAULT NULL,
  `repno` varchar(50) DEFAULT NULL,
  `rep2` varchar(60) DEFAULT NULL,
  `rep2no` varchar(50) DEFAULT NULL,
  `taxitem` char(60) DEFAULT NULL,
  `notepad` char(60) DEFAULT NULL,
  `salutation` char(60) DEFAULT NULL,
  `is_suki` tinyint(11) DEFAULT NULL,
  PRIMARY KEY (`id`),
  UNIQUE KEY `name` (`name`)
) ENGINE=InnoDB  DEFAULT CHARSET=latin1 AUTO_INCREMENT=266 ;

--
-- Dumping data for table `customer`
--

INSERT INTO `customer` (`id`, `name`, `tin_no`, `address`, `phone1`, `phone2`, `faxnum`, `email`, `note`, `rep`, `repno`, `rep2`, `rep2no`, `taxitem`, `notepad`, `salutation`, `is_suki`) VALUES
(1, '-', '', '', '', '', '', '', '', '', '', '', '', '', '', '', NULL),
(2, 'Cash', '', '', '', '', '', '', '', '', '', '', '', '', '', '', NULL),
(3, 'MTM Motorshop', NULL, NULL, NULL, NULL, NULL, NULL, NULL, NULL, NULL, NULL, NULL, NULL, NULL, NULL, NULL),
(4, 'Alpine Sparkling', NULL, NULL, NULL, NULL, NULL, NULL, NULL, NULL, NULL, NULL, NULL, NULL, NULL, NULL, NULL),
(5, 'Edgar Malaki', NULL, NULL, NULL, NULL, NULL, NULL, NULL, NULL, NULL, NULL, NULL, NULL, NULL, NULL, NULL),
(6, 'LY Developers', '', '', '', '', '', '', '', '', '', '', '', '', '', '', NULL),
(7, 'Atillo', NULL, NULL, NULL, NULL, NULL, NULL, NULL, NULL, NULL, NULL, NULL, NULL, NULL, NULL, NULL),
(8, 'Venus Uy', NULL, NULL, NULL, NULL, NULL, NULL, NULL, NULL, NULL, NULL, NULL, NULL, NULL, NULL, NULL),
(9, 'Vincent Millanes', '', '', '', '', '', '', '', '', '', '', '', '', '', '', NULL),
(10, 'Ariel', NULL, NULL, NULL, NULL, NULL, NULL, NULL, NULL, NULL, NULL, NULL, NULL, NULL, NULL, NULL),
(11, 'Simon Maniego', NULL, NULL, NULL, NULL, NULL, NULL, NULL, NULL, NULL, NULL, NULL, NULL, NULL, NULL, NULL),
(12, 'Lino Marteja', NULL, NULL, NULL, NULL, NULL, NULL, NULL, NULL, NULL, NULL, NULL, NULL, NULL, NULL, NULL),
(13, 'Dodi Ruimbo', NULL, NULL, NULL, NULL, NULL, NULL, NULL, NULL, NULL, NULL, NULL, NULL, NULL, NULL, NULL),
(14, 'Tres Ninas', NULL, NULL, NULL, NULL, NULL, NULL, NULL, NULL, NULL, NULL, NULL, NULL, NULL, NULL, NULL),
(15, 'Melvin', NULL, NULL, NULL, NULL, NULL, NULL, NULL, NULL, NULL, NULL, NULL, NULL, NULL, NULL, NULL),
(16, 'DJ Concrete', NULL, NULL, NULL, NULL, NULL, NULL, NULL, NULL, NULL, NULL, NULL, NULL, NULL, NULL, NULL),
(17, 'La Verma', NULL, NULL, NULL, NULL, NULL, NULL, NULL, NULL, NULL, NULL, NULL, NULL, NULL, NULL, NULL),
(18, 'RRC Tires', NULL, NULL, NULL, NULL, NULL, NULL, NULL, NULL, NULL, NULL, NULL, NULL, NULL, NULL, NULL),
(19, 'Arnel Uy', NULL, NULL, NULL, NULL, NULL, NULL, NULL, NULL, NULL, NULL, NULL, NULL, NULL, NULL, NULL),
(20, 'Lou Laplap', NULL, NULL, NULL, NULL, NULL, NULL, NULL, NULL, NULL, NULL, NULL, NULL, NULL, NULL, NULL),
(21, 'James & Sam Spa & Accessories', NULL, NULL, NULL, NULL, NULL, NULL, NULL, NULL, NULL, NULL, NULL, NULL, NULL, NULL, NULL),
(22, 'Mely Que', NULL, NULL, NULL, NULL, NULL, NULL, NULL, NULL, NULL, NULL, NULL, NULL, NULL, NULL, NULL),
(23, 'Jonathan', NULL, NULL, '09175255037', NULL, NULL, NULL, NULL, NULL, NULL, NULL, NULL, NULL, NULL, NULL, NULL),
(24, 'Gateway Farms', NULL, NULL, '09173237621', NULL, NULL, NULL, NULL, NULL, NULL, NULL, NULL, NULL, NULL, NULL, NULL),
(25, 'Evelina F Blanco', NULL, NULL, '09062051749', NULL, NULL, NULL, NULL, NULL, NULL, NULL, NULL, NULL, NULL, NULL, NULL),
(26, 'Jacqueline T Loayon', '', '', '09277745081', '', '', '', '', '', '', '', '', '', '', '', NULL),
(27, 'DMLP Flores', NULL, NULL, '', NULL, NULL, NULL, NULL, NULL, NULL, NULL, NULL, NULL, NULL, NULL, NULL),
(28, 'Cesar S Bandolon', NULL, NULL, '09173215828', NULL, NULL, NULL, NULL, NULL, NULL, NULL, NULL, NULL, NULL, NULL, NULL),
(29, 'Darren', NULL, NULL, '', NULL, NULL, NULL, NULL, NULL, NULL, NULL, NULL, NULL, NULL, NULL, NULL),
(30, 'Raymon Gallano', NULL, NULL, '09326689549', NULL, NULL, NULL, NULL, NULL, NULL, NULL, NULL, NULL, NULL, NULL, NULL),
(31, '52nd IB Sta Rita', NULL, NULL, '09175195618', NULL, NULL, NULL, NULL, NULL, NULL, NULL, NULL, NULL, NULL, NULL, NULL),
(32, 'Chris Nicolas', NULL, NULL, '', NULL, NULL, NULL, NULL, NULL, NULL, NULL, NULL, NULL, NULL, NULL, NULL),
(33, 'Virjilio Abad', NULL, NULL, '09178259674', NULL, NULL, NULL, NULL, NULL, NULL, NULL, NULL, NULL, NULL, NULL, NULL),
(34, 'Sencio Lee', NULL, NULL, '', NULL, NULL, NULL, NULL, NULL, NULL, NULL, NULL, NULL, NULL, NULL, NULL),
(35, 'Cosmic Enterprises', NULL, NULL, '', NULL, NULL, NULL, NULL, NULL, NULL, NULL, NULL, NULL, NULL, NULL, NULL),
(36, 'Ryce D More', NULL, NULL, '', NULL, NULL, NULL, NULL, NULL, NULL, NULL, NULL, NULL, NULL, NULL, NULL),
(37, 'Nicia VIllafuerte', NULL, NULL, '09071099593', NULL, NULL, NULL, NULL, NULL, NULL, NULL, NULL, NULL, NULL, NULL, NULL),
(38, 'Tikoy', NULL, NULL, '', NULL, NULL, NULL, NULL, NULL, NULL, NULL, NULL, NULL, NULL, NULL, NULL),
(39, 'Noli', '', '', '09993155461', '', '', '', '', '', '', '', '', '', '', '', NULL),
(40, 'GTC Poultry Farm', NULL, NULL, '09173219352', NULL, NULL, NULL, NULL, NULL, NULL, NULL, NULL, NULL, NULL, NULL, NULL),
(41, 'Julius Cinco', NULL, NULL, '09265650556', NULL, NULL, NULL, NULL, NULL, NULL, NULL, NULL, NULL, NULL, NULL, NULL),
(42, 'IKHLAS Inc', NULL, NULL, '09771818219', NULL, NULL, NULL, NULL, NULL, NULL, NULL, NULL, NULL, NULL, NULL, NULL),
(43, 'Emmanuel Garfin', NULL, NULL, '09173112248', NULL, NULL, NULL, NULL, NULL, NULL, NULL, NULL, NULL, NULL, NULL, NULL),
(44, 'Ogie Garvoso', NULL, NULL, '09105797112', NULL, NULL, NULL, NULL, NULL, NULL, NULL, NULL, NULL, NULL, NULL, NULL),
(45, 'KMMC', NULL, NULL, '09255512078', NULL, NULL, NULL, NULL, NULL, NULL, NULL, NULL, NULL, NULL, NULL, NULL),
(46, 'Eleanor Red', NULL, NULL, '09217322813', NULL, NULL, NULL, NULL, NULL, NULL, NULL, NULL, NULL, NULL, NULL, NULL),
(47, 'Agnes Cuayzon', NULL, NULL, '09177057515', NULL, NULL, NULL, NULL, NULL, NULL, NULL, NULL, NULL, NULL, NULL, NULL),
(48, 'Senaida Versosa', '', '', '09215764300', '', '', '', '', '', '', '', '', '', '', '', NULL),
(49, 'Zyndy''s Builders & Construction Supply', NULL, NULL, '09178668331', NULL, NULL, NULL, NULL, NULL, NULL, NULL, NULL, NULL, NULL, NULL, NULL),
(50, 'Allan Yu', '', '', '09182053435', '', '', '', '', '', '', '', '', '', '', '', NULL),
(51, 'Fortune Farm', NULL, NULL, '09082925964', NULL, NULL, NULL, NULL, NULL, NULL, NULL, NULL, NULL, NULL, NULL, NULL),
(52, 'Jay Bioco', NULL, NULL, '3214012', NULL, NULL, NULL, NULL, NULL, NULL, NULL, NULL, NULL, NULL, NULL, NULL),
(53, 'Jose Aropu', NULL, NULL, '', NULL, NULL, NULL, NULL, NULL, NULL, NULL, NULL, NULL, NULL, NULL, NULL),
(54, 'Racky Balvarona', NULL, NULL, '09067069564', NULL, NULL, NULL, NULL, NULL, NULL, NULL, NULL, NULL, NULL, NULL, NULL),
(55, 'Jocelyn Tan', NULL, NULL, '', NULL, NULL, NULL, NULL, NULL, NULL, NULL, NULL, NULL, NULL, NULL, NULL),
(56, 'Marlon Tumambing', NULL, NULL, '09173060032', NULL, NULL, NULL, NULL, NULL, NULL, NULL, NULL, NULL, NULL, NULL, NULL),
(57, 'Paz Tamayo', NULL, NULL, '09194053184', NULL, NULL, NULL, NULL, NULL, NULL, NULL, NULL, NULL, NULL, NULL, NULL),
(58, 'Kyle Go', NULL, NULL, '', NULL, NULL, NULL, NULL, NULL, NULL, NULL, NULL, NULL, NULL, NULL, NULL),
(59, 'Sarah Obiena', NULL, NULL, '09205631605', NULL, NULL, NULL, NULL, NULL, NULL, NULL, NULL, NULL, NULL, NULL, NULL),
(60, 'Boyakx Bangcaray', NULL, NULL, '', NULL, NULL, NULL, NULL, NULL, NULL, NULL, NULL, NULL, NULL, NULL, NULL),
(61, 'Rhea Chua', NULL, NULL, '09269838504', NULL, NULL, NULL, NULL, NULL, NULL, NULL, NULL, NULL, NULL, NULL, NULL),
(62, 'Richard Yumul', NULL, NULL, '', NULL, NULL, NULL, NULL, NULL, NULL, NULL, NULL, NULL, NULL, NULL, NULL),
(63, 'Cesar Delon E Abad', NULL, NULL, '09399167692', NULL, NULL, NULL, NULL, NULL, NULL, NULL, NULL, NULL, NULL, NULL, NULL),
(64, 'Dorry Malate', NULL, NULL, '', NULL, NULL, NULL, NULL, NULL, NULL, NULL, NULL, NULL, NULL, NULL, NULL),
(65, 'Symon Maniego', NULL, NULL, '09399228652', NULL, NULL, NULL, NULL, NULL, NULL, NULL, NULL, NULL, NULL, NULL, NULL),
(66, 'Aqua Pure Purified Drinking Water', NULL, NULL, '09077967959', NULL, NULL, NULL, NULL, NULL, NULL, NULL, NULL, NULL, NULL, NULL, NULL),
(67, 'Herman Ojano', NULL, NULL, '09364535409', NULL, NULL, NULL, NULL, NULL, NULL, NULL, NULL, NULL, NULL, NULL, NULL),
(68, 'Eunel Tampus', NULL, NULL, '09272025558', NULL, NULL, NULL, NULL, NULL, NULL, NULL, NULL, NULL, NULL, NULL, NULL),
(69, 'Jennelyn Cahinde', NULL, NULL, '09305711634', NULL, NULL, NULL, NULL, NULL, NULL, NULL, NULL, NULL, NULL, NULL, NULL),
(70, 'Allan Lim', NULL, NULL, '09478967598', NULL, NULL, NULL, NULL, NULL, NULL, NULL, NULL, NULL, NULL, NULL, NULL),
(71, 'Dino S Peniastor', NULL, NULL, '09369702476', NULL, NULL, NULL, NULL, NULL, NULL, NULL, NULL, NULL, NULL, NULL, NULL),
(72, 'Len lyn', NULL, NULL, '09082725567', NULL, NULL, NULL, NULL, NULL, NULL, NULL, NULL, NULL, NULL, NULL, NULL),
(73, 'Montery meats shop', NULL, NULL, '', NULL, NULL, NULL, NULL, NULL, NULL, NULL, NULL, NULL, NULL, NULL, NULL),
(74, 'jhun cavanilias', NULL, NULL, '09993901842', NULL, NULL, NULL, NULL, NULL, NULL, NULL, NULL, NULL, NULL, NULL, NULL),
(75, 'BFC', NULL, NULL, '', NULL, NULL, NULL, NULL, NULL, NULL, NULL, NULL, NULL, NULL, NULL, NULL),
(76, 'Ian', NULL, NULL, '', NULL, NULL, NULL, NULL, NULL, NULL, NULL, NULL, NULL, NULL, NULL, NULL),
(77, 'Ricky', NULL, NULL, '09056986570', NULL, NULL, NULL, NULL, NULL, NULL, NULL, NULL, NULL, NULL, NULL, NULL),
(78, 'Franco', NULL, NULL, '09164751558', NULL, NULL, NULL, NULL, NULL, NULL, NULL, NULL, NULL, NULL, NULL, NULL),
(79, 'Annalyn Orias', NULL, NULL, '09197822703', NULL, NULL, NULL, NULL, NULL, NULL, NULL, NULL, NULL, NULL, NULL, NULL),
(80, 'Norman Abellonosa', NULL, NULL, '09084910833', NULL, NULL, NULL, NULL, NULL, NULL, NULL, NULL, NULL, NULL, NULL, NULL),
(81, 'Fransico Alburo', NULL, NULL, '09299588466', NULL, NULL, NULL, NULL, NULL, NULL, NULL, NULL, NULL, NULL, NULL, NULL),
(82, 'Superada', NULL, NULL, '', NULL, NULL, NULL, NULL, NULL, NULL, NULL, NULL, NULL, NULL, NULL, NULL),
(83, 'EUNIL LEITH', NULL, NULL, '', NULL, NULL, NULL, NULL, NULL, NULL, NULL, NULL, NULL, NULL, NULL, NULL),
(84, 'JEREMY', NULL, NULL, '', NULL, NULL, NULL, NULL, NULL, NULL, NULL, NULL, NULL, NULL, NULL, NULL),
(85, 'Alvin Nicolasora', NULL, NULL, '', NULL, NULL, NULL, NULL, NULL, NULL, NULL, NULL, NULL, NULL, NULL, NULL),
(86, 'shalom', NULL, NULL, '', NULL, NULL, NULL, NULL, NULL, NULL, NULL, NULL, NULL, NULL, NULL, NULL),
(87, 'tito ortega', NULL, NULL, '', NULL, NULL, NULL, NULL, NULL, NULL, NULL, NULL, NULL, NULL, NULL, NULL),
(88, 'Dutch Terero', '', '', '', '', '', '', '', '', '', '', '', '', '', '', NULL),
(89, 'Rex Morales', NULL, NULL, '', NULL, NULL, NULL, NULL, NULL, NULL, NULL, NULL, NULL, NULL, NULL, NULL),
(90, 'Duptours', NULL, NULL, '', NULL, NULL, NULL, NULL, NULL, NULL, NULL, NULL, NULL, NULL, NULL, NULL),
(91, 'Winnie cuaton', NULL, NULL, '', NULL, NULL, NULL, NULL, NULL, NULL, NULL, NULL, NULL, NULL, NULL, NULL),
(92, 'Sherwin Advincula', NULL, NULL, '', NULL, NULL, NULL, NULL, NULL, NULL, NULL, NULL, NULL, NULL, NULL, NULL),
(93, 'Ronnie', NULL, NULL, '', NULL, NULL, NULL, NULL, NULL, NULL, NULL, NULL, NULL, NULL, NULL, NULL),
(94, 'Aimee Julio', '', '', '', '', '', '', '', '', '', '', '', '', '', '', NULL),
(95, 'Derelco', NULL, NULL, '', NULL, NULL, NULL, NULL, NULL, NULL, NULL, NULL, NULL, NULL, NULL, NULL),
(96, 'John and Josua', NULL, NULL, '', NULL, NULL, NULL, NULL, NULL, NULL, NULL, NULL, NULL, NULL, NULL, NULL),
(97, 'Noel Sia', NULL, NULL, '', NULL, NULL, NULL, NULL, NULL, NULL, NULL, NULL, NULL, NULL, NULL, NULL),
(98, 'Phillip', '', '', '09052986895', '', '', '', '', '', '', '', '', '', '', '', NULL),
(99, 'Ryan Ibanez', '', '', '0917-327-7804', '', '', '', '', '', '', '', '', '', '', '', NULL),
(100, 'Bryan', NULL, NULL, '', NULL, NULL, NULL, NULL, NULL, NULL, NULL, NULL, NULL, NULL, NULL, NULL),
(101, 'carlito', NULL, NULL, '', NULL, NULL, NULL, NULL, NULL, NULL, NULL, NULL, NULL, NULL, NULL, NULL),
(102, 'banly  Cris', NULL, NULL, '', NULL, NULL, NULL, NULL, NULL, NULL, NULL, NULL, NULL, NULL, NULL, NULL),
(103, 'Marjorie', NULL, NULL, '', NULL, NULL, NULL, NULL, NULL, NULL, NULL, NULL, NULL, NULL, NULL, NULL),
(104, 'Gemma', NULL, NULL, '', NULL, NULL, NULL, NULL, NULL, NULL, NULL, NULL, NULL, NULL, NULL, NULL),
(105, 'Edith', NULL, NULL, '', NULL, NULL, NULL, NULL, NULL, NULL, NULL, NULL, NULL, NULL, NULL, NULL),
(106, 'Jet', NULL, NULL, '', NULL, NULL, NULL, NULL, NULL, NULL, NULL, NULL, NULL, NULL, NULL, NULL),
(107, 'Mila', NULL, NULL, '', NULL, NULL, NULL, NULL, NULL, NULL, NULL, NULL, NULL, NULL, NULL, NULL),
(108, 'JECS Constructions', NULL, NULL, '', NULL, NULL, NULL, NULL, NULL, NULL, NULL, NULL, NULL, NULL, NULL, NULL),
(109, 'Rosaline Solitario', NULL, NULL, '', NULL, NULL, NULL, NULL, NULL, NULL, NULL, NULL, NULL, NULL, NULL, NULL),
(110, 'Carly', NULL, NULL, '', NULL, NULL, NULL, NULL, NULL, NULL, NULL, NULL, NULL, NULL, NULL, NULL),
(111, 'Leo', NULL, NULL, '', NULL, NULL, NULL, NULL, NULL, NULL, NULL, NULL, NULL, NULL, NULL, NULL),
(112, 'Molafcor Lines', NULL, NULL, '', NULL, NULL, NULL, NULL, NULL, NULL, NULL, NULL, NULL, NULL, NULL, NULL),
(113, 'Kristian Pacampara', NULL, NULL, '', NULL, NULL, NULL, NULL, NULL, NULL, NULL, NULL, NULL, NULL, NULL, NULL),
(114, 'Ledwino Macariola', NULL, NULL, '', NULL, NULL, NULL, NULL, NULL, NULL, NULL, NULL, NULL, NULL, NULL, NULL),
(115, 'Benny Mendoza', NULL, NULL, '', NULL, NULL, NULL, NULL, NULL, NULL, NULL, NULL, NULL, NULL, NULL, NULL),
(116, 'Dower Enterprise', NULL, NULL, '', NULL, NULL, NULL, NULL, NULL, NULL, NULL, NULL, NULL, NULL, NULL, NULL),
(117, 'Ronnie Mensones', NULL, NULL, '', NULL, NULL, NULL, NULL, NULL, NULL, NULL, NULL, NULL, NULL, NULL, NULL),
(118, 'angel', NULL, NULL, '', NULL, NULL, NULL, NULL, NULL, NULL, NULL, NULL, NULL, NULL, NULL, NULL),
(119, 'Carlos Rosaldo', NULL, NULL, '', NULL, NULL, NULL, NULL, NULL, NULL, NULL, NULL, NULL, NULL, NULL, NULL),
(120, 'Ruben Bacalaoloyo', NULL, NULL, '', NULL, NULL, NULL, NULL, NULL, NULL, NULL, NULL, NULL, NULL, NULL, NULL),
(121, 'Analisa Yu', NULL, NULL, '', NULL, NULL, NULL, NULL, NULL, NULL, NULL, NULL, NULL, NULL, NULL, NULL),
(122, 'Fe', NULL, NULL, '', NULL, NULL, NULL, NULL, NULL, NULL, NULL, NULL, NULL, NULL, NULL, NULL),
(123, 'Dimple', NULL, NULL, '', NULL, NULL, NULL, NULL, NULL, NULL, NULL, NULL, NULL, NULL, NULL, NULL),
(124, 'Bolito', NULL, NULL, '', NULL, NULL, NULL, NULL, NULL, NULL, NULL, NULL, NULL, NULL, NULL, NULL),
(125, 'Power flex', NULL, NULL, '', NULL, NULL, NULL, NULL, NULL, NULL, NULL, NULL, NULL, NULL, NULL, NULL),
(126, 'Tab One', NULL, NULL, '', NULL, NULL, NULL, NULL, NULL, NULL, NULL, NULL, NULL, NULL, NULL, NULL),
(127, 'True Works Construction', NULL, NULL, '', NULL, NULL, NULL, NULL, NULL, NULL, NULL, NULL, NULL, NULL, NULL, NULL),
(128, 'Lorena', NULL, NULL, '', NULL, NULL, NULL, NULL, NULL, NULL, NULL, NULL, NULL, NULL, NULL, NULL),
(129, 'Anilyn Guerreiro', NULL, NULL, '', NULL, NULL, NULL, NULL, NULL, NULL, NULL, NULL, NULL, NULL, NULL, NULL),
(130, 'Diony', '', '', '0917-3482488', '', '', '', '', '', '', '', '', '', '', '', NULL),
(131, 'PAYO', NULL, NULL, '', NULL, NULL, NULL, NULL, NULL, NULL, NULL, NULL, NULL, NULL, NULL, NULL),
(132, 'Philippine Red Cross', NULL, NULL, '', NULL, NULL, NULL, NULL, NULL, NULL, NULL, NULL, NULL, NULL, NULL, NULL),
(133, 'Cris', NULL, NULL, '', NULL, NULL, NULL, NULL, NULL, NULL, NULL, NULL, NULL, NULL, NULL, NULL),
(134, 'Taldo', NULL, NULL, '', NULL, NULL, NULL, NULL, NULL, NULL, NULL, NULL, NULL, NULL, NULL, NULL),
(135, 'Norman', NULL, NULL, '', NULL, NULL, NULL, NULL, NULL, NULL, NULL, NULL, NULL, NULL, NULL, NULL),
(136, 'Vince', NULL, NULL, '', NULL, NULL, NULL, NULL, NULL, NULL, NULL, NULL, NULL, NULL, NULL, NULL),
(137, 'Vinie mendoza', NULL, NULL, '', NULL, NULL, NULL, NULL, NULL, NULL, NULL, NULL, NULL, NULL, NULL, NULL),
(138, 'Dominador', '', '', '', '', '', '', '', '', '', '', '', '', '', '', NULL),
(139, 'Gabino Sabando', NULL, NULL, '', NULL, NULL, NULL, NULL, NULL, NULL, NULL, NULL, NULL, NULL, NULL, NULL),
(140, 'Vince M', NULL, NULL, '', NULL, NULL, NULL, NULL, NULL, NULL, NULL, NULL, NULL, NULL, NULL, NULL),
(141, 'Chris Brebante', '', '', '0917-825-1093', '', '', 'chrisbrebante@yahoo.com', '', '', '', '', '', '', '', '', NULL),
(142, 'Engr. Limbaron', '', '', '0906-3260730', '', '', '', '', '', '', '', '', '', '', '', NULL),
(143, 'Danny Miralles', NULL, NULL, '', NULL, NULL, NULL, NULL, NULL, NULL, NULL, NULL, NULL, NULL, NULL, NULL),
(144, 'Boboy Acquin', NULL, NULL, '', NULL, NULL, NULL, NULL, NULL, NULL, NULL, NULL, NULL, NULL, NULL, NULL),
(145, 'Mario', NULL, NULL, '', NULL, NULL, NULL, NULL, NULL, NULL, NULL, NULL, NULL, NULL, NULL, NULL),
(146, 'Briana Apawan', NULL, NULL, '', NULL, NULL, NULL, NULL, NULL, NULL, NULL, NULL, NULL, NULL, NULL, NULL),
(147, 'La Verma Construction', NULL, NULL, '', NULL, NULL, NULL, NULL, NULL, NULL, NULL, NULL, NULL, NULL, NULL, NULL),
(148, 'Mighty Ace Construction', NULL, NULL, '', NULL, NULL, NULL, NULL, NULL, NULL, NULL, NULL, NULL, NULL, NULL, NULL),
(149, 'Marlene', NULL, NULL, '', NULL, NULL, NULL, NULL, NULL, NULL, NULL, NULL, NULL, NULL, NULL, NULL),
(150, 'Virgoyoa', NULL, NULL, '', NULL, NULL, NULL, NULL, NULL, NULL, NULL, NULL, NULL, NULL, NULL, NULL),
(151, 'PLC', NULL, NULL, '', NULL, NULL, NULL, NULL, NULL, NULL, NULL, NULL, NULL, NULL, NULL, NULL),
(152, 'PCI', NULL, NULL, '', NULL, NULL, NULL, NULL, NULL, NULL, NULL, NULL, NULL, NULL, NULL, NULL),
(153, 'Gerry Campo', NULL, NULL, '', NULL, NULL, NULL, NULL, NULL, NULL, NULL, NULL, NULL, NULL, NULL, NULL),
(154, 'Marcos Marvin', NULL, NULL, '', NULL, NULL, NULL, NULL, NULL, NULL, NULL, NULL, NULL, NULL, NULL, NULL),
(155, 'Manny Ayon', NULL, NULL, '', NULL, NULL, NULL, NULL, NULL, NULL, NULL, NULL, NULL, NULL, NULL, NULL),
(156, 'Rony Olino', NULL, NULL, '', NULL, NULL, NULL, NULL, NULL, NULL, NULL, NULL, NULL, NULL, NULL, NULL),
(157, 'Jr Uyson', NULL, NULL, '', NULL, NULL, NULL, NULL, NULL, NULL, NULL, NULL, NULL, NULL, NULL, NULL),
(158, 'Rocky', NULL, NULL, '', NULL, NULL, NULL, NULL, NULL, NULL, NULL, NULL, NULL, NULL, NULL, NULL),
(159, 'DCSA-Jp Diocese of Borongan', NULL, NULL, '', NULL, NULL, NULL, NULL, NULL, NULL, NULL, NULL, NULL, NULL, NULL, NULL),
(160, 'Lanoy Construction', NULL, NULL, '', NULL, NULL, NULL, NULL, NULL, NULL, NULL, NULL, NULL, NULL, NULL, NULL),
(161, 'ruby', NULL, NULL, '', NULL, NULL, NULL, NULL, NULL, NULL, NULL, NULL, NULL, NULL, NULL, NULL),
(162, 'Mighty ace', NULL, NULL, '', NULL, NULL, NULL, NULL, NULL, NULL, NULL, NULL, NULL, NULL, NULL, NULL),
(163, 'Danny', NULL, NULL, '', NULL, NULL, NULL, NULL, NULL, NULL, NULL, NULL, NULL, NULL, NULL, NULL),
(164, 'Robert', NULL, NULL, '', NULL, NULL, NULL, NULL, NULL, NULL, NULL, NULL, NULL, NULL, NULL, NULL),
(165, 'Nalda Trinidad', NULL, NULL, '', NULL, NULL, NULL, NULL, NULL, NULL, NULL, NULL, NULL, NULL, NULL, NULL),
(166, 'New Golden Rock', NULL, NULL, '', NULL, NULL, NULL, NULL, NULL, NULL, NULL, NULL, NULL, NULL, NULL, NULL),
(167, 'Marino Braziro', NULL, NULL, '', NULL, NULL, NULL, NULL, NULL, NULL, NULL, NULL, NULL, NULL, NULL, NULL),
(168, 'Marvin', NULL, NULL, '', NULL, NULL, NULL, NULL, NULL, NULL, NULL, NULL, NULL, NULL, NULL, NULL),
(169, 'Artemnio', NULL, NULL, '', NULL, NULL, NULL, NULL, NULL, NULL, NULL, NULL, NULL, NULL, NULL, NULL),
(170, 'Herbana Buiders and Supply', NULL, NULL, '09203891994', NULL, NULL, NULL, NULL, NULL, NULL, NULL, NULL, NULL, NULL, NULL, NULL),
(171, 'Lando Gino', NULL, NULL, '', NULL, NULL, NULL, NULL, NULL, NULL, NULL, NULL, NULL, NULL, NULL, NULL),
(172, 'Tm Construction', NULL, NULL, '', NULL, NULL, NULL, NULL, NULL, NULL, NULL, NULL, NULL, NULL, NULL, NULL),
(173, 'dutz', NULL, NULL, '', NULL, NULL, NULL, NULL, NULL, NULL, NULL, NULL, NULL, NULL, NULL, NULL),
(174, 'Jemsel Valdez', NULL, NULL, '', NULL, NULL, NULL, NULL, NULL, NULL, NULL, NULL, NULL, NULL, NULL, NULL),
(175, 'Joan Berbasa', NULL, NULL, '', NULL, NULL, NULL, NULL, NULL, NULL, NULL, NULL, NULL, NULL, NULL, NULL),
(176, 'Fire Volounter', NULL, NULL, '', NULL, NULL, NULL, NULL, NULL, NULL, NULL, NULL, NULL, NULL, NULL, NULL),
(177, 'chito', NULL, NULL, '', NULL, NULL, NULL, NULL, NULL, NULL, NULL, NULL, NULL, NULL, NULL, NULL),
(178, 'mariefe  galan', NULL, NULL, '', NULL, NULL, NULL, NULL, NULL, NULL, NULL, NULL, NULL, NULL, NULL, NULL),
(179, 'Oscar Nunez', NULL, NULL, '', NULL, NULL, NULL, NULL, NULL, NULL, NULL, NULL, NULL, NULL, NULL, NULL),
(180, '09305130636', NULL, NULL, '', NULL, NULL, NULL, NULL, NULL, NULL, NULL, NULL, NULL, NULL, NULL, NULL),
(181, 'Jomar De la Cruz', NULL, NULL, '', NULL, NULL, NULL, NULL, NULL, NULL, NULL, NULL, NULL, NULL, NULL, NULL),
(182, 'Emang Macabare', NULL, NULL, '', NULL, NULL, NULL, NULL, NULL, NULL, NULL, NULL, NULL, NULL, NULL, NULL),
(183, 'wilardo sinahon', NULL, NULL, '', NULL, NULL, NULL, NULL, NULL, NULL, NULL, NULL, NULL, NULL, NULL, NULL),
(184, 'Cristine', NULL, NULL, '', NULL, NULL, NULL, NULL, NULL, NULL, NULL, NULL, NULL, NULL, NULL, NULL),
(185, 'Mario Bantilan', NULL, NULL, '', NULL, NULL, NULL, NULL, NULL, NULL, NULL, NULL, NULL, NULL, NULL, NULL),
(186, 'Red Cross', NULL, NULL, '', NULL, NULL, NULL, NULL, NULL, NULL, NULL, NULL, NULL, NULL, NULL, NULL),
(187, 'ANJ Marketings', NULL, NULL, '', NULL, NULL, NULL, NULL, NULL, NULL, NULL, NULL, NULL, NULL, NULL, NULL),
(188, 'Manayon', NULL, NULL, '', NULL, NULL, NULL, NULL, NULL, NULL, NULL, NULL, NULL, NULL, NULL, NULL),
(189, 'A 1 Milling', NULL, NULL, '', NULL, NULL, NULL, NULL, NULL, NULL, NULL, NULL, NULL, NULL, NULL, NULL),
(190, 'Doven Sabulao', NULL, NULL, '', NULL, NULL, NULL, NULL, NULL, NULL, NULL, NULL, NULL, NULL, NULL, NULL),
(191, 'Mylene Julio', NULL, NULL, '', NULL, NULL, NULL, NULL, NULL, NULL, NULL, NULL, NULL, NULL, NULL, NULL),
(192, 'JB', NULL, NULL, '', NULL, NULL, NULL, NULL, NULL, NULL, NULL, NULL, NULL, NULL, NULL, NULL),
(193, 'Bernard Chua', '', '', '', '', '', '', '', '', '', '', '', '', '', '', NULL),
(194, 'Jessie Tiy', NULL, NULL, '', NULL, NULL, NULL, NULL, NULL, NULL, NULL, NULL, NULL, NULL, NULL, NULL),
(195, 'Gleen Sevillana', NULL, NULL, '', NULL, NULL, NULL, NULL, NULL, NULL, NULL, NULL, NULL, NULL, NULL, NULL),
(196, 'Alma Andoy', NULL, NULL, '', NULL, NULL, NULL, NULL, NULL, NULL, NULL, NULL, NULL, NULL, NULL, NULL),
(197, 'Custorio Construction', NULL, NULL, '', NULL, NULL, NULL, NULL, NULL, NULL, NULL, NULL, NULL, NULL, NULL, NULL),
(198, 'Edward Masindo', NULL, NULL, '', NULL, NULL, NULL, NULL, NULL, NULL, NULL, NULL, NULL, NULL, NULL, NULL),
(199, 'Raul', NULL, NULL, '', NULL, NULL, NULL, NULL, NULL, NULL, NULL, NULL, NULL, NULL, NULL, NULL),
(200, 'Tlmp Flores', NULL, NULL, '', NULL, NULL, NULL, NULL, NULL, NULL, NULL, NULL, NULL, NULL, NULL, NULL),
(201, 'Melvin Kadayon', NULL, NULL, '', NULL, NULL, NULL, NULL, NULL, NULL, NULL, NULL, NULL, NULL, NULL, NULL),
(202, 'DFC Motors', NULL, NULL, '', NULL, NULL, NULL, NULL, NULL, NULL, NULL, NULL, NULL, NULL, NULL, NULL),
(203, 'Cosme Tiongko', NULL, NULL, '09474529687', NULL, NULL, NULL, NULL, NULL, NULL, NULL, NULL, NULL, NULL, NULL, NULL),
(204, 'MOntery meat shop', NULL, NULL, '09273244911', NULL, NULL, NULL, NULL, NULL, NULL, NULL, NULL, NULL, NULL, NULL, NULL),
(205, 'ETL Construction', NULL, NULL, '0906-3566060', NULL, NULL, NULL, NULL, NULL, NULL, NULL, NULL, NULL, NULL, NULL, NULL),
(206, 'Ernestina Pacho', NULL, NULL, '09062525857', NULL, NULL, NULL, NULL, NULL, NULL, NULL, NULL, NULL, NULL, NULL, NULL),
(207, 'Vkr/A1 Milling', NULL, NULL, '', NULL, NULL, NULL, NULL, NULL, NULL, NULL, NULL, NULL, NULL, NULL, NULL),
(208, 'Ambing Garcia', NULL, NULL, '09981716082', NULL, NULL, NULL, NULL, NULL, NULL, NULL, NULL, NULL, NULL, NULL, NULL),
(209, 'AIYU Builders', NULL, NULL, '09286169414', NULL, NULL, NULL, NULL, NULL, NULL, NULL, NULL, NULL, NULL, NULL, NULL),
(210, 'Gilbert Lanoy', NULL, NULL, '099898960024', NULL, NULL, NULL, NULL, NULL, NULL, NULL, NULL, NULL, NULL, NULL, NULL),
(211, 'Janielito Real', NULL, NULL, '09175142959', NULL, NULL, NULL, NULL, NULL, NULL, NULL, NULL, NULL, NULL, NULL, NULL),
(212, 'Oscar Enalisan', NULL, NULL, '09216653881', NULL, NULL, NULL, NULL, NULL, NULL, NULL, NULL, NULL, NULL, NULL, NULL),
(213, 'Ariel Propios', NULL, NULL, '09173525537', NULL, NULL, NULL, NULL, NULL, NULL, NULL, NULL, NULL, NULL, NULL, NULL),
(214, 'Sarie Flores', NULL, NULL, '09176582620', NULL, NULL, NULL, NULL, NULL, NULL, NULL, NULL, NULL, NULL, NULL, NULL),
(215, 'Joseph Uddin', NULL, NULL, '09277255238', NULL, NULL, NULL, NULL, NULL, NULL, NULL, NULL, NULL, NULL, NULL, NULL),
(216, 'JSFTC', NULL, NULL, '09433496696', NULL, NULL, NULL, NULL, NULL, NULL, NULL, NULL, NULL, NULL, NULL, NULL),
(217, 'Boy Jipe', NULL, NULL, '09109244225', NULL, NULL, NULL, NULL, NULL, NULL, NULL, NULL, NULL, NULL, NULL, NULL),
(218, 'Ace Vergel', NULL, NULL, '0910897535', NULL, NULL, NULL, NULL, NULL, NULL, NULL, NULL, NULL, NULL, NULL, NULL),
(219, 'JJTP', NULL, NULL, '09163383525', NULL, NULL, NULL, NULL, NULL, NULL, NULL, NULL, NULL, NULL, NULL, NULL),
(220, 'Isagani Torregoza', NULL, NULL, '09481370259', NULL, NULL, NULL, NULL, NULL, NULL, NULL, NULL, NULL, NULL, NULL, NULL),
(221, 'Via Blanca', NULL, NULL, '09772101257', NULL, NULL, NULL, NULL, NULL, NULL, NULL, NULL, NULL, NULL, NULL, NULL),
(222, 'Alan Alda', NULL, NULL, '09165102376', NULL, NULL, NULL, NULL, NULL, NULL, NULL, NULL, NULL, NULL, NULL, NULL),
(223, 'Guzam', NULL, NULL, '09074209675', NULL, NULL, NULL, NULL, NULL, NULL, NULL, NULL, NULL, NULL, NULL, NULL),
(224, 'Paulino Silleza', NULL, NULL, '09393038075', NULL, NULL, NULL, NULL, NULL, NULL, NULL, NULL, NULL, NULL, NULL, NULL),
(225, 'Jaypee Pormide', NULL, NULL, '091772304425', NULL, NULL, NULL, NULL, NULL, NULL, NULL, NULL, NULL, NULL, NULL, NULL),
(226, 'Christian', NULL, NULL, '09179257117', NULL, NULL, NULL, NULL, NULL, NULL, NULL, NULL, NULL, NULL, NULL, NULL),
(227, 'Asacio Hotel', NULL, NULL, '09995002023', NULL, NULL, NULL, NULL, NULL, NULL, NULL, NULL, NULL, NULL, NULL, NULL),
(228, 'Offshore Construction', NULL, NULL, '09176999949', NULL, NULL, NULL, NULL, NULL, NULL, NULL, NULL, NULL, NULL, NULL, NULL),
(229, 'michael angelo perido', NULL, NULL, '', NULL, NULL, NULL, NULL, NULL, NULL, NULL, NULL, NULL, NULL, NULL, NULL),
(230, 'Nick  Mes', NULL, NULL, '09173270962', NULL, NULL, NULL, NULL, NULL, NULL, NULL, NULL, NULL, NULL, NULL, NULL),
(231, 'Reamae Nunez', NULL, NULL, '09068864336', NULL, NULL, NULL, NULL, NULL, NULL, NULL, NULL, NULL, NULL, NULL, NULL),
(232, 'Nonoy Dangcalan', NULL, NULL, '09351313987', NULL, NULL, NULL, NULL, NULL, NULL, NULL, NULL, NULL, NULL, NULL, NULL),
(233, 'Emelda Gayas', NULL, NULL, '09991355461', NULL, NULL, NULL, NULL, NULL, NULL, NULL, NULL, NULL, NULL, NULL, NULL),
(234, 'Butchoy Mirelles', NULL, NULL, '', NULL, NULL, NULL, NULL, NULL, NULL, NULL, NULL, NULL, NULL, NULL, NULL),
(235, 'Jim and  Sam  Car Spa', NULL, NULL, '09277944424', NULL, NULL, NULL, NULL, NULL, NULL, NULL, NULL, NULL, NULL, NULL, NULL),
(236, 'Carlos Castillo', NULL, NULL, '09297948097', NULL, NULL, NULL, NULL, NULL, NULL, NULL, NULL, NULL, NULL, NULL, NULL),
(237, 'Rex', NULL, NULL, '09989894846', NULL, NULL, NULL, NULL, NULL, NULL, NULL, NULL, NULL, NULL, NULL, NULL),
(238, 'Meliton', NULL, NULL, '', NULL, NULL, NULL, NULL, NULL, NULL, NULL, NULL, NULL, NULL, NULL, NULL),
(239, 'GTC', NULL, NULL, '09173219352', NULL, NULL, NULL, NULL, NULL, NULL, NULL, NULL, NULL, NULL, NULL, NULL),
(240, 'Eva Orbaneha', NULL, NULL, '', NULL, NULL, NULL, NULL, NULL, NULL, NULL, NULL, NULL, NULL, NULL, NULL),
(241, 'Keith Quejida', NULL, NULL, '09232424663', NULL, NULL, NULL, NULL, NULL, NULL, NULL, NULL, NULL, NULL, NULL, NULL),
(242, 'Frank Semanes', NULL, NULL, '09279133390', NULL, NULL, NULL, NULL, NULL, NULL, NULL, NULL, NULL, NULL, NULL, NULL),
(243, 'Boy', NULL, NULL, '', NULL, NULL, NULL, NULL, NULL, NULL, NULL, NULL, NULL, NULL, NULL, NULL),
(244, 'Kalipayan buliders', NULL, NULL, '', NULL, NULL, NULL, NULL, NULL, NULL, NULL, NULL, NULL, NULL, NULL, NULL),
(245, 'BMF', NULL, NULL, '', NULL, NULL, NULL, NULL, NULL, NULL, NULL, NULL, NULL, NULL, NULL, NULL),
(246, 'Melvin Cadayong', NULL, NULL, '', NULL, NULL, NULL, NULL, NULL, NULL, NULL, NULL, NULL, NULL, NULL, NULL),
(247, 'Balais Sergio', NULL, NULL, '', NULL, NULL, NULL, NULL, NULL, NULL, NULL, NULL, NULL, NULL, NULL, NULL),
(248, 'Soni Villegas', NULL, NULL, '', NULL, NULL, NULL, NULL, NULL, NULL, NULL, NULL, NULL, NULL, NULL, NULL),
(249, 'Romy', NULL, NULL, '', NULL, NULL, NULL, NULL, NULL, NULL, NULL, NULL, NULL, NULL, NULL, NULL),
(250, 'Jeffrey Chua', NULL, NULL, '', NULL, NULL, NULL, NULL, NULL, NULL, NULL, NULL, NULL, NULL, NULL, NULL),
(251, 'Mafic Bagol', NULL, NULL, '', NULL, NULL, NULL, NULL, NULL, NULL, NULL, NULL, NULL, NULL, NULL, NULL),
(252, ' Morales CONSTRUSTION', NULL, NULL, '', NULL, NULL, NULL, NULL, NULL, NULL, NULL, NULL, NULL, NULL, NULL, NULL),
(253, 'Aqua la vita', NULL, NULL, '', NULL, NULL, NULL, NULL, NULL, NULL, NULL, NULL, NULL, NULL, NULL, NULL),
(254, 'Susan Cellona', NULL, NULL, '', NULL, NULL, NULL, NULL, NULL, NULL, NULL, NULL, NULL, NULL, NULL, NULL),
(255, 'Felix suavillo', NULL, NULL, '', NULL, NULL, NULL, NULL, NULL, NULL, NULL, NULL, NULL, NULL, NULL, NULL),
(256, 'Cosmic Entripreses', NULL, NULL, '', NULL, NULL, NULL, NULL, NULL, NULL, NULL, NULL, NULL, NULL, NULL, NULL),
(257, 'Carlos Cordero', NULL, NULL, '', NULL, NULL, NULL, NULL, NULL, NULL, NULL, NULL, NULL, NULL, NULL, NULL),
(258, 'Benard Cubalang', NULL, NULL, '', NULL, NULL, NULL, NULL, NULL, NULL, NULL, NULL, NULL, NULL, NULL, NULL),
(259, 'Nonoy', NULL, NULL, '', NULL, NULL, NULL, NULL, NULL, NULL, NULL, NULL, NULL, NULL, NULL, NULL),
(260, 'Rey Condalor', NULL, NULL, '', NULL, NULL, NULL, NULL, NULL, NULL, NULL, NULL, NULL, NULL, NULL, NULL),
(261, 'Laura Adelante', NULL, NULL, '', NULL, NULL, NULL, NULL, NULL, NULL, NULL, NULL, NULL, NULL, NULL, NULL),
(262, 'Acacio Hotel', NULL, NULL, '09995002023', NULL, NULL, NULL, NULL, NULL, NULL, NULL, NULL, NULL, NULL, NULL, NULL),
(263, 'Nicolas Tire Center', NULL, NULL, '', NULL, NULL, NULL, NULL, NULL, NULL, NULL, NULL, NULL, NULL, NULL, NULL),
(264, 'Aiza Elic', NULL, NULL, '', NULL, NULL, NULL, NULL, NULL, NULL, NULL, NULL, NULL, NULL, NULL, NULL),
(265, 'manolo', NULL, NULL, '', NULL, NULL, NULL, NULL, NULL, NULL, NULL, NULL, NULL, NULL, NULL, NULL);

-- --------------------------------------------------------

--
-- Table structure for table `customer_order`
--

CREATE TABLE IF NOT EXISTS `customer_order` (
  `id` int(11) NOT NULL AUTO_INCREMENT,
  `customer_id` int(11) NOT NULL,
  `customer_name` varchar(50) DEFAULT NULL,
  `customer_phone` varchar(50) DEFAULT NULL,
  `date` date NOT NULL,
  `description` text NOT NULL,
  `status` enum('Pending','Ordered','Arrived','Sold') NOT NULL,
  `is_cancelled` enum('False','True') NOT NULL DEFAULT 'False',
  PRIMARY KEY (`id`),
  KEY `customer_id` (`customer_id`)
) ENGINE=InnoDB  DEFAULT CHARSET=latin1 AUTO_INCREMENT=2 ;

--
-- Dumping data for table `customer_order`
--

INSERT INTO `customer_order` (`id`, `customer_id`, `customer_name`, `customer_phone`, `date`, `description`, `status`, `is_cancelled`) VALUES
(1, 3, '', '', '2016-01-20', 'asdf', 'Pending', 'False');

-- --------------------------------------------------------

--
-- Table structure for table `employee`
--

CREATE TABLE IF NOT EXISTS `employee` (
  `id` int(11) NOT NULL AUTO_INCREMENT,
  `name` varchar(100) NOT NULL,
  `username` varchar(50) NOT NULL DEFAULT '',
  `commission` int(11) NOT NULL,
  `is_technician` tinyint(11) NOT NULL,
  PRIMARY KEY (`id`),
  UNIQUE KEY `name` (`name`)
) ENGINE=InnoDB  DEFAULT CHARSET=latin1 AUTO_INCREMENT=9 ;

--
-- Dumping data for table `employee`
--

INSERT INTO `employee` (`id`, `name`, `username`, `commission`, `is_technician`) VALUES
(1, 'Jasper Tomas', 'sales', 0, 0),
(2, 'Jonathan Tomas', '', 0, 0),
(7, 'Eleanor Buhay', 'Sales', 0, 0),
(8, 'Lucio Entero', '', 100, 1);

-- --------------------------------------------------------

--
-- Table structure for table `event`
--

CREATE TABLE IF NOT EXISTS `event` (
  `id` int(11) NOT NULL AUTO_INCREMENT,
  `type` varchar(20) NOT NULL,
  `parent_class` varchar(20) NOT NULL,
  `parent_id` int(11) NOT NULL,
  `parent_name` varchar(20) DEFAULT NULL,
  `child_class` varchar(20) DEFAULT NULL,
  `children_id` varchar(10) DEFAULT NULL,
  `date` date NOT NULL,
  `amount` decimal(10,2) DEFAULT NULL,
  `detail1` varchar(20) DEFAULT NULL,
  `detail2` varchar(20) DEFAULT NULL,
  `detail3` varchar(20) DEFAULT NULL,
  `notes` text,
  `is_cancelled` tinyint(4) NOT NULL DEFAULT '0',
  `checkcleardate` date DEFAULT NULL,
  PRIMARY KEY (`id`)
) ENGINE=InnoDB  DEFAULT CHARSET=latin1 AUTO_INCREMENT=16 ;

--
-- Dumping data for table `event`
--

INSERT INTO `event` (`id`, `type`, `parent_class`, `parent_id`, `parent_name`, `child_class`, `children_id`, `date`, `amount`, `detail1`, `detail2`, `detail3`, `notes`, `is_cancelled`, `checkcleardate`) VALUES
(1, 'CashCollect', 'Invoice', 32, '0011', 'Accountentry', '42 43', '2015-08-13', 1500.00, '', '', '', '', 0, NULL),
(2, 'ChequeCollect', 'Invoice', 57, '0023', 'Accountentry', '77 78', '2015-08-28', 7000.00, '', '', '', '', 0, '2015-08-28'),
(3, 'CashCollect', 'Invoice', 53, '0019', 'Accountentry', '89 90', '2015-09-01', 4590.00, '', '', '', '', 0, '2015-09-01'),
(4, 'CashCollect', 'Invoice', 99, '0049', 'Accountentry', '111 112', '2015-09-10', 780.00, '', '', '', '', 0, NULL),
(5, 'ChequeCollect', 'Invoice', 135, '0070', 'Accountentry', '113 114', '2015-09-10', 12202.50, '', '', '', '', 0, '2015-09-11'),
(8, 'ChequeCollect', 'Invoice', 103, '0051', 'Accountentry', '124 125', '2015-09-14', 14000.00, '', '', '', 'Bank to Bank Deposited to MTB Lily O Tomas Tacloban', 0, '2015-09-14'),
(9, 'CashCollect', 'Invoice', 76, '0036', 'Accountentry', '135 136', '2015-09-17', 7600.00, '', '', '', '', 0, NULL),
(10, 'CashCollect', 'Invoice', 152, '0077', 'Accountentry', '137 138', '2015-09-18', 4900.00, '', '', '', '', 0, NULL),
(11, 'CashCollect', 'Invoice', 314, '21618', 'Accountentry', '214 215', '2015-11-09', 18.79, '', '', '', '', 0, NULL),
(12, 'ChequeCollect', 'Invoice', 146, '21979', 'Accountentry', '244 245', '2015-11-25', 390.00, '', '', '', '', 0, '2015-11-25'),
(13, 'ChequeCollect', 'Invoice', 97, '21973', 'Accountentry', '246 247', '2015-11-25', 1850.00, '', '', '', '', 0, '2015-11-25'),
(14, 'CashCollect', 'Invoice', 403, '000242', 'Accountentry', '248 249', '2015-12-09', 13300.00, '', '', '', 'fully paid', 0, NULL),
(15, 'ChequeCollect', 'Invoice', 405, '000244', 'Accountentry', '260 261', '2015-12-15', 50371.25, '', '', '', 'Bank To Bank', 0, '2015-12-10');

-- --------------------------------------------------------

--
-- Table structure for table `invoice`
--

CREATE TABLE IF NOT EXISTS `invoice` (
  `id` int(11) NOT NULL AUTO_INCREMENT,
  `customer_id` int(11) NOT NULL,
  `customer_name` varchar(50) DEFAULT NULL,
  `customer_phone` varchar(50) DEFAULT NULL,
  `invno` varchar(20) NOT NULL,
  `ponumber` varchar(20) DEFAULT NULL,
  `notes` text,
  `payonly` decimal(10,2) DEFAULT NULL,
  `total` decimal(10,2) DEFAULT NULL,
  `cheque` varchar(100) DEFAULT NULL,
  `chequedate` date DEFAULT NULL,
  `date` date NOT NULL,
  `duedate` date DEFAULT NULL,
  `datepaid` date DEFAULT NULL,
  `terms_id` int(11) DEFAULT NULL,
  `salesman_id` int(11) NOT NULL,
  `technician_id` int(11) DEFAULT NULL,
  `template_id` int(11) DEFAULT NULL,
  `cash` decimal(10,2) NOT NULL DEFAULT '0.00',
  `chequeamt` decimal(10,2) NOT NULL DEFAULT '0.00',
  `credit` decimal(10,2) NOT NULL DEFAULT '0.00',
  `discrate` varchar(30) DEFAULT NULL,
  `discamt` decimal(10,2) NOT NULL DEFAULT '0.00',
  `saletype` enum('Cash','Cheque','Account','Other') NOT NULL DEFAULT 'Cash',
  `status` enum('Pending','Paid','Cancelled') DEFAULT 'Pending',
  `dsrdeduction` decimal(10,2) NOT NULL DEFAULT '0.00',
  `balance` decimal(10,2) DEFAULT NULL,
  `chequedata` varchar(100) DEFAULT NULL,
  `checkcleardate` date DEFAULT NULL,
  `checkcollectevents` tinyint(4) DEFAULT NULL,
  `hidden` tinyint(4) NOT NULL DEFAULT '0',
  `is_inspected` tinyint(4) NOT NULL DEFAULT '0',
  `is_temporary` tinyint(4) NOT NULL DEFAULT '0',
  PRIMARY KEY (`id`),
  UNIQUE KEY `invno` (`invno`),
  KEY `template_id_idx` (`template_id`),
  KEY `customer_id_idx` (`customer_id`),
  KEY `terms_id_idx` (`terms_id`),
  KEY `salesman_id_idx` (`salesman_id`),
  KEY `technician_id` (`technician_id`)
) ENGINE=InnoDB  DEFAULT CHARSET=latin1 AUTO_INCREMENT=501 ;

--
-- Dumping data for table `invoice`
--

INSERT INTO `invoice` (`id`, `customer_id`, `customer_name`, `customer_phone`, `invno`, `ponumber`, `notes`, `payonly`, `total`, `cheque`, `chequedate`, `date`, `duedate`, `datepaid`, `terms_id`, `salesman_id`, `technician_id`, `template_id`, `cash`, `chequeamt`, `credit`, `discrate`, `discamt`, `saletype`, `status`, `dsrdeduction`, `balance`, `chequedata`, `checkcleardate`, `checkcollectevents`, `hidden`, `is_inspected`, `is_temporary`) VALUES
(1, 2, '', '', '-451', '', '', NULL, NULL, '', NULL, '2015-07-15', NULL, NULL, NULL, 1, NULL, 1, 258.50, 0.00, 0.00, '', 0.00, 'Cash', 'Paid', 0.00, NULL, '', '2015-07-15', NULL, 0, 0, 0),
(2, 10, '', '', '-452', '', '', NULL, NULL, '', NULL, '2015-07-16', NULL, NULL, NULL, 1, NULL, 1, 11500.00, 0.00, 0.00, '', 0.00, 'Cash', 'Paid', 0.00, NULL, '', '2015-07-16', NULL, 0, 0, 0),
(3, 11, '', '', '-453', '', '', NULL, NULL, '', NULL, '2015-07-16', NULL, NULL, NULL, 1, NULL, 1, 5200.00, 0.00, 0.00, '', 0.00, 'Cash', 'Paid', 0.00, NULL, '', '2015-07-16', NULL, 0, 0, 0),
(4, 12, '', '', '-454', '', '', NULL, NULL, '', NULL, '2015-07-17', NULL, NULL, NULL, 1, NULL, 1, 7000.00, 0.00, 0.00, '', 0.00, 'Cash', 'Paid', 0.00, NULL, '', '2015-07-21', NULL, 0, 0, 0),
(5, 3, '', '', '-455', '', '', NULL, NULL, '', NULL, '2015-07-17', NULL, NULL, NULL, 1, NULL, 1, 2600.00, 0.00, 0.00, '', 0.00, 'Cash', 'Paid', 0.00, NULL, '', '2015-07-17', NULL, 0, 0, 0),
(6, 13, '', '', '-456', '', '', NULL, NULL, '', NULL, '2015-07-18', NULL, NULL, NULL, 1, NULL, 1, 4300.00, 0.00, 0.00, '', 0.00, 'Cash', 'Paid', 0.00, NULL, '', '2015-07-18', NULL, 0, 0, 0),
(7, 2, '', '', '-457', '', '', NULL, NULL, '', NULL, '2015-07-20', NULL, NULL, NULL, 1, NULL, 1, 260.00, 0.00, 0.00, '', 0.00, 'Cash', 'Paid', 0.00, NULL, '', '2015-07-20', NULL, 0, 0, 0),
(8, 2, '', '', '-458', '', '', NULL, NULL, '', NULL, '2015-07-20', NULL, NULL, NULL, 1, NULL, 1, 260.00, 0.00, 0.00, '', 0.00, 'Cash', 'Paid', 0.00, NULL, '', '2015-07-20', NULL, 0, 0, 0),
(9, 4, '', '', '-459', '', '', NULL, NULL, '', NULL, '2015-07-22', NULL, NULL, NULL, 1, NULL, 1, 1235.00, 0.00, 0.00, '', 0.00, 'Cash', 'Paid', 0.00, NULL, '', '2015-07-24', NULL, 0, 0, 0),
(10, 5, '', '', '-460', '', 'account name MALAKIEDGAR P. AND MALAKIWILMA R. acct no 200000925216', NULL, NULL, '0030350', '2015-07-27', '2015-07-23', NULL, NULL, NULL, 1, NULL, 1, 1000.00, 1500.00, 0.00, '', 0.00, 'Other', 'Paid', 0.00, NULL, '0030350 (P1500.00 2015-07-27)', '2015-07-24', NULL, 0, 0, 0),
(12, 6, '', '', '21953', '', '', NULL, 0.00, '', NULL, '2015-07-24', NULL, NULL, NULL, 2, NULL, 2, 0.00, 0.00, 0.00, '', 0.00, 'Account', 'Cancelled', 0.00, 0.00, '', '2015-07-24', NULL, 0, 0, 0),
(13, 7, '', '', '-462', '', '', NULL, NULL, '', NULL, '2015-07-25', NULL, NULL, NULL, 1, NULL, 1, 5900.00, 0.00, 0.00, '', 0.00, 'Cash', 'Paid', 0.00, NULL, '', '2015-07-25', NULL, 0, 0, 0),
(14, 2, '', '', '-465', '', '', NULL, NULL, '', NULL, '2015-07-31', NULL, NULL, NULL, 1, NULL, 1, 2600.00, 0.00, 0.00, '', 0.00, 'Cash', 'Paid', 0.00, NULL, '', '2015-07-31', NULL, 0, 0, 0),
(15, 8, '', '', '-464', '', '', NULL, NULL, '', NULL, '2015-07-31', NULL, NULL, NULL, 1, NULL, 1, 4300.00, 0.00, 0.00, '', 0.00, 'Cash', 'Paid', 0.00, NULL, '', '2015-07-31', NULL, 0, 0, 0),
(16, 9, '', '', '-463', '', '', NULL, NULL, '', NULL, '2015-07-29', NULL, NULL, NULL, 1, NULL, 1, 2900.00, 0.00, 0.00, '', 0.00, 'Cash', 'Paid', 0.00, NULL, '', '2015-07-31', NULL, 0, 0, 0),
(17, 9, '', '', '-466', '', '', NULL, NULL, '', NULL, '2015-08-01', NULL, NULL, NULL, 1, NULL, 1, 3600.00, 0.00, 0.00, '', 0.00, 'Cash', 'Paid', 0.00, NULL, '', '2015-08-01', NULL, 0, 0, 0),
(18, 14, '', '', '000001', '', '', NULL, 7000.00, '', NULL, '2015-08-04', NULL, NULL, NULL, 2, NULL, 1, 7000.00, 0.00, 0.00, '', 0.00, 'Cash', 'Paid', 0.00, 0.00, '', '2015-08-04', NULL, 0, 0, 0),
(19, 8, '', '', '000002', '', '', NULL, 240.00, '', NULL, '2015-08-04', NULL, NULL, NULL, 1, NULL, 1, 240.00, 0.00, 0.00, '', 0.00, 'Cash', 'Paid', 0.00, 0.00, '', '2015-08-04', NULL, 0, 0, 0),
(20, 15, '', '', '000003', '', '', NULL, 7500.00, '', NULL, '2015-08-04', NULL, NULL, NULL, 2, NULL, 1, 7500.00, 0.00, 0.00, '', 0.00, 'Cash', 'Paid', 0.00, 0.00, '', '2015-08-04', NULL, 0, 0, 0),
(21, 16, '', '', '21951', '', '', NULL, 8500.00, '', NULL, '2015-07-23', NULL, NULL, NULL, 2, NULL, 2, 0.00, 0.00, 8500.00, '', 0.00, 'Account', 'Pending', 0.00, 8500.00, '', '2015-07-23', NULL, 0, 0, 0),
(22, 17, '', '', '000004', '', '', NULL, 5850.00, '', NULL, '2015-08-05', NULL, NULL, NULL, 1, NULL, 1, 5850.00, 0.00, 0.00, '', 0.00, 'Cash', 'Paid', 0.00, 0.00, '', '2015-08-05', NULL, 0, 0, 0),
(23, 18, '', '', '21952', '', '', NULL, 7.00, '', NULL, '2015-08-06', NULL, NULL, NULL, 2, NULL, 2, 7.00, 0.00, 0.00, '', 0.00, 'Cash', 'Paid', 0.00, 0.00, '', '2015-08-06', NULL, 0, 0, 0),
(24, 19, '', '', '21956', '', '', NULL, 480.00, '', NULL, '2015-08-07', NULL, NULL, NULL, 1, NULL, 2, 480.00, 0.00, 0.00, '', 0.00, 'Cash', 'Paid', 0.00, 0.00, '', '2015-08-07', NULL, 0, 0, 0),
(25, 19, '', '', '000006', '', '', NULL, 14200.00, '', NULL, '2015-08-07', NULL, NULL, NULL, 2, NULL, 1, 14200.00, 0.00, 0.00, '', 0.00, 'Cash', 'Paid', 0.00, 0.00, '', '2015-08-07', NULL, 0, 0, 0),
(26, 2, '', '', '000005', '', '', NULL, 650.00, '', NULL, '2015-08-07', NULL, NULL, NULL, 1, NULL, 1, 650.00, 0.00, 0.00, '', 0.00, 'Cash', 'Paid', 0.00, 0.00, '', '2015-08-07', NULL, 0, 0, 0),
(27, 16, '', '', '21955', '', '', NULL, 2850.00, '', NULL, '2015-08-07', NULL, NULL, NULL, 2, NULL, 2, 0.00, 0.00, 2850.00, '', 0.00, 'Account', 'Pending', 0.00, 2850.00, '', '2015-08-07', NULL, 0, 0, 0),
(28, 20, '', '', '000007', '', '', NULL, 2800.00, '', NULL, '2015-08-08', NULL, NULL, NULL, 2, NULL, 1, 2800.00, 0.00, 0.00, '', 0.00, 'Cash', 'Paid', 0.00, 0.00, '', '2015-08-08', NULL, 0, 0, 0),
(29, 21, '', '', '000008', '', '', NULL, 2880.00, '', NULL, '2015-08-10', NULL, NULL, NULL, 2, NULL, 1, 2880.00, 0.00, 0.00, '', 0.00, 'Cash', 'Paid', 0.00, 0.00, '', '2015-08-11', NULL, 0, 0, 0),
(30, 22, '', '', '000009', '', '', NULL, 3200.00, '', NULL, '2015-08-11', NULL, NULL, NULL, 2, NULL, 1, 3200.00, 0.00, 0.00, '', 0.00, 'Cash', 'Paid', 0.00, 0.00, '', '2015-08-11', NULL, 0, 0, 0),
(38, 24, '', '', '000011', '', 'Tomsteel from Dexter', NULL, 6800.00, 'LB# 0270609', '2015-08-14', '2015-08-14', NULL, NULL, NULL, 2, NULL, 1, 0.00, 6800.00, 0.00, '', 0.00, 'Cheque', 'Paid', 0.00, 0.00, 'LB# 0270609 (P0.00 2015-08-14)', '2015-08-14', NULL, 0, 0, 0),
(39, 16, '', '', '21958', '', '\r\n', NULL, 34312.00, '', NULL, '2015-08-13', NULL, NULL, NULL, 2, NULL, 2, 0.00, 0.00, 34312.00, '', 5753.27, 'Account', 'Pending', 0.00, 34312.00, '', '2015-08-13', NULL, 0, 0, 0),
(40, 25, '', '', '000012', '', '', NULL, 16800.00, '', NULL, '2015-08-15', NULL, NULL, NULL, 2, NULL, 1, 16800.00, 0.00, 0.00, '', 1600.00, 'Cash', 'Paid', 0.00, 0.00, '', '2015-08-15', NULL, 0, 0, 0),
(41, 26, '', '', '000013', '', '', NULL, 4500.00, '', NULL, '2015-08-15', NULL, NULL, NULL, 2, NULL, 1, 4500.00, 0.00, 0.00, '', 400.00, 'Cash', 'Paid', 0.00, 0.00, '', '2015-08-15', NULL, 0, 0, 0),
(42, 27, '', '', '000014', '', '', NULL, 6200.00, '', NULL, '2015-08-17', NULL, NULL, NULL, 2, NULL, 1, 6200.00, 0.00, 0.00, '', 450.00, 'Cash', 'Paid', 0.00, 0.00, '', '2015-08-17', NULL, 0, 0, 0),
(43, 28, '', '', '000015', '', '', NULL, 11500.00, '', NULL, '2015-08-17', NULL, NULL, NULL, 2, NULL, 1, 11500.00, 0.00, 0.00, '', 500.00, 'Cash', 'Paid', 0.00, 0.00, '', '2015-08-17', NULL, 0, 0, 0),
(44, 29, '', '', '000016', '', '', NULL, 2600.00, '', NULL, '2015-08-17', NULL, NULL, NULL, 2, NULL, 1, 2600.00, 0.00, 0.00, '', 300.00, 'Cash', 'Paid', 0.00, 0.00, '', '2015-08-17', NULL, 0, 0, 0),
(45, 2, '', '', '000010', '', '', NULL, 0.00, '', NULL, '2015-08-14', NULL, NULL, NULL, 2, NULL, 1, 0.00, 0.00, 0.00, '', 0.00, 'Cash', 'Cancelled', 0.00, 0.00, '', '2015-08-18', NULL, 0, 0, 0),
(46, 30, '', '', '000017', '', '', NULL, 7800.00, '', NULL, '2015-08-18', NULL, NULL, NULL, 2, NULL, 1, 7800.00, 0.00, 0.00, '', 718.64, 'Cash', 'Paid', 0.00, 0.00, '', '2015-08-18', NULL, 0, 0, 0),
(47, 27, '', '', '000018', '', '', NULL, 1290.00, '', NULL, '2015-08-18', NULL, NULL, NULL, 2, NULL, 1, 1290.00, 0.00, 0.00, '', 30.80, 'Cash', 'Paid', 0.00, 0.00, '', '2015-08-18', NULL, 0, 0, 0),
(48, 27, '', '', '21959', '', '', NULL, 10.00, '', NULL, '2015-08-18', NULL, NULL, NULL, 2, NULL, 2, 10.00, 0.00, 0.00, '', 1.00, 'Cash', 'Paid', 0.00, 0.00, '', '2015-08-18', NULL, 0, 0, 0),
(49, 31, '', '', '000020', '', 'Lt. Col. Nedy Espulgar', NULL, 7145.60, '', NULL, '2015-08-19', NULL, NULL, NULL, 2, NULL, 1, 7145.60, 0.00, 0.00, '', 0.00, 'Cash', 'Paid', 0.00, 0.00, '', '2015-08-19', NULL, 0, 0, 0),
(51, 31, '', '', '000022', '', '', NULL, 768.00, '', NULL, '2015-08-19', NULL, NULL, NULL, 2, NULL, 1, 768.00, 0.00, 0.00, '', 0.00, 'Cash', 'Paid', 0.00, 0.00, '', '2015-08-19', NULL, 0, 0, 0),
(52, 2, '', '', '21960', '', '', NULL, 200.00, '', NULL, '2015-08-19', NULL, NULL, NULL, 2, NULL, 2, 200.00, 0.00, 0.00, '', 0.00, 'Cash', 'Paid', 0.00, 0.00, '', '2015-08-19', NULL, 0, 0, 0),
(53, 32, '', '', '000019', '', '', NULL, 4590.00, '', NULL, '2015-08-19', NULL, NULL, NULL, 2, NULL, 1, 0.00, 0.00, 4590.00, '', 0.00, 'Account', 'Paid', 0.00, 0.00, '', '2015-09-01', NULL, 0, 0, 0),
(54, 2, '', '', '21965', '', '', NULL, 10.00, '', NULL, '2015-08-20', NULL, NULL, NULL, 2, NULL, 2, 10.00, 0.00, 0.00, '', -3.00, 'Cash', 'Paid', 0.00, 0.00, '', '2015-08-20', NULL, 0, 0, 0),
(55, 33, '', '', '21963', '', '', NULL, 874.50, '', NULL, '2015-08-20', NULL, NULL, NULL, 2, NULL, 2, 874.50, 0.00, 0.00, '', 0.00, 'Cash', 'Paid', 0.00, 0.00, '', '2015-08-20', NULL, 0, 0, 0),
(56, 6, '', '', '21961', '', '', NULL, 0.00, '', NULL, '2015-08-20', NULL, NULL, NULL, 2, NULL, 2, 0.00, 0.00, 0.00, '', 0.00, 'Account', 'Cancelled', 0.00, 0.00, '', '2015-08-20', NULL, 0, 0, 0),
(57, 35, '', '', '000023', '', '', NULL, 7000.00, '', NULL, '2015-08-20', NULL, NULL, NULL, 2, NULL, 1, 0.00, 0.00, 7000.00, '', 1000.00, 'Account', 'Paid', 0.00, 0.00, ' (P7000.00 ) ', '2015-08-28', NULL, 0, 0, 0),
(58, 27, '', '', '21966', '', '', NULL, 70.00, '', NULL, '2015-08-21', NULL, NULL, NULL, 2, NULL, 2, 70.00, 0.00, 0.00, '', 4.50, 'Cash', 'Paid', 0.00, 0.00, '', '2015-08-21', NULL, 0, 0, 0),
(59, 36, '', '', '000027', '', '', NULL, 7500.00, '', NULL, '2015-08-21', NULL, NULL, NULL, 2, NULL, 1, 7500.00, 0.00, 0.00, '', 0.00, 'Cash', 'Paid', 0.00, 0.00, '', '2015-08-21', NULL, 0, 0, 0),
(60, 36, '', '09173081888', '000026', '', '', NULL, 2300.00, '', NULL, '2015-08-21', NULL, NULL, NULL, 2, NULL, 1, 2300.00, 0.00, 0.00, '', 0.00, 'Cash', 'Paid', 0.00, 0.00, '', '2015-08-21', NULL, 0, 0, 0),
(61, 37, '', '', '000024', '', '', NULL, 6543.00, '', NULL, '2015-08-21', NULL, NULL, NULL, 2, NULL, 1, 6543.00, 0.00, 0.00, '', 0.00, 'Cash', 'Paid', 0.00, 0.00, '', '2015-08-21', NULL, 0, 0, 0),
(62, 38, '', '', '000025', '', 'Plumber Arvel Palais 09167325546\r\n', NULL, 3085.00, '', NULL, '2015-08-21', NULL, NULL, NULL, 2, NULL, 1, 3085.00, 0.00, 0.00, '', 2.38, 'Cash', 'Paid', 0.00, 0.00, '', '2015-08-21', NULL, 0, 0, 0),
(63, 6, '', '', '21968', '', '', NULL, 0.00, '', NULL, '2015-08-22', NULL, NULL, NULL, 2, NULL, 2, 0.00, 0.00, 0.00, '', 0.00, 'Account', 'Cancelled', 0.00, 0.00, '', '2015-08-23', NULL, 0, 0, 0),
(64, 39, '', '', '000028', '', 'Referred by Plumber Noli\r\n\r\nOP 7950 \r\nPO 7918.55\r\n', NULL, 7918.55, '', NULL, '2015-08-24', NULL, NULL, NULL, 2, NULL, 1, 7918.55, 0.00, 0.00, '', 43.00, 'Cash', 'Paid', 0.00, 0.00, '', '2015-08-24', NULL, 0, 0, 0),
(67, 39, '', '', '000029', '', '', NULL, 22.00, '', NULL, '2015-08-24', NULL, NULL, NULL, 2, NULL, 1, 22.00, 0.00, 0.00, '', -1.63, 'Cash', 'Paid', 0.00, 0.00, '', '2015-08-24', NULL, 0, 0, 0),
(68, 40, '', '', '000030', '', '', NULL, 26811.00, 'LB#290570', '2015-08-24', '2015-08-24', NULL, NULL, NULL, 2, NULL, 1, 0.00, 26811.00, 0.00, '', -130.00, 'Cheque', 'Paid', 0.00, 0.00, 'LB#290570 (P0.00 2015-08-24)', '2015-08-24', NULL, 0, 0, 0),
(69, 41, '', '', '000031', '', 'Defective Unit', NULL, 0.00, '', NULL, '2015-08-25', NULL, NULL, NULL, 2, NULL, 1, 0.00, 0.00, 0.00, '', 0.00, 'Cash', 'Cancelled', 0.00, 0.00, '', '2015-08-25', NULL, 0, 0, 0),
(72, 42, '', '', '000032', '', '', NULL, 14360.00, '', NULL, '2015-08-25', NULL, NULL, NULL, 2, NULL, 1, 14360.00, 0.00, 0.00, '', 80.38, 'Cash', 'Paid', 0.00, 0.00, '', '2015-08-25', NULL, 0, 0, 0),
(73, 43, '', '', '000033', '', '', NULL, 270.00, '', NULL, '2015-08-25', NULL, NULL, NULL, 2, NULL, 1, 270.00, 0.00, 0.00, '', 0.00, 'Cash', 'Paid', 0.00, 0.00, '', '2015-08-25', NULL, 0, 0, 0),
(74, 44, '', '', '000034', '', '', NULL, 6000.00, '', NULL, '2015-08-26', NULL, NULL, NULL, 2, NULL, 1, 6000.00, 0.00, 0.00, '', 0.00, 'Cash', 'Paid', 0.00, 0.00, '', '2015-08-26', NULL, 0, 0, 0),
(75, 40, '', '', '000035', '', '', NULL, 1684.50, '', NULL, '2015-08-26', NULL, NULL, NULL, 2, NULL, 1, 1684.50, 0.00, 0.00, '', 0.00, 'Cash', 'Paid', 0.00, 0.00, '', '2015-08-26', NULL, 0, 0, 0),
(76, 45, '', '', '000036', '', '', NULL, 15200.00, '', NULL, '2015-08-26', NULL, NULL, NULL, 2, NULL, 1, 7600.00, 0.00, 7600.00, '', 600.00, 'Other', 'Paid', 0.00, 0.00, '', '2015-08-26', NULL, 0, 0, 0),
(77, 46, '', '', '000038', '', '', NULL, 1512.75, '', NULL, '2015-08-27', NULL, NULL, NULL, 2, NULL, 1, 1512.75, 0.00, 0.00, '', 0.00, 'Cash', 'Paid', 0.00, 0.00, '', '2015-08-27', NULL, 0, 0, 0),
(80, 47, '', '', '000039', '', '', NULL, 4000.00, '', NULL, '2015-08-27', NULL, NULL, NULL, 2, NULL, 1, 4000.00, 0.00, 0.00, '', 700.00, 'Cash', 'Paid', 0.00, 0.00, '', '2015-08-27', NULL, 0, 0, 0),
(86, 48, '', '', '000037', '', '', NULL, 9200.00, '', NULL, '2015-08-27', NULL, NULL, NULL, 2, NULL, 1, 9200.00, 0.00, 0.00, '', -11.00, 'Cash', 'Paid', 0.00, 0.00, '', '2015-08-27', NULL, 0, 0, 0),
(87, 49, '', '', '000040', '', '', NULL, 23500.00, '', NULL, '2015-08-28', NULL, NULL, NULL, 2, NULL, 1, 23500.00, 0.00, 0.00, '', 1135.00, 'Cash', 'Paid', 0.00, 0.00, '', '2015-08-28', NULL, 0, 0, 0),
(88, 50, '', '', '000041', '', '', NULL, 2497.50, '', NULL, '2015-08-28', NULL, NULL, NULL, 2, NULL, 1, 2497.50, 0.00, 0.00, '', 0.00, 'Cash', 'Paid', 0.00, 0.00, '', '2015-08-28', NULL, 0, 0, 0),
(89, 51, '', '', '000044', '', '', NULL, 11875.44, '', NULL, '2015-08-31', NULL, NULL, NULL, 2, NULL, 1, 11875.44, 0.00, 0.00, '', 0.00, 'Cash', 'Paid', 0.00, 0.00, '', '2015-08-31', NULL, 0, 0, 0),
(91, 16, '', '', '21971', '', '', NULL, 3600.00, '', NULL, '2015-08-31', NULL, NULL, NULL, 2, NULL, 2, 0.00, 0.00, 3600.00, '', 0.00, 'Account', 'Pending', 0.00, 3600.00, '', '2015-08-31', NULL, 0, 0, 0),
(92, 53, '', '', '000043', '', '', NULL, 3000.00, '', NULL, '2015-08-31', NULL, NULL, NULL, 2, NULL, 1, 3000.00, 0.00, 0.00, '', -405.00, 'Cash', 'Paid', 0.00, 0.00, '', '2015-08-31', NULL, 0, 0, 0),
(93, 52, '', '3214012', '000045', '', '', NULL, 6342.64, '', NULL, '2015-08-31', NULL, NULL, NULL, 2, NULL, 1, 6342.64, 0.00, 0.00, '', 100.36, 'Cash', 'Paid', 0.00, 0.00, '', '2015-08-31', NULL, 0, 0, 0),
(94, 40, '', '', '000046', '', '', NULL, 7000.00, '', NULL, '2015-09-01', NULL, NULL, NULL, 2, NULL, 1, 7000.00, 0.00, 0.00, '', 700.00, 'Cash', 'Paid', 0.00, 0.00, '', '2015-09-01', NULL, 0, 0, 0),
(95, 39, '', '09993155461', '000047', '', '', NULL, 344.40, '', NULL, '2015-09-01', NULL, NULL, NULL, 2, NULL, 1, 344.40, 0.00, 0.00, '', 24795.00, 'Cash', 'Paid', 0.00, 0.00, '', '2015-09-01', NULL, 0, 0, 0),
(96, 54, '', '', '21972', '', '', NULL, 350.00, '', NULL, '2015-09-02', NULL, NULL, NULL, 2, NULL, 2, 350.00, 0.00, 0.00, '', 0.00, 'Cash', 'Paid', 0.00, 0.00, '', '2015-09-02', NULL, 0, 0, 0),
(97, 55, '', '', '21973', '', '', NULL, 1850.00, 'bdo-0000208066', '2015-11-13', '2015-09-02', NULL, NULL, NULL, 2, NULL, 2, 0.00, 0.00, 1850.00, '', 0.00, 'Account', 'Paid', 0.00, 0.00, 'bdo-0000208066 (P0.00 2015-11-13),  (P1850.00 ) ', '2015-11-25', NULL, 0, 0, 0),
(98, 56, '', '', '000048', '', '', NULL, 5800.00, '', '2015-09-02', '2015-09-02', NULL, NULL, NULL, 2, NULL, 1, 0.00, 5800.00, 0.00, '', 603.00, 'Cheque', 'Paid', 0.00, 0.00, '', '2015-09-02', NULL, 0, 0, 0),
(99, 35, '', '', '000049', '', '', NULL, 780.00, '', NULL, '2015-09-03', NULL, NULL, NULL, 2, NULL, 1, 0.00, 0.00, 780.00, '', 0.00, 'Account', 'Paid', 0.00, 0.00, '', '2015-09-03', NULL, 0, 0, 0),
(100, 57, '', '', '000050', '', '', NULL, 3920.00, '', NULL, '2015-09-03', NULL, NULL, NULL, 2, NULL, 1, 3920.00, 0.00, 0.00, '', 0.00, 'Cash', 'Paid', 0.00, 0.00, '', '2015-09-03', NULL, 0, 0, 0),
(103, 58, '09177123648', '', '000051', '', '', NULL, 38000.00, '', NULL, '2015-09-03', NULL, NULL, NULL, 2, NULL, 1, 24000.00, 0.00, 14000.00, '', 0.00, 'Other', 'Paid', 0.00, 0.00, ' (P14000.00 ) ', '2015-09-14', NULL, 0, 0, 0),
(104, 59, '', '', '000052', '', '', NULL, 12300.00, '', NULL, '2015-09-03', NULL, NULL, NULL, 2, NULL, 1, 12300.00, 0.00, 0.00, '', 543.00, 'Cash', 'Paid', 0.00, 0.00, '', '2015-09-03', NULL, 0, 0, 0),
(106, 60, '', '', '21974', '', '', NULL, 15.00, '', NULL, '2015-09-03', NULL, NULL, NULL, 2, NULL, 2, 15.00, 0.00, 0.00, '', 0.00, 'Cash', 'Paid', 0.00, 0.00, '', '2015-09-03', NULL, 0, 0, 0),
(111, 61, '', '', '000053', '', '', NULL, 79.80, '', NULL, '2015-09-03', NULL, NULL, NULL, 2, NULL, 1, 79.80, 0.00, 0.00, '', 0.00, 'Cash', 'Paid', 0.00, 0.00, '', '2015-09-03', NULL, 0, 0, 0),
(112, 61, '', '09269838504', '000054', '', '', NULL, 12500.00, '', NULL, '2015-09-04', NULL, NULL, NULL, 2, NULL, 1, 12500.00, 0.00, 0.00, '', 343.00, 'Cash', 'Paid', 0.00, 0.00, '', '2015-09-04', NULL, 0, 0, 0),
(113, 62, '', '', '000055', '', '', NULL, 3200.00, '', NULL, '2015-09-04', NULL, NULL, NULL, 2, NULL, 1, 3200.00, 0.00, 0.00, '', 30.00, 'Cash', 'Paid', 0.00, 0.00, '', '2015-09-04', NULL, 0, 0, 0),
(114, 63, '', '', '000056', '', '', NULL, 4000.00, '', NULL, '2015-09-04', NULL, NULL, NULL, 2, NULL, 1, 4000.00, 0.00, 0.00, '', 590.00, 'Cash', 'Paid', 0.00, 0.00, '', '2015-09-04', NULL, 0, 0, 0),
(115, 64, '', '', '000057', '', '', NULL, 5598.00, '', NULL, '2015-09-04', NULL, NULL, NULL, 2, NULL, 1, 5598.00, 0.00, 0.00, '', 0.00, 'Cash', 'Paid', 0.00, 0.00, '', '2015-09-04', NULL, 0, 0, 0),
(116, 65, '', '', '000058', '', '', NULL, 4000.00, '', NULL, '2015-09-04', NULL, NULL, NULL, 2, NULL, 1, 4000.00, 0.00, 0.00, '', 0.00, 'Cash', 'Paid', 0.00, 0.00, '', '2015-09-04', NULL, 0, 0, 0),
(117, 66, '', '', '000059', '', '', NULL, 3800.00, '', NULL, '2015-09-05', NULL, NULL, NULL, 2, NULL, 1, 3800.00, 0.00, 0.00, '', 17.50, 'Cash', 'Paid', 0.00, 0.00, '', '2015-09-05', NULL, 0, 0, 0),
(118, 16, '', '', '21975', '', '', NULL, 2977.50, '', NULL, '2015-09-05', NULL, NULL, NULL, 2, NULL, 2, 0.00, 0.00, 2977.50, '', 0.00, 'Account', 'Pending', 0.00, 2977.50, '', '2015-09-05', NULL, 0, 0, 0),
(119, 67, '', '', '000061', '', '', NULL, 11000.00, '', NULL, '2015-09-07', NULL, NULL, NULL, 2, NULL, 1, 11000.00, 0.00, 0.00, '', 0.00, 'Cash', 'Paid', 0.00, 0.00, '', '2015-09-07', NULL, 0, 0, 0),
(120, 21, '', '', '000062', '', '', NULL, 2800.00, '', NULL, '2015-09-07', NULL, NULL, NULL, 2, NULL, 1, 2800.00, 0.00, 0.00, '', 80.00, 'Cash', 'Paid', 0.00, 0.00, '', '2015-09-07', NULL, 0, 0, 0),
(121, 68, '', '', '000063', '', '', NULL, 23500.00, '', NULL, '2015-09-07', NULL, NULL, NULL, 2, NULL, 1, 23500.00, 0.00, 0.00, '', 1135.00, 'Cash', 'Paid', 0.00, 0.00, '', '2015-09-07', NULL, 0, 0, 0),
(122, 67, '', '', '21976', '', '', NULL, 4070.00, '', NULL, '2015-09-07', NULL, NULL, NULL, 2, NULL, 2, 4070.00, 0.00, 0.00, '', -82.50, 'Cash', 'Paid', 0.00, 0.00, '', '2015-09-07', NULL, 0, 0, 0),
(123, 69, '', '', '000064', '', '', NULL, 630.00, '', NULL, '2015-09-07', NULL, NULL, NULL, 2, NULL, 1, 630.00, 0.00, 0.00, '', 0.00, 'Cash', 'Paid', 0.00, 0.00, '', '2015-09-07', NULL, 0, 0, 0),
(126, 70, '', '', '000060', '', '', NULL, 350.00, '', NULL, '2015-09-06', NULL, NULL, NULL, 2, NULL, 1, 350.00, 0.00, 0.00, '', 0.00, 'Cash', 'Paid', 0.00, 0.00, '', '2015-09-07', NULL, 0, 0, 0),
(127, 71, '', '', '000065', '', '', NULL, 1900.00, '', NULL, '2015-09-08', NULL, NULL, NULL, 2, NULL, 1, 1900.00, 0.00, 0.00, '', -100.00, 'Cash', 'Paid', 0.00, 0.00, '', '2015-09-08', NULL, 0, 0, 0),
(128, 72, '', '', '000066', '', '', NULL, 4430.70, '', NULL, '2015-09-08', NULL, NULL, NULL, 2, NULL, 1, 4430.70, 0.00, 0.00, '', 0.00, 'Cash', 'Paid', 0.00, 0.00, '', '2015-09-08', NULL, 0, 0, 0),
(129, 73, '', '', '000067', '', '', NULL, 6800.00, '', NULL, '2015-09-09', NULL, NULL, NULL, 2, NULL, 1, 6800.00, 0.00, 0.00, '', -137.36, 'Cash', 'Paid', 0.00, 0.00, '', '2015-09-09', NULL, 0, 0, 0),
(130, 74, '', '', '000068', '', '', NULL, 6000.00, '', NULL, '2015-09-09', NULL, NULL, NULL, 2, NULL, 1, 6000.00, 0.00, 0.00, '', 0.00, 'Cash', 'Paid', 0.00, 0.00, '', '2015-09-09', NULL, 0, 0, 0),
(134, 75, '', '', '000069', '', '', NULL, 390.00, '', NULL, '2015-09-10', NULL, NULL, NULL, 2, NULL, 1, 390.00, 0.00, 0.00, '', 0.00, 'Cash', 'Paid', 0.00, 0.00, '', '2015-09-10', NULL, 0, 0, 0),
(135, 76, '', '', '000070', '', '', NULL, 12202.50, '', NULL, '2015-09-10', NULL, NULL, NULL, 2, NULL, 1, 0.00, 0.00, 12202.50, '', 0.00, 'Account', 'Paid', 0.00, 0.00, ' (P12202.50 ) ', '2015-09-11', NULL, 0, 0, 0),
(138, 2, '', '', '000071', '', '', NULL, 0.00, '', NULL, '2015-09-10', NULL, NULL, NULL, 2, NULL, 1, 0.00, 0.00, 0.00, '', 0.00, 'Cash', 'Cancelled', 0.00, 0.00, '', '2015-09-10', NULL, 0, 0, 0),
(143, 39, '', '', '000072', '', '', NULL, 3060.00, '', NULL, '2015-09-10', NULL, NULL, NULL, 2, NULL, 1, 3060.00, 0.00, 0.00, '', 0.00, 'Cash', 'Paid', 0.00, 0.00, '', '2015-09-10', NULL, 0, 0, 0),
(144, 77, '', '', '000073', '', '', NULL, 1800.00, '', NULL, '2015-09-10', NULL, NULL, NULL, 2, NULL, 1, 1800.00, 0.00, 0.00, '', 0.00, 'Cash', 'Paid', 0.00, 0.00, '', '2015-09-10', NULL, 0, 0, 0),
(145, 78, '', '', '000074', '', '', NULL, 1139.40, '', NULL, '2015-09-11', NULL, NULL, NULL, 2, NULL, 1, 1139.40, 0.00, 0.00, '', 0.00, 'Cash', 'Paid', 0.00, 0.00, '', '2015-09-11', NULL, 0, 0, 0),
(146, 55, '', '', '21979', '', '', NULL, 390.00, 'bdo-0000208066', '2015-11-25', '2015-09-12', NULL, NULL, NULL, 2, NULL, 2, 0.00, 0.00, 390.00, '', 0.00, 'Account', 'Paid', 0.00, 0.00, 'bdo-0000208066 (P0.00 2015-11-25),  (P390.00 ) ', '2015-11-25', NULL, 0, 0, 0),
(147, 16, '', '', '21980', '', '', NULL, 214.50, '', NULL, '2015-09-12', NULL, NULL, NULL, 2, NULL, 2, 0.00, 0.00, 214.50, '', 0.00, 'Account', 'Pending', 0.00, 214.50, '', '2015-09-13', NULL, 0, 0, 0),
(148, 8, '', '', '000075', '', '', NULL, 1700.00, '', NULL, '2015-09-12', NULL, NULL, NULL, 2, NULL, 1, 1700.00, 0.00, 0.00, '', 100.00, 'Cash', 'Paid', 0.00, 0.00, '', '2015-09-13', NULL, 0, 0, 0),
(149, 79, '', '', '000076', '', '', NULL, 21000.00, '', NULL, '2015-09-12', NULL, NULL, NULL, 2, NULL, 1, 21000.00, 0.00, 0.00, '', 0.00, 'Cash', 'Paid', 0.00, 0.00, '', '2015-09-13', NULL, 0, 0, 0),
(150, 58, '', '', '21981', '', 'Bank to Bank Deposited to MTB Lily O Tomas Tacloban', NULL, 5450.20, '', NULL, '2015-09-14', NULL, NULL, NULL, 2, NULL, 2, 0.00, 5450.20, 0.00, '', 0.00, 'Cheque', 'Paid', 0.00, 0.00, '', '2015-09-14', NULL, 0, 0, 0),
(151, 58, '', '', '21982', '', 'Bank to Bank Deposited to MTB Lily O Tomas Tacloban', NULL, 3794.62, '', NULL, '2015-09-14', NULL, NULL, NULL, 2, NULL, 2, 0.00, 3794.62, 0.00, '', 15.00, 'Cheque', 'Paid', 0.00, 0.00, '', '2015-09-14', NULL, 0, 0, 0),
(152, 80, '', '', '000077', '', '', NULL, 7900.00, '', NULL, '2015-09-15', NULL, NULL, NULL, 2, NULL, 1, 3000.00, 0.00, 4900.00, '', 0.00, 'Other', 'Paid', 0.00, 0.00, '', '2015-09-15', NULL, 0, 0, 0),
(153, 81, '', '', '000079', '', '', NULL, 3200.00, '', NULL, '2015-09-17', NULL, NULL, NULL, 2, NULL, 1, 3200.00, 0.00, 0.00, '', 0.00, 'Cash', 'Paid', 0.00, 0.00, '', '2015-09-17', NULL, 0, 0, 0),
(154, 82, '', '', '000078', '', 'OP 3500\r\nPO 3200 \r\nVAT 36', NULL, 3200.00, '', NULL, '2015-09-17', NULL, NULL, NULL, 2, NULL, 1, 3200.00, 0.00, 0.00, '', -320.00, 'Cash', 'Paid', 0.00, 0.00, '', '2015-09-17', NULL, 0, 0, 0),
(165, 80, '', '09084910833', '000080', '', '', NULL, 5500.00, '', NULL, '2015-09-18', NULL, NULL, NULL, 2, NULL, 1, 5500.00, 0.00, 0.00, '', 338.64, 'Cash', 'Paid', 0.00, 0.00, '', '2015-09-18', NULL, 0, 0, 0),
(171, 85, '', '', '000081', '', '', NULL, 11707.62, '', NULL, '2015-09-21', NULL, NULL, NULL, 2, NULL, 1, 11707.62, 0.00, 0.00, '', 11.27, 'Cash', 'Paid', 0.00, 0.00, '', '2015-09-21', NULL, 0, 0, 0),
(172, 76, '', '', '21985', '', '', NULL, 3900.00, '', NULL, '2015-09-21', NULL, NULL, NULL, 2, NULL, 2, 3900.00, 0.00, 0.00, '', 0.00, 'Cash', 'Paid', 0.00, 0.00, '', '2015-09-21', NULL, 0, 0, 0),
(173, 86, '', '', '000082', '', '', NULL, 850.00, '', NULL, '2015-09-22', NULL, NULL, NULL, 1, NULL, 1, 850.00, 0.00, 0.00, '', 0.00, 'Cash', 'Paid', 0.00, 0.00, '', '2015-09-22', NULL, 0, 0, 0),
(174, 56, '', '', '000083', '', '', NULL, 10000.00, 'mbt#0001711315', '2015-09-22', '2015-09-22', NULL, NULL, NULL, 1, NULL, 1, 0.00, 10000.00, 0.00, '', 1538.64, 'Cheque', 'Paid', 0.00, 0.00, 'mbt#0001711315 (P0.00 2015-09-22)', '2015-09-22', NULL, 0, 0, 0),
(175, 87, '', '', '000084', '', '', NULL, 920.00, '', NULL, '2015-09-22', NULL, NULL, NULL, 1, NULL, 1, 920.00, 0.00, 0.00, '', 0.00, 'Cash', 'Paid', 0.00, 0.00, '', '2015-09-22', NULL, 0, 0, 0),
(176, 2, '', '', '000085', '', '', NULL, 2700.00, '', NULL, '2015-09-24', NULL, NULL, NULL, 1, NULL, 1, 2700.00, 0.00, 0.00, '', -100.00, 'Cash', 'Paid', 0.00, 0.00, '', '2015-09-24', NULL, 0, 0, 0),
(177, 16, '', '', '21983', '', '', NULL, 169.16, '', NULL, '2015-09-24', NULL, NULL, NULL, 2, NULL, 2, 0.00, 0.00, 169.16, '', 10.14, 'Account', 'Pending', 0.00, 169.16, '', '2015-09-24', NULL, 0, 0, 0),
(178, 83, '', '', '21984', '', '', NULL, 12000.00, '', NULL, '2015-09-18', NULL, NULL, NULL, 1, NULL, 2, 12000.00, 0.00, 0.00, '', 552.00, 'Cash', 'Paid', 0.00, 0.00, '', '2015-09-18', NULL, 0, 0, 0),
(179, 88, '', '', '000086', '', '', NULL, 500.00, '', NULL, '2015-09-25', NULL, NULL, NULL, 1, NULL, 1, 500.00, 0.00, 0.00, '', 0.00, 'Cash', 'Paid', 0.00, 0.00, '', '2015-09-25', NULL, 0, 0, 0),
(180, 89, '', '', '000087', '', '', NULL, 598.50, '', NULL, '2015-09-25', NULL, NULL, NULL, 1, NULL, 1, 598.50, 0.00, 0.00, '', 0.00, 'Cash', 'Paid', 0.00, 0.00, '', '2015-09-25', NULL, 0, 0, 0),
(181, 9, '', '', '000089', '', '', NULL, 237.30, '', NULL, '2015-09-28', NULL, NULL, NULL, 1, NULL, 1, 237.30, 0.00, 0.00, '', 0.00, 'Cash', 'Paid', 0.00, 0.00, '', '2015-09-28', NULL, 0, 0, 0),
(182, 27, '', '', '000090', '', '', NULL, 6150.00, 'BPi0911063', '2015-09-28', '2015-09-28', NULL, NULL, NULL, 1, NULL, 1, 6150.00, 0.00, 0.00, '', 676.00, 'Cash', 'Paid', 0.00, 0.00, 'BPi0911063 (P0.00 2015-09-28)', '2015-09-28', NULL, 0, 0, 0),
(184, 90, '', '', '21987', '', '', NULL, 1170.00, '', NULL, '2015-09-26', NULL, NULL, NULL, 1, NULL, 2, 1170.00, 0.00, 0.00, '', 0.00, 'Cash', 'Paid', 0.00, 0.00, '', '2015-09-26', NULL, 0, 0, 0),
(186, 6, '', '', '21989', '', '', NULL, 0.00, '', NULL, '2015-09-26', NULL, NULL, NULL, 1, NULL, 2, 0.00, 0.00, 0.00, '', 0.00, 'Account', 'Cancelled', 0.00, 0.00, '', '2015-09-26', NULL, 0, 0, 0),
(187, 91, '', '', '21990', '', '', NULL, 700.00, '', NULL, '2015-09-28', NULL, NULL, NULL, 1, NULL, 2, 700.00, 0.00, 0.00, '', 336.00, 'Cash', 'Paid', 0.00, 0.00, '', '2015-09-28', NULL, 0, 0, 0),
(188, 30, '', '', '000088', '', '', NULL, 2225.00, '', NULL, '2015-09-28', NULL, NULL, NULL, 2, NULL, 1, 2225.00, 0.00, 0.00, '', 0.00, 'Cash', 'Paid', 0.00, 0.00, '', '2015-09-28', NULL, 0, 0, 0),
(189, 92, '', '', '000091', '', '', NULL, 6500.00, '', NULL, '2015-09-30', NULL, NULL, NULL, 1, NULL, 1, 6500.00, 0.00, 0.00, '', 0.00, 'Cash', 'Paid', 0.00, 0.00, '', '2015-09-30', NULL, 0, 0, 0),
(190, 93, '', '', '000092', '', '', NULL, 500.00, '', NULL, '2015-09-30', NULL, NULL, NULL, 1, NULL, 1, 500.00, 0.00, 0.00, '', 0.00, 'Cash', 'Paid', 0.00, 0.00, '', '2015-09-30', NULL, 0, 0, 0),
(191, 94, '', '', '000093', '', '', NULL, 4000.00, '', NULL, '2015-10-01', NULL, NULL, NULL, 1, NULL, 1, 0.00, 0.00, 4000.00, '', 590.00, 'Account', 'Pending', 0.00, 4000.00, '', '2015-10-01', NULL, 0, 0, 0),
(192, 95, '', '', '21991', '', '', NULL, 31.00, '', NULL, '2015-10-01', NULL, NULL, NULL, 1, NULL, 2, 31.00, 0.00, 0.00, '', 0.00, 'Cash', 'Paid', 0.00, 0.00, '', '2015-10-01', NULL, 0, 0, 0),
(193, 96, '', '', '000094', '', '', NULL, 3000.00, '', NULL, '2015-10-01', NULL, NULL, NULL, 1, NULL, 1, 3000.00, 0.00, 0.00, '', 0.00, 'Cash', 'Paid', 0.00, 0.00, '', '2015-10-01', NULL, 0, 0, 0),
(194, 97, '', '', '000095', '', '', NULL, 350.00, '', NULL, '2015-10-01', NULL, NULL, NULL, 1, NULL, 1, 350.00, 0.00, 0.00, '', 0.00, 'Cash', 'Paid', 0.00, 0.00, '', '2015-10-01', NULL, 0, 0, 0),
(195, 97, '', '', '000096', '', '', NULL, 200.00, '', NULL, '2015-10-02', NULL, NULL, NULL, 1, NULL, 1, 200.00, 0.00, 0.00, '', 0.00, 'Cash', 'Paid', 0.00, 0.00, '', '2015-10-02', NULL, 0, 0, 0),
(196, 9, '', '', '000097', '', '', NULL, 10500.00, '0270708', NULL, '2015-10-02', NULL, NULL, NULL, 2, NULL, 1, 500.00, 10000.00, 0.00, '', 0.00, 'Other', 'Paid', 0.00, 0.00, '0270708 (P10000.00 )', '2015-10-02', NULL, 0, 0, 0),
(197, 98, '', '', '000098', '', '', NULL, 1872.00, '', NULL, '2015-10-03', NULL, NULL, NULL, 1, NULL, 1, 1872.00, 0.00, 0.00, '', 0.00, 'Cash', 'Paid', 0.00, 0.00, '', '2015-10-03', NULL, 0, 0, 0),
(199, 99, '', '', '000099', '', '', NULL, 39300.00, '', NULL, '2015-10-03', NULL, NULL, NULL, 1, NULL, 1, 39300.00, 0.00, 0.00, '', 738.64, 'Cash', 'Paid', 0.00, 0.00, '', '2015-10-03', NULL, 0, 0, 0),
(200, 2, '', '', '21992', '', '', NULL, 50.00, '', NULL, '2015-10-03', NULL, NULL, NULL, 1, NULL, 2, 50.00, 0.00, 0.00, '', 15.00, 'Cash', 'Paid', 0.00, 0.00, '', '2015-10-03', NULL, 0, 0, 0),
(201, 100, '', '', '000100', '', '', NULL, 7600.00, '', NULL, '2015-10-06', NULL, NULL, NULL, 1, 8, 1, 7600.00, 0.00, 0.00, '', 100.00, 'Cash', 'Paid', 0.00, 0.00, '', '2015-10-06', NULL, 0, 0, 0),
(202, 101, '', '', '21993', '', '', NULL, 50.00, '', NULL, '2015-10-06', NULL, NULL, NULL, 1, NULL, 2, 50.00, 0.00, 0.00, '', 15.00, 'Cash', 'Paid', 0.00, 0.00, '', '2015-10-06', NULL, 0, 0, 0),
(203, 102, '', '', '21994', '', '', NULL, 140.00, '', NULL, '2015-10-08', NULL, NULL, NULL, 2, NULL, 2, 140.00, 0.00, 0.00, '', 0.00, 'Cash', 'Paid', 0.00, 0.00, '', '2015-10-08', NULL, 0, 0, 0),
(204, 103, '', '', '000101', '', '', NULL, 874.50, '', NULL, '2015-10-08', NULL, NULL, NULL, 1, NULL, 1, 874.50, 0.00, 0.00, '', 0.00, 'Cash', 'Paid', 0.00, 0.00, '', '2015-10-08', NULL, 0, 0, 0),
(205, 104, '', '', '000102', '', '', NULL, 983.40, '', NULL, '2015-10-09', NULL, NULL, NULL, 1, NULL, 1, 983.40, 0.00, 0.00, '', 0.00, 'Cash', 'Paid', 0.00, 0.00, '', '2015-10-09', NULL, 0, 0, 0),
(206, 105, '', '', '000103', '', '', NULL, 1465.00, '', NULL, '2015-10-09', NULL, NULL, NULL, 1, NULL, 1, 1465.00, 0.00, 0.00, '', 326.00, 'Cash', 'Paid', 0.00, 0.00, '', '2015-10-09', NULL, 0, 0, 0),
(207, 106, '', '', '000104', '', '', NULL, 2360.00, '', NULL, '2015-10-09', NULL, NULL, NULL, 1, NULL, 1, 2360.00, 0.00, 0.00, '', 0.00, 'Cash', 'Paid', 0.00, 0.00, '', '2015-10-09', NULL, 0, 0, 0),
(209, 107, '', '', '21996', '', '', NULL, 7.00, '', NULL, '2015-10-09', NULL, NULL, NULL, 1, NULL, 2, 7.00, 0.00, 0.00, '', 0.00, 'Cash', 'Paid', 0.00, 0.00, '', '2015-10-09', NULL, 0, 0, 0),
(210, 108, '', '', '000105', '', '', NULL, 16370.00, '', NULL, '2015-10-09', NULL, NULL, NULL, 1, NULL, 1, 16370.00, 0.00, 0.00, '', 0.00, 'Cash', 'Paid', 0.00, 0.00, '', '2015-10-09', NULL, 0, 0, 0),
(211, 109, '', '', '000106', '', '', NULL, 12500.00, '', NULL, '2015-10-09', NULL, NULL, NULL, 1, NULL, 1, 12500.00, 0.00, 0.00, '', 1238.64, 'Cash', 'Paid', 0.00, 0.00, '', '2015-10-09', NULL, 0, 0, 0),
(215, 110, '', '', '21997', '', '', NULL, 195.00, '', NULL, '2015-10-09', NULL, NULL, NULL, 1, NULL, 2, 195.00, 0.00, 0.00, '', 0.00, 'Cash', 'Paid', 0.00, 0.00, '', '2015-10-09', NULL, 0, 0, 0),
(216, 111, '', '', '000107', '', '', NULL, 390.00, '', NULL, '2015-10-09', NULL, NULL, NULL, 1, NULL, 1, 390.00, 0.00, 0.00, '', 0.00, 'Cash', 'Paid', 0.00, 0.00, '', '2015-10-09', NULL, 0, 0, 0),
(217, 112, '', '', '000108', '', '', NULL, 430.00, '', NULL, '2015-10-09', NULL, NULL, NULL, 1, NULL, 1, 430.00, 0.00, 0.00, '', 0.00, 'Cash', 'Paid', 0.00, 0.00, '', '2015-10-09', NULL, 0, 0, 0),
(218, 113, '', '', '000109', '', '', NULL, 8500.00, 'cb-197-16311-7', '2015-10-10', '2015-10-10', NULL, NULL, NULL, 1, NULL, 1, 0.00, 8500.00, 0.00, '', -238.00, 'Cheque', 'Paid', 0.00, 0.00, 'cb-197-16311-7 (P8500.00 2015-10-10)', '2015-10-10', NULL, 0, 0, 0),
(219, 114, '', '', '000110', '', '', NULL, 5500.00, '', NULL, '2015-10-10', NULL, NULL, NULL, 1, NULL, 1, 5500.00, 0.00, 0.00, '', 700.00, 'Cash', 'Paid', 0.00, 0.00, '', '2015-10-10', NULL, 0, 0, 0),
(220, 115, '', '', '000111', '', '', NULL, 5800.00, '', NULL, '2015-10-12', NULL, NULL, NULL, 1, NULL, 1, 5800.00, 0.00, 0.00, '', 400.00, 'Cash', 'Paid', 0.00, 0.00, '', '2015-10-12', NULL, 0, 0, 0),
(221, 116, '', '', '000112', '', '', NULL, 3200.00, '', NULL, '2015-10-12', NULL, NULL, NULL, 1, NULL, 1, 3200.00, 0.00, 0.00, '', 0.00, 'Cash', 'Paid', 0.00, 0.00, '', '2015-10-12', NULL, 0, 0, 0),
(222, 117, '', '', '000113', '', '', NULL, 7800.00, '', NULL, '2015-10-12', NULL, NULL, NULL, 1, NULL, 1, 7800.00, 0.00, 0.00, '', 200.00, 'Cash', 'Paid', 0.00, 0.00, '', '2015-10-12', NULL, 0, 0, 0),
(224, 98, '', '', '000115', '', '', NULL, 1248.00, '', NULL, '2015-10-13', NULL, NULL, NULL, 1, NULL, 1, 1248.00, 0.00, 0.00, '', 0.00, 'Cash', 'Paid', 0.00, 0.00, '', '2015-10-13', NULL, 0, 0, 0),
(225, 118, '', '', '000119', '', '', NULL, 390.00, '', NULL, '2015-10-14', NULL, NULL, NULL, 1, NULL, 1, 390.00, 0.00, 0.00, '', 0.00, 'Cash', 'Paid', 0.00, 0.00, '', '2015-10-14', NULL, 0, 0, 0),
(226, 99, '', '', '000116', '', '', NULL, 23600.00, '', NULL, '2015-10-14', NULL, NULL, NULL, 1, NULL, 1, 23600.00, 0.00, 0.00, '', 1186.00, 'Cash', 'Paid', 0.00, 0.00, '', '2015-10-14', NULL, 0, 0, 0),
(227, 99, '', '', '000118', '', '', NULL, 2826.23, '', NULL, '2015-10-14', NULL, NULL, NULL, 2, NULL, 1, 2826.23, 0.00, 0.00, '', 507.17, 'Cash', 'Paid', 0.00, 0.00, '', '2015-10-14', NULL, 0, 0, 0),
(228, 99, '', '', '000117', '', '', NULL, 11422.91, '', NULL, '2015-10-14', NULL, NULL, NULL, 1, NULL, 1, 11422.91, 0.00, 0.00, '', 1249.09, 'Cash', 'Paid', 0.00, 0.00, '', '2015-10-14', NULL, 0, 0, 0),
(229, 99, '', '', '000120', '', '', NULL, 2894.42, '', NULL, '2015-10-14', NULL, NULL, NULL, 2, NULL, 1, 2894.42, 0.00, 0.00, '', 522.58, 'Cash', 'Paid', 0.00, 0.00, '', '2015-10-14', NULL, 0, 0, 0),
(230, 99, '', '', '000121', '', '', NULL, 5804.52, '', NULL, '2015-10-14', NULL, NULL, NULL, 2, NULL, 1, 5804.52, 0.00, 0.00, '', 770.48, 'Cash', 'Paid', 0.00, 0.00, '', '2015-10-14', NULL, 0, 0, 0),
(231, 99, '', '', '000122', '', '', NULL, 5235.04, '', NULL, '2015-10-14', NULL, NULL, NULL, 2, NULL, 1, 5235.04, 0.00, 0.00, '', 721.96, 'Cash', 'Paid', 0.00, 0.00, '', '2015-10-14', NULL, 0, 0, 0),
(232, 119, '', '', '000123', '', '', NULL, 3200.00, '', NULL, '2015-10-15', NULL, NULL, NULL, 1, NULL, 1, 3200.00, 0.00, 0.00, '', 0.00, 'Cash', 'Paid', 0.00, 0.00, '', '2015-10-15', NULL, 0, 0, 0),
(233, 120, '', '', '000124', '', '', NULL, 12393.00, '', NULL, '2015-10-15', NULL, NULL, NULL, 1, NULL, 1, 12393.00, 0.00, 0.00, '', 0.00, 'Cash', 'Paid', 0.00, 0.00, '', '2015-10-15', NULL, 0, 0, 0),
(234, 121, '', '', '000125', '', '', NULL, 875.65, '', NULL, '2015-10-16', NULL, NULL, NULL, 1, NULL, 1, 875.65, 0.00, 0.00, '', 0.00, 'Cash', 'Paid', 0.00, 0.00, '', '2015-10-16', NULL, 0, 0, 0),
(235, 122, '', '', '000126', '', '', NULL, 6527.18, '', NULL, '2015-10-16', NULL, NULL, NULL, 1, NULL, 1, 6527.18, 0.00, 0.00, '', 200.00, 'Cash', 'Paid', 0.00, 0.00, '', '2015-10-16', NULL, 0, 0, 0),
(236, 123, '', '', '000127', '', '', NULL, 700.00, '', NULL, '2015-10-16', NULL, NULL, NULL, 1, NULL, 1, 700.00, 0.00, 0.00, '', 0.00, 'Cash', 'Paid', 0.00, 0.00, '', '2015-10-16', NULL, 0, 0, 0),
(237, 105, '', '', '000128', '', '', NULL, 630.00, '', NULL, '2015-10-16', NULL, NULL, NULL, 1, NULL, 1, 630.00, 0.00, 0.00, '', 0.00, 'Cash', 'Paid', 0.00, 0.00, '', '2015-10-16', NULL, 0, 0, 0),
(241, 124, '', '', '000129', '', '', NULL, 2900.00, '', NULL, '2015-10-19', NULL, NULL, NULL, 2, NULL, 1, 2900.00, 0.00, 0.00, '', 0.00, 'Cash', 'Paid', 0.00, 0.00, '', '2015-10-19', NULL, 0, 0, 0),
(242, 125, '', '', '000130', '', '', NULL, 14.00, '', NULL, '2015-10-19', NULL, NULL, NULL, 1, NULL, 1, 14.00, 0.00, 0.00, '', 0.00, 'Cash', 'Paid', 0.00, 0.00, '', '2015-10-19', NULL, 0, 0, 0),
(243, 126, '', '', '21999', '', '', NULL, 40.00, '', NULL, '2015-10-19', NULL, NULL, NULL, 1, NULL, 2, 40.00, 0.00, 0.00, '', 0.00, 'Cash', 'Paid', 0.00, 0.00, '', '2015-10-19', NULL, 0, 0, 0),
(244, 127, '', '', '000131', '', '', NULL, 1500.00, '', NULL, '2015-10-19', NULL, NULL, NULL, 1, NULL, 1, 1500.00, 0.00, 0.00, '', 0.00, 'Cash', 'Paid', 0.00, 0.00, '', '2015-10-19', NULL, 0, 0, 0),
(245, 128, '', '', '000132', '', '', NULL, 3200.00, '', NULL, '2015-10-19', NULL, NULL, NULL, 1, NULL, 1, 3200.00, 0.00, 0.00, '', 0.00, 'Cash', 'Paid', 0.00, 0.00, '', '2015-10-19', NULL, 0, 0, 0),
(246, 129, '', '', '000133', '', '', NULL, 8000.00, '', NULL, '2015-10-20', NULL, NULL, NULL, 1, NULL, 1, 8000.00, 0.00, 0.00, '', 0.00, 'Cash', 'Paid', 0.00, 0.00, '', '2015-10-20', NULL, 0, 0, 0),
(247, 131, '', '', '000134', '', '', NULL, 874.50, '', NULL, '2015-10-21', NULL, NULL, NULL, 1, NULL, 1, 874.50, 0.00, 0.00, '', 0.00, 'Cash', 'Paid', 0.00, 0.00, '', '2015-10-21', NULL, 0, 0, 0),
(248, 132, '', '', '000136', '', '', NULL, 198000.00, '', NULL, '2015-10-21', NULL, NULL, NULL, 2, NULL, 1, 0.00, 0.00, 198000.00, '', 0.00, 'Account', 'Pending', 0.00, 198000.00, '', '2015-10-21', NULL, 0, 0, 0),
(249, 133, '', '', '000137', '', '', NULL, 3170.00, '', NULL, '2015-10-22', NULL, NULL, NULL, 1, NULL, 1, 3170.00, 0.00, 0.00, '', 0.00, 'Cash', 'Paid', 0.00, 0.00, '', '2015-10-22', NULL, 0, 0, 0),
(250, 134, '', '', '000138', '', '', NULL, 350.00, '', NULL, '2015-10-22', NULL, NULL, NULL, 1, NULL, 1, 350.00, 0.00, 0.00, '', 0.00, 'Cash', 'Paid', 0.00, 0.00, '', '2015-10-22', NULL, 0, 0, 0),
(251, 6, '', '', '21995', '', '', NULL, 0.00, '', NULL, '2015-10-15', NULL, NULL, NULL, 2, NULL, 2, 0.00, 0.00, 0.00, '', 0.00, 'Cash', 'Cancelled', 0.00, 0.00, '', '2015-10-15', NULL, 0, 0, 0),
(252, 135, '', '', '21611', '', 'Fix Air Log', NULL, 600.00, '', NULL, '2015-10-23', NULL, NULL, NULL, 1, 8, 2, 600.00, 0.00, 0.00, '', 200.00, 'Cash', 'Paid', 0.00, 0.00, '', '2015-10-23', NULL, 0, 0, 0),
(254, 9, '', '', '000139', '', '', NULL, 2850.00, '', NULL, '2015-10-23', NULL, NULL, NULL, 1, NULL, 1, 2850.00, 0.00, 0.00, '', 500.00, 'Cash', 'Paid', 0.00, 0.00, '', '2015-10-23', NULL, 0, 0, 0),
(255, 137, '', '', '000140', '', '', NULL, 350.00, '', NULL, '2015-10-23', NULL, NULL, NULL, 1, NULL, 1, 350.00, 0.00, 0.00, '', 0.00, 'Cash', 'Paid', 0.00, 0.00, '', '2015-10-23', NULL, 0, 0, 0),
(256, 138, '', '', '000141', '', '', NULL, 5800.00, '', NULL, '2015-10-24', NULL, NULL, NULL, 1, NULL, 1, 5800.00, 0.00, 0.00, '', 400.00, 'Cash', 'Paid', 0.00, 0.00, '', '2015-10-24', NULL, 0, 0, 0),
(257, 139, '', '', '000142', '', '', NULL, 18400.00, '', NULL, '2015-10-24', NULL, NULL, NULL, 1, NULL, 1, 18400.00, 0.00, 0.00, '', 372.00, 'Cash', 'Paid', 0.00, 0.00, '', '2015-10-24', NULL, 0, 0, 0),
(258, 140, '', '', '000144', '', '', NULL, 150.00, 'LB0270747', '2015-10-23', '2015-10-26', NULL, NULL, NULL, 1, NULL, 1, 0.00, 150.00, 0.00, '', 0.00, 'Cheque', 'Paid', 0.00, 0.00, 'LB0270747 (P0.00 2015-10-23)', '2015-10-26', NULL, 0, 0, 0),
(259, 9, '', '', '000143', '', '', NULL, 5500.00, '', NULL, '2015-10-26', NULL, NULL, NULL, 2, NULL, 1, 5500.00, 0.00, 0.00, '', -5500.00, 'Cash', 'Paid', 0.00, 0.00, '', '2015-10-26', NULL, 0, 0, 0),
(260, 98, '', '', '000145', '', '', NULL, 780.00, '', NULL, '2015-10-27', NULL, NULL, NULL, 1, NULL, 1, 780.00, 0.00, 0.00, '', 0.00, 'Cash', 'Paid', 0.00, 0.00, '', '2015-10-27', NULL, 0, 0, 0),
(261, 143, '', '', '000146', '', '', NULL, 2700.00, '', NULL, '2015-10-27', NULL, NULL, NULL, 1, NULL, 1, 2700.00, 0.00, 0.00, '', 0.00, 'Cash', 'Paid', 0.00, 0.00, '', '2015-10-27', NULL, 0, 0, 0),
(262, 6, '', '', '21998', '', '', NULL, 0.00, '', NULL, '2015-10-15', NULL, NULL, NULL, 2, NULL, 2, 0.00, 0.00, 0.00, '', 0.00, 'Account', 'Cancelled', 0.00, 0.00, '', '2015-10-15', NULL, 0, 0, 0),
(263, 144, '', '', '21602', '', '', NULL, 52.50, '', NULL, '2015-10-27', NULL, NULL, NULL, 2, NULL, 2, 52.50, 0.00, 0.00, '', 0.00, 'Cash', 'Paid', 0.00, 0.00, '', '2015-10-27', NULL, 0, 0, 0),
(264, 145, '', '', '21601', '', '', NULL, 20.00, '', NULL, '2015-10-27', NULL, NULL, NULL, 1, NULL, 2, 20.00, 0.00, 0.00, '', 0.00, 'Cash', 'Paid', 0.00, 0.00, '', '2015-10-27', NULL, 0, 0, 0),
(265, 146, '', '', '000147', '', '', NULL, 9300.00, '', NULL, '2015-10-27', NULL, NULL, NULL, 2, NULL, 1, 9300.00, 0.00, 0.00, '', 1540.00, 'Cash', 'Paid', 0.00, 0.00, '', '2015-10-27', NULL, 0, 0, 0),
(266, 147, '', '', '000148', '', '', NULL, 7300.00, '', NULL, '2015-10-28', NULL, NULL, NULL, 1, NULL, 1, 7300.00, 0.00, 0.00, '', 200.00, 'Cash', 'Paid', 0.00, 0.00, '', '2015-10-28', NULL, 0, 0, 0),
(267, 144, '', '', '21603', '', '', NULL, 52.50, '', NULL, '2015-10-29', NULL, NULL, NULL, 1, NULL, 2, 52.50, 0.00, 0.00, '', 0.00, 'Cash', 'Paid', 0.00, 0.00, '', '2015-10-29', NULL, 0, 0, 0),
(268, 148, '', '', '000149', '', '', NULL, 170.00, '', NULL, '2015-10-29', NULL, NULL, NULL, 1, NULL, 1, 170.00, 0.00, 0.00, '', 0.00, 'Cash', 'Paid', 0.00, 0.00, '', '2015-10-29', NULL, 0, 0, 0),
(274, 149, '', '', '000150', '', '', NULL, 5700.00, '', NULL, '2015-10-29', NULL, NULL, NULL, 1, NULL, 1, 5700.00, 0.00, 0.00, '', 150.00, 'Cash', 'Paid', 0.00, 0.00, '', '2015-10-29', NULL, 0, 0, 0),
(275, 150, '', '', '000151', '', '', NULL, 874.50, '', NULL, '2015-10-29', NULL, NULL, NULL, 1, NULL, 1, 874.50, 0.00, 0.00, '', 0.00, 'Cash', 'Paid', 0.00, 0.00, '', '2015-10-29', NULL, 0, 0, 0),
(276, 16, '', '', '21604', '', '', NULL, 1515.18, '', NULL, '2015-10-29', NULL, NULL, NULL, 1, NULL, 2, 0.00, 0.00, 1515.18, '', 0.00, 'Account', 'Pending', 0.00, 1515.18, '', '2015-10-29', NULL, 0, 0, 0),
(277, 6, '', '', '21605', '', '', NULL, 0.00, '', NULL, '2015-10-29', NULL, NULL, NULL, 1, NULL, 2, 0.00, 0.00, 0.00, '', 0.00, 'Account', 'Cancelled', 0.00, 0.00, '', '2015-10-29', NULL, 0, 0, 0),
(281, 151, '', '', '000152', '', '', NULL, 2900.00, '', NULL, '2015-10-29', NULL, NULL, NULL, 1, NULL, 1, 2900.00, 0.00, 0.00, '', 100.00, 'Cash', 'Paid', 0.00, 0.00, '', '2015-10-29', NULL, 0, 0, 0),
(282, 152, '', '', '000153', '', '', NULL, 170.00, '', NULL, '2015-10-30', NULL, NULL, NULL, 1, NULL, 1, 170.00, 0.00, 0.00, '', 0.00, 'Cash', 'Paid', 0.00, 0.00, '', '2015-10-30', NULL, 0, 0, 0),
(283, 116, '', '', '000154', '', '', NULL, 3200.00, '', NULL, '2015-10-30', NULL, NULL, NULL, 1, NULL, 1, 3200.00, 0.00, 0.00, '', 0.00, 'Cash', 'Paid', 0.00, 0.00, '', '2015-10-30', NULL, 0, 0, 0),
(284, 153, '', '', '000155', '', '', NULL, 350.00, '', NULL, '2015-11-02', NULL, NULL, NULL, 2, NULL, 1, 350.00, 0.00, 0.00, '', 0.00, 'Cash', 'Paid', 0.00, 0.00, '', '2015-11-02', NULL, 0, 0, 0),
(285, 154, '', '', '000156', '', '', NULL, 2500.00, '', NULL, '2015-11-02', NULL, NULL, NULL, 1, NULL, 1, 2500.00, 0.00, 0.00, '', -2240.00, 'Cash', 'Paid', 0.00, 0.00, '', '2015-11-02', NULL, 0, 0, 0),
(286, 155, '', '', '000157', '', '', NULL, 270.00, '', NULL, '2015-11-02', NULL, NULL, NULL, 2, NULL, 1, 270.00, 0.00, 0.00, '', 0.00, 'Cash', 'Paid', 0.00, 0.00, '', '2015-11-02', NULL, 0, 0, 0),
(287, 155, '', '', '21607', '', '', NULL, 106.50, '', NULL, '2015-11-02', NULL, NULL, NULL, 2, NULL, 2, 106.50, 0.00, 0.00, '', 0.00, 'Cash', 'Paid', 0.00, 0.00, '', '2015-11-02', NULL, 0, 0, 0),
(288, 156, '', '', '000158', '', '', NULL, 3200.00, '', NULL, '2015-11-02', NULL, NULL, NULL, 2, NULL, 1, 3200.00, 0.00, 0.00, '', 0.00, 'Cash', 'Paid', 0.00, 0.00, '', '2015-11-02', NULL, 0, 0, 0),
(293, 156, '', '', '21608', '', '', NULL, 14.00, '', NULL, '2015-11-02', NULL, NULL, NULL, 2, NULL, 2, 14.00, 0.00, 0.00, '', 0.00, 'Cash', 'Paid', 0.00, 0.00, '', '2015-11-02', NULL, 0, 0, 0),
(294, 156, '', '', '000159', '', '', NULL, 390.00, '', NULL, '2015-11-02', NULL, NULL, NULL, 2, NULL, 1, 390.00, 0.00, 0.00, '', 0.00, 'Cash', 'Paid', 0.00, 0.00, '', '2015-11-02', NULL, 0, 0, 0),
(295, 157, '', '', '000160', '', '', NULL, 417.54, '', NULL, '2015-11-03', NULL, NULL, NULL, 2, NULL, 1, 417.54, 0.00, 0.00, '', 0.00, 'Cash', 'Paid', 0.00, 0.00, '', '2015-11-03', NULL, 0, 0, 0),
(296, 158, '', '', '21609', '', '', NULL, 14.00, '', NULL, '2015-11-04', NULL, NULL, NULL, 2, NULL, 2, 14.00, 0.00, 0.00, '', 0.00, 'Cash', 'Paid', 0.00, 0.00, '', '2015-11-04', NULL, 0, 0, 0),
(297, 159, '', '', '000161', '', '', NULL, 86700.00, '', NULL, '2015-11-04', NULL, NULL, NULL, 2, NULL, 1, 86700.00, 0.00, 0.00, '', -85000.00, 'Cash', 'Paid', 0.00, 0.00, '', '2015-11-04', NULL, 0, 0, 0),
(298, 125, '', '', '21612', '', '', NULL, 14.00, '', NULL, '2015-11-05', NULL, NULL, NULL, 2, NULL, 2, 14.00, 0.00, 0.00, '', 0.00, 'Cash', 'Paid', 0.00, 0.00, '', '2015-11-05', NULL, 0, 0, 0),
(299, 160, '', '', '000162', '', '', NULL, 11538.00, '', NULL, '2015-11-05', NULL, NULL, NULL, 2, NULL, 1, 11538.00, 0.00, 0.00, '', 0.00, 'Cash', 'Paid', 0.00, 0.00, '', '2015-11-05', NULL, 0, 0, 0),
(300, 160, '', '', '21613', '', '', NULL, 10000.00, '', NULL, '2015-11-05', NULL, NULL, NULL, 1, NULL, 2, 10000.00, 0.00, 0.00, '', -10000.00, 'Cash', 'Paid', 0.00, 0.00, '', '2015-11-05', NULL, 0, 0, 0),
(301, 154, '', '', '000163', '', '', NULL, 2400.00, '', NULL, '2015-11-06', NULL, NULL, NULL, 2, NULL, 1, 2400.00, 0.00, 0.00, '', -2400.00, 'Cash', 'Paid', 0.00, 0.00, '', '2015-11-06', NULL, 0, 0, 0),
(302, 161, '', '', '21616', '', '', NULL, 7.00, '', NULL, '2015-11-06', NULL, NULL, NULL, 2, NULL, 2, 7.00, 0.00, 0.00, '', 0.00, 'Cash', 'Paid', 0.00, 0.00, '', '2015-11-06', NULL, 0, 0, 0),
(303, 162, '', '', '000164', '', '', NULL, 350.00, '', NULL, '2015-11-06', NULL, NULL, NULL, 2, NULL, 1, 350.00, 0.00, 0.00, '', 0.00, 'Cash', 'Paid', 0.00, 0.00, '', '2015-11-06', NULL, 0, 0, 0),
(304, 98, '', '', '000165', '', '', NULL, 234.00, '', NULL, '2015-11-06', NULL, NULL, NULL, 2, NULL, 1, 234.00, 0.00, 0.00, '', 0.00, 'Cash', 'Paid', 0.00, 0.00, '', '2015-11-06', NULL, 0, 0, 0),
(307, 163, '', '', '21617', '', '', NULL, 65.00, '', NULL, '2015-11-07', NULL, NULL, NULL, 2, NULL, 2, 65.00, 0.00, 0.00, '', 0.00, 'Cash', 'Paid', 0.00, 0.00, '', '2015-11-07', NULL, 0, 0, 0),
(308, 92, '', '', '21614', '', 'Installation 42 Gallons', NULL, 1200.00, '', NULL, '2015-11-07', NULL, NULL, NULL, 2, 8, 2, 1200.00, 0.00, 0.00, '', -500.00, 'Cash', 'Paid', 0.00, 0.00, '', '2015-11-07', NULL, 0, 0, 0),
(309, 164, '', '', '000166', '', '', NULL, 170.00, '', NULL, '2015-11-07', NULL, NULL, NULL, 2, NULL, 1, 170.00, 0.00, 0.00, '', 0.00, 'Cash', 'Paid', 0.00, 0.00, '', '2015-11-07', NULL, 0, 0, 0),
(310, 165, '', '', '000167', '', '', NULL, 6885.00, '', NULL, '2015-11-07', NULL, NULL, NULL, 2, NULL, 1, 6885.00, 0.00, 0.00, '', 0.00, 'Cash', 'Paid', 0.00, 0.00, '', '2015-11-07', NULL, 0, 0, 0),
(311, 166, '', '', '000168', '', '', NULL, 0.00, '', NULL, '2015-11-07', NULL, NULL, NULL, 2, NULL, 1, 0.00, 0.00, 0.00, '', 0.00, 'Cash', 'Cancelled', 0.00, 0.00, '', '2015-11-07', NULL, 0, 0, 0),
(312, 166, '', '', '000169', '', '', NULL, 6300.00, '', NULL, '2015-11-07', NULL, NULL, NULL, 2, NULL, 1, 6300.00, 0.00, 0.00, '', 200.00, 'Cash', 'Paid', 0.00, 0.00, '', '2015-11-07', NULL, 0, 0, 0),
(313, 91, '', '', '000170', '', '', NULL, 8875.60, 'CB-A1091221', '2015-11-23', '2015-11-07', NULL, NULL, NULL, 2, NULL, 1, 0.00, 0.00, 8875.60, '', 200.00, 'Account', 'Pending', 0.00, 8875.60, 'CB-A1091221 (P0.00 2015-11-23)', '2015-11-07', NULL, 0, 0, 0),
(314, 91, '', '', '21618', '', '', NULL, 18.79, '', NULL, '2015-11-07', NULL, NULL, NULL, 2, NULL, 2, 0.00, 0.00, 18.79, '', 0.00, 'Account', 'Paid', 0.00, 0.00, '', '2015-11-07', NULL, 0, 0, 0),
(315, 167, '', '', '000171', '', '', NULL, 7900.00, '', NULL, '2015-11-09', NULL, NULL, NULL, 2, NULL, 1, 7900.00, 0.00, 0.00, '', 400.00, 'Cash', 'Paid', 0.00, 0.00, '', '2015-11-09', NULL, 0, 0, 0),
(316, 167, '', '', '000172', '', '', NULL, 350.00, '', NULL, '2015-11-09', NULL, NULL, NULL, 2, NULL, 1, 350.00, 0.00, 0.00, '', 0.00, 'Cash', 'Paid', 0.00, 0.00, '', '2015-11-09', NULL, 0, 0, 0),
(317, 168, '', '', '21619', '', '', NULL, 14.00, '', NULL, '2015-11-09', NULL, NULL, NULL, 2, NULL, 2, 14.00, 0.00, 0.00, '', 0.00, 'Cash', 'Paid', 0.00, 0.00, '', '2015-11-09', NULL, 0, 0, 0),
(318, 91, '', '', '000173', '', '', NULL, 470.00, '', NULL, '2015-11-09', NULL, NULL, NULL, 2, NULL, 1, 470.00, 0.00, 0.00, '', -470.00, 'Cash', 'Paid', 0.00, 0.00, '', '2015-11-09', NULL, 0, 0, 0),
(319, 154, '', '', '000174', '', '', NULL, 3000.00, '', NULL, '2015-11-09', NULL, NULL, NULL, 2, NULL, 1, 3000.00, 0.00, 0.00, '', 120.00, 'Cash', 'Paid', 0.00, 0.00, '', '2015-11-09', NULL, 0, 0, 0),
(320, 116, '', '', '000175', '', '', NULL, 2900.00, '', NULL, '2015-11-09', NULL, NULL, NULL, 2, NULL, 1, 2900.00, 0.00, 0.00, '', 0.00, 'Cash', 'Paid', 0.00, 0.00, '', '2015-11-09', NULL, 0, 0, 0),
(321, 169, '', '', '000176', '', '', NULL, 65.00, '', NULL, '2015-11-09', NULL, NULL, NULL, 2, NULL, 1, 65.00, 0.00, 0.00, '', 0.00, 'Cash', 'Paid', 0.00, 0.00, '', '2015-11-09', NULL, 0, 0, 0),
(322, 116, '', '', '21620', '', '', NULL, 5595.48, '', NULL, '2015-11-09', NULL, NULL, NULL, 2, NULL, 2, 5595.48, 0.00, 0.00, '', 0.00, 'Cash', 'Paid', 0.00, 0.00, '', '2015-11-09', NULL, 0, 0, 0),
(323, 163, '', '', '21621', '', '', NULL, 65.00, '', NULL, '2015-11-10', NULL, NULL, NULL, 2, NULL, 2, 65.00, 0.00, 0.00, '', 0.00, 'Cash', 'Paid', 0.00, 0.00, '', '2015-11-10', NULL, 0, 0, 0),
(324, 170, '', '', '000177', '', '', NULL, 10890.00, '', NULL, '2015-11-10', NULL, NULL, NULL, 2, NULL, 1, 10890.00, 0.00, 0.00, '', 0.00, 'Cash', 'Paid', 0.00, 0.00, '', '2015-11-10', NULL, 0, 0, 0),
(325, 171, '', '', '000178', '', '', NULL, 6500.00, '', NULL, '2015-11-11', NULL, NULL, NULL, 2, NULL, 1, 6500.00, 0.00, 0.00, '', 0.00, 'Cash', 'Paid', 0.00, 0.00, '', '2015-11-11', NULL, 0, 0, 0),
(326, 172, '', '', '000179', '', '', NULL, 4895.00, '', NULL, '2015-11-11', NULL, NULL, NULL, 2, NULL, 1, 4895.00, 0.00, 0.00, '', 5.00, 'Cash', 'Paid', 0.00, 0.00, '', '2015-11-11', NULL, 0, 0, 0),
(327, 173, '', '', '000180', '', '', NULL, 525.00, '', NULL, '2015-11-12', NULL, NULL, NULL, 2, NULL, 1, 525.00, 0.00, 0.00, '', 0.00, 'Cash', 'Paid', 0.00, 0.00, '', '2015-11-12', NULL, 0, 0, 0);
INSERT INTO `invoice` (`id`, `customer_id`, `customer_name`, `customer_phone`, `invno`, `ponumber`, `notes`, `payonly`, `total`, `cheque`, `chequedate`, `date`, `duedate`, `datepaid`, `terms_id`, `salesman_id`, `technician_id`, `template_id`, `cash`, `chequeamt`, `credit`, `discrate`, `discamt`, `saletype`, `status`, `dsrdeduction`, `balance`, `chequedata`, `checkcleardate`, `checkcollectevents`, `hidden`, `is_inspected`, `is_temporary`) VALUES
(329, 99, '', '', '000181', '', '', NULL, 6000.00, '', NULL, '2015-11-12', NULL, NULL, NULL, 2, NULL, 1, 6000.00, 0.00, 0.00, '', 0.00, 'Cash', 'Paid', 0.00, 0.00, '', '2015-11-12', NULL, 0, 0, 0),
(330, 9, '', '', '000182', '', '', NULL, 23820.00, 'LB-0270794', '2015-11-14', '2015-11-14', NULL, NULL, NULL, 2, NULL, 1, 0.00, 23820.00, 0.00, '', 0.00, 'Cheque', 'Paid', 0.00, 0.00, 'LB-0270794 (P0.00 2015-11-14)', '2015-11-14', NULL, 0, 0, 0),
(331, 9, '', '', '000183', '', '', NULL, 1165.00, '', NULL, '2015-11-14', NULL, NULL, NULL, 2, NULL, 1, 1165.00, 0.00, 0.00, '', 0.00, 'Cash', 'Paid', 0.00, 0.00, '', '2015-11-14', NULL, 0, 0, 0),
(332, 174, '', '', '000184', '', '', NULL, 7900.00, '', NULL, '2015-11-14', NULL, NULL, NULL, 2, NULL, 1, 7900.00, 0.00, 0.00, '', 462.64, 'Cash', 'Paid', 0.00, 0.00, '', '2015-11-14', NULL, 0, 0, 0),
(333, 175, '', '', '000185', '', '', NULL, 1200.00, '', NULL, '2015-11-14', NULL, NULL, NULL, 2, NULL, 1, 1200.00, 0.00, 0.00, '', 0.00, 'Cash', 'Paid', 0.00, 0.00, '', '2015-11-14', NULL, 0, 0, 0),
(334, 175, '', '', '000186', '', '', NULL, 5800.00, '', NULL, '2015-11-14', NULL, NULL, NULL, 2, NULL, 1, 5800.00, 0.00, 0.00, '', 200.00, 'Cash', 'Paid', 0.00, 0.00, '', '2015-11-14', NULL, 0, 0, 0),
(335, 99, '', '', '000187', '', '', NULL, 4713.08, '', NULL, '2015-11-14', NULL, NULL, NULL, 2, NULL, 1, 4713.08, 0.00, 0.00, '', 0.00, 'Cash', 'Paid', 0.00, 0.00, '', '2015-11-14', NULL, 0, 0, 0),
(336, 176, '', '', '000188', '', '', NULL, 3200.00, '', NULL, '2015-11-14', NULL, NULL, NULL, 2, NULL, 1, 3200.00, 0.00, 0.00, '', 0.00, 'Cash', 'Paid', 0.00, 0.00, '', '2015-11-14', NULL, 0, 0, 0),
(337, 176, '', '', '21623', '', '', NULL, 214.50, '', NULL, '2015-11-14', NULL, NULL, NULL, 2, NULL, 2, 214.50, 0.00, 0.00, '', 0.00, 'Cash', 'Paid', 0.00, 0.00, '', '2015-11-14', NULL, 0, 0, 0),
(338, 177, '', '', '000189', '', '', NULL, 874.50, '', NULL, '2015-11-16', NULL, NULL, NULL, 2, NULL, 1, 874.50, 0.00, 0.00, '', 0.00, 'Cash', 'Paid', 0.00, 0.00, '', '2015-11-16', NULL, 0, 0, 0),
(339, 101, '', '', '21624', '', '', NULL, 65.00, '', NULL, '2015-11-16', NULL, NULL, NULL, 2, NULL, 2, 65.00, 0.00, 0.00, '', 0.00, 'Cash', 'Paid', 0.00, 0.00, '', '2015-11-16', NULL, 0, 0, 0),
(340, 178, '', '', '000190', '', '', NULL, 24052.15, '', NULL, '2015-11-16', NULL, NULL, NULL, 1, 8, 1, 24052.15, 0.00, 0.00, '', -2400.00, 'Cash', 'Paid', 0.00, 0.00, '', '2015-11-16', NULL, 0, 0, 0),
(341, 179, '', '', '000191', '', '', NULL, 0.00, '', NULL, '2015-11-17', NULL, NULL, NULL, 2, NULL, 1, 0.00, 0.00, 0.00, '', 0.00, 'Cash', 'Cancelled', 0.00, 0.00, '', '2015-11-17', NULL, 0, 0, 0),
(343, 179, '', '', '000192', '', '', NULL, 6800.00, '', NULL, '2015-11-17', NULL, NULL, NULL, 2, NULL, 1, 6800.00, 0.00, 0.00, '', 162.64, 'Cash', 'Paid', 0.00, 0.00, '', '2015-11-17', NULL, 0, 0, 0),
(344, 181, '', '', '000193', '', '', NULL, 4914.00, '', NULL, '2015-11-18', NULL, NULL, NULL, 2, NULL, 1, 4914.00, 0.00, 0.00, '', 0.00, 'Cash', 'Paid', 0.00, 0.00, '', '2015-11-18', NULL, 0, 0, 0),
(345, 16, '', '', '21606', '', '', NULL, 823.00, '', NULL, '2015-10-30', NULL, NULL, NULL, 1, NULL, 2, 0.00, 0.00, 823.00, '', 0.00, 'Account', 'Pending', 0.00, 823.00, '', '2015-10-30', NULL, 0, 0, 0),
(346, 182, '', '', '000194', '', '', NULL, 6675.00, '', NULL, '2015-11-18', NULL, NULL, NULL, 2, NULL, 1, 6675.00, 0.00, 0.00, '', 0.00, 'Cash', 'Paid', 0.00, 0.00, '', '2015-11-18', NULL, 0, 0, 0),
(347, 183, '', '', '000195', '', '', NULL, 6885.00, '', NULL, '2015-11-19', NULL, NULL, NULL, 2, NULL, 1, 6885.00, 0.00, 0.00, '', 0.00, 'Cash', 'Paid', 0.00, 0.00, '', '2015-11-19', NULL, 0, 0, 0),
(349, 181, '', '', '000196', '', '', NULL, 348.00, '', NULL, '2015-11-19', NULL, NULL, NULL, 2, NULL, 1, 348.00, 0.00, 0.00, '', 0.00, 'Cash', 'Paid', 0.00, 0.00, '', '2015-11-19', NULL, 0, 0, 0),
(350, 184, '', '', '000197', '', '', NULL, 337.00, '', NULL, '2015-11-19', NULL, NULL, NULL, 2, NULL, 1, 337.00, 0.00, 0.00, '', 0.00, 'Cash', 'Paid', 0.00, 0.00, '', '2015-11-19', NULL, 0, 0, 0),
(351, 185, '', '', '000198', '', '', NULL, 670.00, '', NULL, '2015-11-19', NULL, NULL, NULL, 2, NULL, 1, 670.00, 0.00, 0.00, '', 0.00, 'Cash', 'Paid', 0.00, 0.00, '', '2015-11-19', NULL, 0, 0, 0),
(354, 132, '', '', '000200', '', '', NULL, 1530.00, '', NULL, '2015-11-19', NULL, NULL, NULL, 2, NULL, 1, 1530.00, 0.00, 0.00, '', 21.00, 'Cash', 'Paid', 0.00, 0.00, '', '2015-11-19', NULL, 0, 0, 0),
(355, 50, '', '09156326671', '000208', '', '', NULL, 1254.00, '', NULL, '2015-11-20', NULL, NULL, NULL, 2, NULL, 1, 1254.00, 0.00, 0.00, '', 20.00, 'Cash', 'Paid', 0.00, 0.00, '', '2015-11-20', NULL, 0, 0, 0),
(356, 183, '', '', '000209', '', '', NULL, 935.00, '', NULL, '2015-11-20', NULL, NULL, NULL, 2, NULL, 1, 935.00, 0.00, 0.00, '', 0.00, 'Cash', 'Paid', 0.00, 0.00, '', '2015-11-20', NULL, 0, 0, 0),
(357, 187, '', '', '000210', '', '', NULL, 646.00, '', NULL, '2015-11-21', NULL, NULL, NULL, 2, NULL, 1, 646.00, 0.00, 0.00, '', 0.00, 'Cash', 'Paid', 0.00, 0.00, '', '2015-11-21', NULL, 0, 0, 0),
(358, 145, '', '', '21625', '', '', NULL, 7.00, '', NULL, '2015-11-21', NULL, NULL, NULL, 2, NULL, 2, 7.00, 0.00, 0.00, '', 0.00, 'Cash', 'Paid', 0.00, 0.00, '', '2015-11-21', NULL, 0, 0, 0),
(359, 188, '', '', '000212', '', 'OP 5800\r\nPO 5200', NULL, 5200.00, '', NULL, '2015-11-21', NULL, NULL, NULL, 2, NULL, 1, 5200.00, 0.00, 0.00, '', -203.02, 'Cash', 'Paid', 0.00, 0.00, '', '2015-11-21', NULL, 0, 0, 0),
(360, 189, '', '', '000213', '', 'interoffice no.21961', NULL, 7200.00, 'bdo-0000246906', '2015-11-28', '2015-11-21', NULL, NULL, NULL, 2, NULL, 1, 0.00, 7200.00, 0.00, '', 800.00, 'Cheque', 'Paid', 0.00, 0.00, 'bdo-0000246906 (P7200.00 2015-11-28)', '2015-11-21', NULL, 0, 0, 0),
(361, 6, '', '', '000202', '', 'inter office no-21953', NULL, 11500.00, 'pnb-0000724167', '2015-11-28', '2015-11-24', NULL, NULL, NULL, 2, NULL, 1, 0.00, 11500.00, 0.00, '', 1962.64, 'Cheque', 'Paid', 0.00, 0.00, 'pnb-0000724167 (P11500.00 2015-11-28)', '2015-11-21', NULL, 0, 0, 0),
(362, 6, '', '', '000203', '', 'interoffice no.21968', NULL, 7200.00, 'pnb-0000724167', '2015-11-28', '2015-11-27', NULL, NULL, NULL, 2, NULL, 1, 0.00, 7200.00, 0.00, '', 800.00, 'Cheque', 'Paid', 0.00, 0.00, 'pnb-0000724167 (P0.00 2015-11-28)', '2015-11-21', NULL, 0, 0, 0),
(363, 6, '', '', '000204', '', 'inter office no.21989 Changed to 000204', NULL, 46000.00, 'pnb-0000724167', '2015-11-28', '2015-11-30', NULL, NULL, NULL, 2, NULL, 1, 0.00, 46000.00, 0.00, '', 7850.56, 'Cheque', 'Paid', 0.00, 0.00, 'pnb-0000724167 (P46000.00 2015-11-28)', '2015-11-21', NULL, 0, 0, 0),
(364, 190, '09124477528', '', '000211', '', 'refund coz the items did not reach', NULL, 0.00, '', NULL, '2015-11-21', NULL, NULL, NULL, 2, NULL, 1, -13300.00, 0.00, 13300.00, '', 0.00, 'Other', 'Cancelled', 0.00, 13300.00, '', '2015-11-21', NULL, 0, 0, 0),
(365, 6, '', '', '000205', '', 'inter office no.21998', NULL, 28800.00, 'pnb-0000724167', '2015-11-28', '2015-12-07', NULL, NULL, NULL, 2, NULL, 1, 0.00, 28800.00, 0.00, '', 3200.00, 'Cheque', 'Paid', 0.00, 0.00, 'pnb-0000724167 (P28800.00 2015-11-28)', '2015-11-21', NULL, 0, 0, 0),
(366, 6, '', '', '000206', '', 'Interoffice # 21995 change to CI# 000206\r\n', NULL, 61135.00, 'pnb-0000724167', '2015-11-28', '2015-12-18', NULL, NULL, NULL, 2, NULL, 1, 0.00, 61135.00, 0.00, '', 3615.00, 'Cheque', 'Paid', 0.00, 0.00, 'pnb-0000724167 (P61135.00 2015-11-28)', '2015-11-21', NULL, 0, 0, 0),
(367, 6, '', '', '000207', '', 'interoffice no-21605', NULL, 19427.00, 'pnb-0000724167', '2015-11-28', '2015-12-10', NULL, NULL, NULL, 2, NULL, 1, 0.00, 19427.00, 0.00, '', 1523.00, 'Cheque', 'Paid', 0.00, 0.00, 'pnb-0000724167 (P19427.00 2015-11-28)', '2015-11-21', NULL, 0, 0, 0),
(368, 170, '09075053836', '', '000214', '', '', NULL, 10890.00, '', NULL, '2015-11-23', NULL, NULL, NULL, 2, NULL, 1, 10890.00, 0.00, 0.00, '', 0.00, 'Cash', 'Paid', 0.00, 0.00, '', '2015-11-23', NULL, 0, 0, 0),
(369, 154, '', '', '000215', '', 'defective duct hose 4" 2 meters', NULL, 2300.00, '', NULL, '2015-11-23', NULL, NULL, NULL, 2, NULL, 1, 2300.00, 0.00, 0.00, '', 138.00, 'Cash', 'Paid', 0.00, 0.00, '', '2015-11-23', NULL, 0, 0, 0),
(370, 191, '', '', '21626', '', '', NULL, 5750.00, '', NULL, '2015-11-23', NULL, NULL, NULL, 2, NULL, 2, 0.00, 0.00, 5750.00, '', 250.00, 'Account', 'Pending', 0.00, 5750.00, '', '2015-11-23', NULL, 0, 0, 0),
(371, 192, '', '', '000216', '', '', NULL, 780.00, '', NULL, '2015-11-24', NULL, NULL, NULL, 2, NULL, 1, 780.00, 0.00, 0.00, '', 0.00, 'Cash', 'Paid', 0.00, 0.00, '', '2015-11-24', NULL, 0, 0, 0),
(372, 193, '', '', '000217', '', '', NULL, 8262.00, '', NULL, '2015-11-24', NULL, NULL, NULL, 2, NULL, 1, 8262.00, 0.00, 0.00, '', 0.00, 'Cash', 'Paid', 0.00, 0.00, '', '2015-11-24', NULL, 0, 0, 0),
(373, 194, '', '', '000218', '', '', NULL, 8262.00, '', NULL, '2015-11-24', NULL, NULL, NULL, 2, NULL, 1, 8262.00, 0.00, 0.00, '', 0.00, 'Cash', 'Paid', 0.00, 0.00, '', '2015-11-24', NULL, 0, 0, 0),
(374, 195, '', '', '000219', '', '', NULL, 5260.00, '', NULL, '2015-11-25', NULL, NULL, NULL, 2, NULL, 1, 5260.00, 0.00, 0.00, '', 0.00, 'Cash', 'Paid', 0.00, 0.00, '', '2015-11-25', NULL, 0, 0, 0),
(375, 196, '', '', '000220', '', '', NULL, 700.00, '', NULL, '2015-11-26', NULL, NULL, NULL, 2, NULL, 1, 700.00, 0.00, 0.00, '', 0.00, 'Cash', 'Paid', 0.00, 0.00, '', '2015-11-26', NULL, 0, 0, 0),
(376, 154, '', '', '000221', '', '', NULL, 4750.00, '', NULL, '2015-11-26', NULL, NULL, NULL, 2, NULL, 1, 4750.00, 0.00, 0.00, '', 158.00, 'Cash', 'Paid', 0.00, 0.00, '', '2015-11-26', NULL, 0, 0, 0),
(377, 125, '', '', '000222', '', '', NULL, 14.00, '', NULL, '2015-11-27', NULL, NULL, NULL, 2, NULL, 1, 14.00, 0.00, 0.00, '', 0.00, 'Cash', 'Paid', 0.00, 0.00, '', '2015-11-27', NULL, 0, 0, 0),
(378, 197, '', '', '000223', '', '', NULL, 2664.70, '', NULL, '2015-11-27', NULL, NULL, NULL, 2, NULL, 1, 2664.70, 0.00, 0.00, '', 0.00, 'Cash', 'Paid', 0.00, 0.00, '', '2015-11-27', NULL, 0, 0, 0),
(380, 198, '', '', '000224', '', '', NULL, 3200.00, '', NULL, '2015-11-27', NULL, NULL, NULL, 2, NULL, 1, 3200.00, 0.00, 0.00, '', 0.00, 'Cash', 'Paid', 0.00, 0.00, '', '2015-11-27', NULL, 0, 0, 0),
(381, 6, '', '', '000225', '', '', NULL, 0.00, '', NULL, '2015-11-27', NULL, NULL, NULL, 2, NULL, 1, 0.00, 0.00, 0.00, '', 0.00, 'Account', 'Cancelled', 0.00, 0.00, '', '2015-11-27', NULL, 0, 0, 0),
(383, 193, '', '', '000226', '', '', NULL, 8160.00, '', NULL, '2015-11-27', NULL, NULL, NULL, 2, NULL, 1, 8160.00, 0.00, 0.00, '', 0.00, 'Cash', 'Cancelled', 0.00, 0.00, '', '2015-11-27', NULL, 0, 0, 0),
(384, 6, '', '', '21628', '', '', NULL, 900.00, '', NULL, '2015-11-27', NULL, NULL, NULL, 2, NULL, 2, 0.00, 0.00, 900.00, '', 220.00, 'Account', 'Pending', 0.00, 900.00, '', '2015-11-27', NULL, 0, 0, 0),
(385, 6, '', '', '21629', '', '', NULL, 0.00, '', NULL, '2015-11-27', NULL, NULL, NULL, 2, NULL, 2, 0.00, 0.00, 0.00, '', 0.00, 'Account', 'Cancelled', 0.00, 0.00, '', '2015-11-27', NULL, 0, 0, 0),
(386, 199, '', '', '000227', '', '', NULL, 490.00, '', NULL, '2015-11-28', NULL, NULL, NULL, 2, NULL, 1, 490.00, 0.00, 0.00, '', 0.00, 'Cash', 'Paid', 0.00, 0.00, '', '2015-11-28', NULL, 0, 0, 0),
(387, 132, '', '', '000199', '', '', NULL, 0.00, '', NULL, '2015-11-19', NULL, NULL, NULL, 2, NULL, 1, 0.00, 0.00, 0.00, '', 0.00, 'Cash', 'Cancelled', 0.00, 0.00, '', '2015-11-19', NULL, 0, 0, 0),
(388, 200, '', '', '000228', '', '', NULL, 600.00, '', NULL, '2015-11-30', NULL, NULL, NULL, 2, NULL, 1, 600.00, 0.00, 0.00, '', 0.00, 'Cash', 'Paid', 0.00, 0.00, '', '2015-11-30', NULL, 0, 0, 0),
(389, 201, '', '', '000229', '', '', NULL, 780.00, '', NULL, '2015-11-30', NULL, NULL, NULL, 2, NULL, 1, 780.00, 0.00, 0.00, '', 0.00, 'Cash', 'Paid', 0.00, 0.00, '', '2015-11-30', NULL, 0, 0, 0),
(390, 116, '', '', '000230', '', '', NULL, 4641.00, '', NULL, '2015-11-30', NULL, NULL, NULL, 2, NULL, 1, 4641.00, 0.00, 0.00, '', 0.00, 'Cash', 'Paid', 0.00, 0.00, '', '2015-11-30', NULL, 0, 0, 0),
(391, 170, '', '', '000231', '', '', NULL, 11400.00, '', NULL, '2015-12-01', NULL, NULL, NULL, 2, NULL, 1, 11400.00, 0.00, 0.00, '', 0.00, 'Cash', 'Paid', 0.00, 0.00, '', '2015-12-01', NULL, 0, 0, 0),
(392, 89, '', '', '000232', '', '', NULL, 889.00, '', NULL, '2015-12-01', NULL, NULL, NULL, 2, NULL, 1, 889.00, 0.00, 0.00, '', 0.00, 'Cash', 'Paid', 0.00, 0.00, '', '2015-12-01', NULL, 0, 0, 0),
(393, 193, '', '', '000233', '', 'Change Item from CI# 000226, Changed Viva to Eurostar\r\n', NULL, 5654.50, '', NULL, '2015-12-01', NULL, NULL, NULL, 2, NULL, 1, 5654.50, 0.00, 0.00, '', -297.36, 'Cash', 'Paid', 0.00, 0.00, '', '2015-12-01', NULL, 0, 0, 0),
(394, 39, '', '', '21630', '', '', NULL, 378.00, '', NULL, '2015-12-01', NULL, NULL, NULL, 2, NULL, 2, 378.00, 0.00, 0.00, '', 0.00, 'Cash', 'Paid', 0.00, 0.00, '', '2015-12-01', NULL, 0, 0, 0),
(395, 202, '', '', '000234', '', '', NULL, 945.00, '', NULL, '2015-12-01', NULL, NULL, NULL, 2, NULL, 1, 945.00, 0.00, 0.00, '', 0.00, 'Cash', 'Paid', 0.00, 0.00, '', '2015-12-01', NULL, 0, 0, 0),
(396, 89, '', '', '000235', '', '', NULL, 175.00, '', NULL, '2015-12-02', NULL, NULL, NULL, 2, NULL, 1, 175.00, 0.00, 0.00, '', 0.00, 'Cash', 'Paid', 0.00, 0.00, '', '2015-12-02', NULL, 0, 0, 0),
(397, 203, '', '', '000236', '', '', NULL, 4700.00, '', NULL, '2015-12-02', NULL, NULL, NULL, 2, NULL, 1, 4700.00, 0.00, 0.00, '', 0.00, 'Cash', 'Paid', 0.00, 0.00, '', '2015-12-02', NULL, 0, 0, 0),
(398, 204, '', '09273244911', '000238', '', 'pressure tank 42,gauge 14..', NULL, 10500.00, '', NULL, '2015-12-03', NULL, NULL, NULL, 2, NULL, 1, 5000.00, 0.00, 5500.00, '', 0.00, 'Other', 'Pending', 0.00, 5500.00, '', '2015-12-03', NULL, 0, 0, 0),
(399, 14, '', '', '000239', '', '', NULL, 2800.00, '', NULL, '2015-12-03', NULL, NULL, NULL, 2, NULL, 1, 2800.00, 0.00, 0.00, '', 0.00, 'Cash', 'Paid', 0.00, 0.00, '', '2015-12-03', NULL, 0, 0, 0),
(400, 205, '', '', '000240', '', '', NULL, 332.48, '', NULL, '2015-12-03', NULL, NULL, NULL, 2, NULL, 1, 332.48, 0.00, 0.00, '', 0.00, 'Cash', 'Paid', 0.00, 0.00, '', '2015-12-03', NULL, 0, 0, 0),
(401, 206, '', '', '000241', '', '', NULL, 12500.00, '', NULL, '2015-12-03', NULL, NULL, NULL, 2, NULL, 1, 12500.00, 0.00, 0.00, '', 762.64, 'Cash', 'Paid', 0.00, 0.00, '', '2015-12-03', NULL, 0, 0, 0),
(402, 189, '', '', '21627', '', 'pump 1- change bearing\r\npump2- cleaning ', NULL, 1150.00, '', NULL, '2015-11-24', NULL, NULL, NULL, 2, 8, 2, 0.00, 0.00, 1150.00, '', 500.00, 'Account', 'Pending', 0.00, 1150.00, '', '2015-11-24', NULL, 0, 0, 0),
(403, 190, '', '', '000242', '', 'BANK TO BANK\r\n\r\nCancelled but it was bought again..', NULL, 27300.00, '', '2015-11-21', '2015-12-04', NULL, NULL, NULL, 2, NULL, 1, 0.00, 14000.00, 13300.00, '', 74.25, 'Other', 'Paid', 0.00, 0.00, '', '2015-12-04', NULL, 0, 0, 0),
(404, 208, '', '', '000243', '', '', NULL, 7460.00, '', NULL, '2015-12-05', NULL, NULL, NULL, 7, NULL, 1, 7460.00, 0.00, 0.00, '', 0.00, 'Cash', 'Paid', 0.00, 0.00, '', '2015-12-05', NULL, 0, 0, 0),
(405, 209, '', '', '000244', '', 'Bank to bank', NULL, 100742.50, '', NULL, '2015-12-05', NULL, NULL, NULL, 7, NULL, 1, 0.00, 50371.25, 50371.25, '', 298.50, 'Other', 'Paid', 0.00, 0.00, ' (P50371.25 ) ', '2015-12-10', NULL, 0, 0, 0),
(406, 210, '', '', '000245', '', '', NULL, 3000.00, '', NULL, '2015-12-05', NULL, NULL, NULL, 7, NULL, 1, 3000.00, 0.00, 0.00, '', -200.00, 'Cash', 'Paid', 0.00, 0.00, '', '2015-12-05', NULL, 0, 0, 0),
(407, 211, '', '', '000246', '', '', NULL, 3796.10, '', NULL, '2015-12-07', NULL, NULL, NULL, 7, NULL, 1, 3796.10, 0.00, 0.00, '', 0.00, 'Cash', 'Paid', 0.00, 0.00, '', '2015-12-07', NULL, 0, 0, 0),
(408, 212, '', '', '000247', '', '', NULL, 3391.13, '', NULL, '2015-12-07', NULL, NULL, NULL, 7, NULL, 1, 3391.13, 0.00, 0.00, '', 0.00, 'Cash', 'Paid', 0.00, 0.00, '', '2015-12-07', NULL, 0, 0, 0),
(409, 213, '', '', '000248', '', '', NULL, 560.00, '', NULL, '2015-12-07', NULL, NULL, NULL, 7, NULL, 1, 560.00, 0.00, 0.00, '', 0.00, 'Cash', 'Paid', 0.00, 0.00, '', '2015-12-07', NULL, 0, 0, 0),
(410, 214, '', '', '000249', '', '', NULL, 5900.00, '', NULL, '2015-12-08', NULL, NULL, NULL, 7, NULL, 1, 5900.00, 0.00, 0.00, '', 460.00, 'Cash', 'Paid', 0.00, 0.00, '', '2015-12-08', NULL, 0, 0, 0),
(411, 215, '', '', '000250', '', '', NULL, 3200.00, '', NULL, '2015-12-08', NULL, NULL, NULL, 7, NULL, 1, 3200.00, 0.00, 0.00, '', 0.00, 'Cash', 'Paid', 0.00, 0.00, '', '2015-12-08', NULL, 0, 0, 0),
(412, 170, '', '', '000251', '', '', NULL, 22800.00, '', NULL, '2015-12-08', NULL, NULL, NULL, 7, NULL, 1, 22800.00, 0.00, 0.00, '', 0.00, 'Cash', 'Paid', 0.00, 0.00, '', '2015-12-08', NULL, 0, 0, 0),
(417, 216, '', '', '000252', '', '( amount  to 3,350 but less wtx 1% 29.91 only 3320.09)', NULL, 3320.09, '', NULL, '2015-12-09', NULL, NULL, NULL, 7, NULL, 1, 3320.09, 0.00, 0.00, '', -170.09, 'Cash', 'Paid', 0.00, 0.00, '', '2015-12-09', NULL, 0, 0, 0),
(418, 185, '09301506465', '', '000253', '', '', NULL, 336.00, '', NULL, '2015-12-09', NULL, NULL, NULL, 7, NULL, 1, 336.00, 0.00, 0.00, '', 0.00, 'Cash', 'Paid', 0.00, 0.00, '', '2015-12-09', NULL, 0, 0, 0),
(419, 217, '', '', '000254', '', '', NULL, 600.00, '', NULL, '2015-12-10', NULL, NULL, NULL, 7, NULL, 1, 600.00, 0.00, 0.00, '', 0.00, 'Cash', 'Paid', 0.00, 0.00, '', '2015-12-10', NULL, 0, 0, 0),
(420, 218, '', '', '000255', '', '', NULL, 170.00, '', NULL, '2015-12-11', NULL, NULL, NULL, 7, NULL, 1, 170.00, 0.00, 0.00, '', 0.00, 'Cash', 'Paid', 0.00, 0.00, '', '2015-12-11', NULL, 0, 0, 0),
(421, 219, '', '', '000256', '', '', NULL, 11500.00, '', NULL, '2015-12-12', NULL, NULL, NULL, 7, NULL, 1, 11500.00, 0.00, 0.00, '', 0.00, 'Cash', 'Paid', 0.00, 0.00, '', '2015-12-12', NULL, 0, 0, 0),
(422, 219, '09163383525', '', '000257', '', '', NULL, 560.00, '', NULL, '2015-12-12', NULL, NULL, NULL, 7, NULL, 1, 560.00, 0.00, 0.00, '', 0.00, 'Cash', 'Paid', 0.00, 0.00, '', '2015-12-12', NULL, 0, 0, 0),
(423, 30, '09326689549', '', '000258', '', '', NULL, 1800.00, '', NULL, '2015-12-12', NULL, NULL, NULL, 7, NULL, 1, 1800.00, 0.00, 0.00, '', 0.00, 'Cash', 'Paid', 0.00, 0.00, '', '2015-12-12', NULL, 0, 0, 0),
(424, 220, '', '', '000259', '', '', NULL, 12150.40, '', NULL, '2015-12-12', NULL, NULL, NULL, 7, NULL, 1, 12150.40, 0.00, 0.00, '', 0.00, 'Cash', 'Paid', 0.00, 0.00, '', '2015-12-12', NULL, 0, 0, 0),
(425, 27, '', '', '000260', '', '', NULL, 3000.00, '', NULL, '2015-12-12', NULL, NULL, NULL, 7, NULL, 1, 3000.00, 0.00, 0.00, '', 0.00, 'Cash', 'Paid', 0.00, 0.00, '', '2015-12-12', NULL, 0, 0, 0),
(426, 219, '', '', '000261', '', '', NULL, 24709.50, '', NULL, '2015-12-12', NULL, NULL, NULL, 7, NULL, 1, 24709.50, 0.00, 0.00, '', 0.00, 'Cash', 'Paid', 0.00, 0.00, '', '2015-12-12', NULL, 0, 0, 0),
(427, 218, '', '', '000262', '', '', NULL, 390.00, '', NULL, '2015-12-14', NULL, NULL, NULL, 7, NULL, 1, 390.00, 0.00, 0.00, '', 0.00, 'Cash', 'Paid', 0.00, 0.00, '', '2015-12-14', NULL, 0, 0, 0),
(428, 221, '', '', '000263', '', '', NULL, 1800.00, '', NULL, '2015-12-15', NULL, NULL, NULL, 7, NULL, 1, 1800.00, 0.00, 0.00, '', 0.00, 'Cash', 'Paid', 0.00, 0.00, '', '2015-12-15', NULL, 0, 0, 0),
(429, 222, '', '', '000265', '', '', NULL, 3200.00, '', NULL, '2015-12-15', NULL, NULL, NULL, 7, NULL, 1, 3200.00, 0.00, 0.00, '', 0.00, 'Cash', 'Paid', 0.00, 0.00, '', '2015-12-15', NULL, 0, 0, 0),
(430, 223, '', '', '000266', '', '', NULL, 280.00, '', NULL, '2015-12-16', NULL, NULL, NULL, 7, NULL, 1, 280.00, 0.00, 0.00, '', 0.00, 'Cash', 'Paid', 0.00, 0.00, '', '2015-12-16', NULL, 0, 0, 0),
(431, 224, '', '', '000267', '', '', NULL, 12300.00, '', NULL, '2015-12-16', NULL, NULL, NULL, 7, NULL, 1, 12300.00, 0.00, 0.00, '', 650.00, 'Cash', 'Paid', 0.00, 0.00, '', '2015-12-16', NULL, 0, 0, 0),
(432, 224, '', '', '000268', '', '', NULL, 935.00, '', NULL, '2015-12-16', NULL, NULL, NULL, 7, NULL, 1, 935.00, 0.00, 0.00, '', 0.00, 'Cash', 'Paid', 0.00, 0.00, '', '2015-12-16', NULL, 0, 0, 0),
(433, 225, '', '', '000269', '', '', NULL, 388.50, '', NULL, '2015-12-16', NULL, NULL, NULL, 7, NULL, 1, 388.50, 0.00, 0.00, '', 0.00, 'Cash', 'Paid', 0.00, 0.00, '', '2015-12-16', NULL, 0, 0, 0),
(434, 226, '', '', '000270', '', '', NULL, 350.00, '', NULL, '2015-12-17', NULL, NULL, NULL, 1, NULL, 1, 350.00, 0.00, 0.00, '', 0.00, 'Cash', 'Paid', 0.00, 0.00, '', '2015-12-17', NULL, 0, 0, 0),
(435, 227, '', '', '000271', '', '', NULL, 1004.40, '', NULL, '2015-12-17', NULL, NULL, NULL, 7, NULL, 1, 1004.40, 0.00, 0.00, '', 0.00, 'Cash', 'Paid', 0.00, 0.00, '', '2015-12-17', NULL, 0, 0, 0),
(436, 14, '', '', '000272', '', '', NULL, 5000.00, '', NULL, '2015-12-17', NULL, NULL, NULL, 7, NULL, 1, 5000.00, 0.00, 0.00, '', 0.00, 'Cash', 'Paid', 0.00, 0.00, '', '2015-12-17', NULL, 0, 0, 0),
(437, 228, '', '', '000278', '', 'cheque post dated', NULL, 10146.00, 'ew-0000046635', '2016-01-19', '2015-12-19', NULL, NULL, NULL, 7, NULL, 1, 0.00, 0.00, 10146.00, '', -2840.00, 'Account', 'Pending', 0.00, 10146.00, 'ew-0000046635 (P0.00 2016-01-19)', '2015-12-19', NULL, 0, 0, 0),
(438, 128, '', '', '000273', '', '', NULL, 3207.00, '', NULL, '2015-12-17', NULL, NULL, NULL, 7, NULL, 1, 3207.00, 0.00, 0.00, '', 0.00, 'Cash', 'Paid', 0.00, 0.00, '', '2015-12-17', NULL, 0, 0, 0),
(441, 128, '', '', '000274', '', '', NULL, 874.50, '', NULL, '2015-12-17', NULL, NULL, NULL, 7, NULL, 1, 874.50, 0.00, 0.00, '', 0.00, 'Cash', 'Paid', 0.00, 0.00, '', '2015-12-17', NULL, 0, 0, 0),
(442, 14, '321-2937', '', '000275', '', '', NULL, 2800.00, '', NULL, '2015-12-18', NULL, NULL, NULL, 7, NULL, 1, 2800.00, 0.00, 0.00, '', 0.00, 'Cash', 'Paid', 0.00, 0.00, '', '2015-12-18', NULL, 0, 0, 0),
(443, 228, '', '', '000276', '', '', NULL, 3000.00, '', NULL, '2015-12-18', NULL, NULL, NULL, 7, NULL, 1, 3000.00, 0.00, 0.00, '', 0.00, 'Cash', 'Paid', 0.00, 0.00, '', '2015-12-18', NULL, 0, 0, 0),
(444, 229, '', '', '000277', '', '', NULL, 1800.00, '', NULL, '2015-12-19', NULL, NULL, NULL, 7, NULL, 1, 1800.00, 0.00, 0.00, '', 0.00, 'Cash', 'Paid', 0.00, 0.00, '', '2015-12-19', NULL, 0, 0, 0),
(445, 229, '', '', '21632', '', 'install for stac', NULL, 600.00, '', NULL, '2015-12-19', NULL, NULL, NULL, 8, NULL, 2, 600.00, 0.00, 0.00, '', 100.00, 'Cash', 'Paid', 0.00, 0.00, '', '2015-12-19', NULL, 0, 0, 0),
(446, 229, '', '', '000279', '', '', NULL, 214.50, '', NULL, '2015-12-19', NULL, NULL, NULL, 7, NULL, 1, 214.50, 0.00, 0.00, '', 0.00, 'Cash', 'Paid', 0.00, 0.00, '', '2015-12-19', NULL, 0, 0, 0),
(447, 230, '', '', '000280', '', '', NULL, 395.00, '', NULL, '2015-12-21', NULL, NULL, NULL, 7, NULL, 1, 395.00, 0.00, 0.00, '', 0.00, 'Cash', 'Paid', 0.00, 0.00, '', '2015-12-21', NULL, 0, 0, 0),
(448, 231, '', '', '000281', '', '', NULL, 3760.00, '', NULL, '2015-12-22', NULL, NULL, NULL, 7, NULL, 1, 3760.00, 0.00, 0.00, '', 0.00, 'Cash', 'Paid', 0.00, 0.00, '', '2015-12-22', NULL, 0, 0, 0),
(449, 116, '', '09088217119', '000282', '', '', NULL, 3200.00, '', NULL, '2015-12-22', NULL, NULL, NULL, 7, NULL, 1, 3200.00, 0.00, 0.00, '', 0.00, 'Cash', 'Paid', 0.00, 0.00, '', '2015-12-22', NULL, 0, 0, 0),
(450, 191, '', '', '21633', '', '', NULL, 280.00, '', NULL, '2015-12-22', NULL, NULL, NULL, 7, NULL, 2, 280.00, 0.00, 0.00, '', 50.00, 'Cash', 'Paid', 0.00, 0.00, '', '2015-12-22', NULL, 0, 0, 0),
(451, 232, '', '', '000283', '', '', NULL, 1800.00, '', NULL, '2015-12-22', NULL, NULL, NULL, 7, NULL, 1, 1800.00, 0.00, 0.00, '', 0.00, 'Cash', 'Paid', 0.00, 0.00, '', '2015-12-22', NULL, 0, 0, 0),
(452, 233, '', '', '000284', '', '', NULL, 303.90, '', NULL, '2015-12-23', NULL, NULL, NULL, 7, NULL, 1, 303.90, 0.00, 0.00, '', 0.00, 'Cash', 'Paid', 0.00, 0.00, '', '2015-12-23', NULL, 0, 0, 0),
(453, 233, '09124477528', '', '000285', '', 'customer of noly', NULL, 5900.00, '', NULL, '2015-12-23', NULL, NULL, NULL, 7, NULL, 1, 5900.00, 0.00, 0.00, '', 460.00, 'Cash', 'Paid', 0.00, 0.00, '', '2015-12-23', NULL, 0, 0, 0),
(454, 234, '', '', '000286', '', 'customer of noli\r\n', NULL, 1161.00, '', NULL, '2015-12-26', NULL, NULL, NULL, 7, NULL, 1, 1161.00, 0.00, 0.00, '', 0.00, 'Cash', 'Paid', 0.00, 0.00, '', '2015-12-26', NULL, 0, 0, 0),
(455, 235, '', '', '000287', '', '', NULL, 2880.00, '', NULL, '2015-12-26', NULL, NULL, NULL, 7, NULL, 1, 2880.00, 0.00, 0.00, '', 0.00, 'Cash', 'Paid', 0.00, 0.00, '', '2015-12-26', NULL, 0, 0, 0),
(456, 236, '', '', '000288', '', '', NULL, 5800.00, '', NULL, '2015-12-26', NULL, NULL, NULL, 7, NULL, 1, 5800.00, 0.00, 0.00, '', 280.00, 'Cash', 'Paid', 0.00, 0.00, '', '2015-12-26', NULL, 0, 0, 0),
(457, 230, '', '', '000289', '', '', NULL, 450.00, '', NULL, '2015-12-28', NULL, NULL, NULL, 7, NULL, 1, 450.00, 0.00, 0.00, '', 0.00, 'Cash', 'Paid', 0.00, 0.00, '', '2015-12-28', NULL, 0, 0, 0),
(458, 237, '', '', '000290', '', '', NULL, 695.00, '', NULL, '2015-12-29', NULL, NULL, NULL, 7, NULL, 1, 695.00, 0.00, 0.00, '', 0.00, 'Cash', 'Paid', 0.00, 0.00, '', '2015-12-29', NULL, 0, 0, 0),
(460, 238, '', '', '000291', '', '', NULL, 6900.00, '', NULL, '2015-12-29', NULL, NULL, NULL, 7, NULL, 1, 6900.00, 0.00, 0.00, '', 0.00, 'Cash', 'Paid', 0.00, 0.00, '', '2015-12-29', NULL, 0, 0, 0),
(461, 239, '', '', '000292', '', '', NULL, 5488.98, '', NULL, '2016-01-02', NULL, NULL, NULL, 7, NULL, 1, 5488.98, 0.00, 0.00, '', 300.00, 'Cash', 'Paid', 0.00, 0.00, '', '2016-01-02', NULL, 0, 0, 0),
(462, 16, '', '', '21635', '', '', NULL, 360.00, '', NULL, '2016-01-02', NULL, NULL, NULL, 7, NULL, 2, 0.00, 0.00, 360.00, '', 0.00, 'Account', 'Pending', 0.00, 360.00, '', '2016-01-02', NULL, 0, 0, 0),
(463, 240, '', '', '000293', '', '', NULL, 682.50, '', NULL, '2016-01-02', NULL, NULL, NULL, 7, NULL, 1, 682.50, 0.00, 0.00, '', 0.00, 'Cash', 'Paid', 0.00, 0.00, '', '2016-01-02', NULL, 0, 0, 0),
(464, 241, '', '', '000294', '', '', NULL, 24605.00, '', NULL, '2016-01-04', NULL, NULL, NULL, 7, NULL, 1, 24605.00, 0.00, 0.00, '', 632.64, 'Cash', 'Paid', 0.00, 0.00, '', '2016-01-04', NULL, 0, 0, 0),
(465, 154, '', '', '000295', '', '', NULL, 4000.00, '', NULL, '2016-01-04', NULL, NULL, NULL, 7, NULL, 1, 4000.00, 0.00, 0.00, '', 160.00, 'Cash', 'Paid', 0.00, 0.00, '', '2016-01-04', NULL, 0, 0, 0),
(466, 154, '', '', '000296', '', '', NULL, 4000.00, '', NULL, '2016-01-04', NULL, NULL, NULL, 7, NULL, 1, 4000.00, 0.00, 0.00, '', 0.00, 'Cash', 'Paid', 0.00, 0.00, '', '2016-01-04', NULL, 0, 0, 0),
(467, 242, '', '', '000297', '', '', NULL, 4700.00, '', NULL, '2016-01-05', NULL, NULL, NULL, 7, NULL, 1, 4700.00, 0.00, 0.00, '', 0.00, 'Cash', 'Paid', 0.00, 0.00, '', '2016-01-05', NULL, 0, 0, 0),
(468, 243, '', '', '000298', '', '', NULL, 420.00, '', NULL, '2016-01-05', NULL, NULL, NULL, 7, NULL, 1, 420.00, 0.00, 0.00, '', 0.00, 'Cash', 'Paid', 0.00, 0.00, '', '2016-01-05', NULL, 0, 0, 0),
(469, 244, '', '', '000299', '', '', NULL, 7.00, '', NULL, '2016-01-05', NULL, NULL, NULL, 7, NULL, 1, 7.00, 0.00, 0.00, '', 0.00, 'Cash', 'Paid', 0.00, 0.00, '', '2016-01-05', NULL, 0, 0, 0),
(470, 245, '', '', '000300', '', '', NULL, 14.00, '', NULL, '2016-01-05', NULL, NULL, NULL, 7, NULL, 1, 14.00, 0.00, 0.00, '', 0.00, 'Cash', 'Paid', 0.00, 0.00, '', '2016-01-05', NULL, 0, 0, 0),
(471, 16, '', '', '21636', '', '', NULL, 9840.00, '', NULL, '2016-01-05', NULL, NULL, NULL, 7, NULL, 2, 0.00, 0.00, 9840.00, '', 0.00, 'Account', 'Pending', 0.00, 9840.00, '', '2016-01-05', NULL, 0, 0, 0),
(472, 246, '', '', '000301', '', '', NULL, 3000.00, '', NULL, '2016-01-05', NULL, NULL, NULL, 7, NULL, 1, 3000.00, 0.00, 0.00, '', 0.00, 'Cash', 'Paid', 0.00, 0.00, '', '2016-01-05', NULL, 0, 0, 0),
(473, 247, '', '', '000302', '', '', NULL, 4700.00, '', NULL, '2016-01-05', NULL, NULL, NULL, 7, NULL, 1, 4700.00, 0.00, 0.00, '', 0.00, 'Cash', 'Paid', 0.00, 0.00, '', '2016-01-05', NULL, 0, 0, 0),
(474, 248, '', '', '000303', '', '', NULL, 1104.00, '', NULL, '2016-01-07', NULL, NULL, NULL, 7, NULL, 1, 1104.00, 0.00, 0.00, '', 0.00, 'Cash', 'Paid', 0.00, 0.00, '', '2016-01-07', NULL, 0, 0, 0),
(475, 249, '', '', '000304', '', '', NULL, 216.00, '', NULL, '2016-01-07', NULL, NULL, NULL, 7, NULL, 1, 216.00, 0.00, 0.00, '', 0.00, 'Cash', 'Paid', 0.00, 0.00, '', '2016-01-07', NULL, 0, 0, 0),
(476, 216, '', '', '000305', '', '', NULL, 350.00, '', NULL, '2016-01-08', NULL, NULL, NULL, 1, NULL, 1, 350.00, 0.00, 0.00, '', 0.00, 'Cash', 'Paid', 0.00, 0.00, '', '2016-01-08', NULL, 0, 0, 0),
(477, 250, '', '', '000306', '', '', NULL, 7160.00, '', NULL, '2016-01-09', NULL, NULL, NULL, 7, NULL, 1, 7160.00, 0.00, 0.00, '', 300.00, 'Cash', 'Paid', 0.00, 0.00, '', '2016-01-09', NULL, 0, 0, 0),
(478, 251, '', '', '000307', '', '', NULL, 2900.00, '', NULL, '2016-01-09', NULL, NULL, NULL, 7, NULL, 1, 2900.00, 0.00, 0.00, '', 0.00, 'Cash', 'Paid', 0.00, 0.00, '', '2016-01-09', NULL, 0, 0, 0),
(479, 252, '', '', '000308', '', '', NULL, 833.80, '', NULL, '2016-01-11', NULL, NULL, NULL, 7, NULL, 1, 833.80, 0.00, 0.00, '', 0.00, 'Cash', 'Paid', 0.00, 0.00, '', '2016-01-11', NULL, 0, 0, 0),
(480, 253, '', '', '000309', '', '', NULL, 390.00, '', NULL, '2016-01-11', NULL, NULL, NULL, 7, NULL, 1, 390.00, 0.00, 0.00, '', 0.00, 'Cash', 'Paid', 0.00, 0.00, '', '2016-01-11', NULL, 0, 0, 0),
(481, 125, '', '', '000310', '', '', NULL, 14.00, '', NULL, '2016-01-11', NULL, NULL, NULL, 7, NULL, 1, 14.00, 0.00, 0.00, '', 0.00, 'Cash', 'Paid', 0.00, 0.00, '', '2016-01-11', NULL, 0, 0, 0),
(482, 254, '', '', '000311', '', 'customer of Norly', NULL, 753.90, '', NULL, '2016-01-12', NULL, NULL, NULL, 7, NULL, 1, 753.90, 0.00, 0.00, '', 0.00, 'Cash', 'Paid', 0.00, 0.00, '', '2016-01-12', NULL, 0, 0, 0),
(485, 255, '', '', '000312', '', '', NULL, 6900.00, '', NULL, '2016-01-12', NULL, NULL, NULL, 1, NULL, 1, 6900.00, 0.00, 0.00, '', 0.00, 'Cash', 'Paid', 0.00, 0.00, '', '2016-01-12', NULL, 0, 0, 0),
(486, 54, '', '', '000313', '', '', NULL, 2500.00, '', NULL, '2016-01-14', NULL, NULL, NULL, 7, NULL, 1, 2500.00, 0.00, 0.00, '', 0.00, 'Cash', 'Paid', 0.00, 0.00, '', '2016-01-14', NULL, 0, 0, 0),
(487, 256, '', '', '000314', '', '', NULL, 3500.00, '', NULL, '2016-01-14', NULL, NULL, NULL, 7, NULL, 2, 0.00, 0.00, 3500.00, '', 500.00, 'Account', 'Pending', 0.00, 3500.00, '', '2016-01-14', NULL, 0, 0, 0),
(488, 257, '', '', '000315', '', '', NULL, 180.00, '', NULL, '2016-01-14', NULL, NULL, NULL, 7, NULL, 1, 180.00, 0.00, 0.00, '', 0.00, 'Cash', 'Paid', 0.00, 0.00, '', '2016-01-14', NULL, 0, 0, 0),
(489, 258, '', '', '000316', '', '', NULL, 630.00, '', NULL, '2016-01-14', NULL, NULL, NULL, 7, NULL, 1, 630.00, 0.00, 0.00, '', 0.00, 'Cash', 'Paid', 0.00, 0.00, '', '2016-01-14', NULL, 0, 0, 0),
(490, 259, '', '', '21637', '', '', NULL, 85.00, '', NULL, '2016-01-15', NULL, NULL, NULL, 7, NULL, 2, 85.00, 0.00, 0.00, '', 0.00, 'Cash', 'Paid', 0.00, 0.00, '', '2016-01-15', NULL, 0, 0, 0),
(491, 260, '', '', '000317', '', '', NULL, 1900.00, '', NULL, '2016-01-15', NULL, NULL, NULL, 7, NULL, 1, 1900.00, 0.00, 0.00, '', 0.00, 'Cash', 'Paid', 0.00, 0.00, '', '2016-01-15', NULL, 0, 0, 0),
(492, 261, '', '', '000318', '', '', NULL, 13876.68, '', NULL, '2016-01-16', NULL, NULL, NULL, 7, NULL, 1, 13876.68, 0.00, 0.00, '', 462.64, 'Cash', 'Paid', 0.00, 0.00, '', '2016-01-16', NULL, 0, 0, 0),
(493, 262, '', '', 'sales 11:52:31 am', '', '', NULL, 75313.08, '', NULL, '2016-01-16', NULL, NULL, NULL, 7, NULL, 1, 21184.58, 0.00, 54128.50, '', -1124.58, 'Other', 'Pending', 0.00, 54128.50, '', '2016-01-16', NULL, 0, 0, 2),
(494, 263, '', '', '000321', '', '', NULL, 4500.00, '', NULL, '2016-01-16', NULL, NULL, NULL, 7, NULL, 1, 0.00, 0.00, 4500.00, '', 90.00, 'Account', 'Pending', 0.00, 4500.00, '', '2016-01-16', NULL, 0, 0, 0),
(495, 264, '', '', '000322', '', '', NULL, 19337.40, '', NULL, '2016-01-16', NULL, NULL, NULL, 7, NULL, 1, 19337.40, 0.00, 0.00, '', 462.64, 'Cash', 'Paid', 0.00, 0.00, '', '2016-01-16', NULL, 0, 0, 0),
(496, 252, '', '', 'admin 09:52:42 pm', '', '', NULL, 100.00, '', NULL, '2016-01-20', NULL, NULL, NULL, 2, NULL, 1, 100.00, 0.00, 0.00, '', 70.00, 'Cash', 'Paid', 0.00, 0.00, '', '2016-01-20', NULL, 0, 0, 3),
(497, 252, '', '', 'admin 08:03:17 pm', '', '', NULL, 340.00, '', NULL, '2016-01-28', NULL, NULL, NULL, 2, NULL, 1, 340.00, 0.00, 0.00, '', 0.00, 'Cash', 'Paid', 0.00, 0.00, '', '2016-01-28', NULL, 0, 0, 1),
(498, 252, '', '', 'admin 09:27:34 pm', '', '', NULL, 0.00, '', NULL, '2016-01-29', NULL, NULL, NULL, 2, NULL, 1, 0.00, 0.00, 0.00, '', 0.00, 'Cash', 'Pending', 0.00, 0.00, '', '2016-01-29', NULL, 0, 0, 2),
(499, 168, 'Manalo', '', 'admin 05:10:33 pm', '', '', NULL, 0.00, '', NULL, '2016-02-05', NULL, NULL, NULL, 2, NULL, 1, 0.00, 0.00, 0.00, '', 0.00, 'Cash', 'Pending', 0.00, 0.00, '', '2016-02-05', NULL, 0, 0, 2),
(500, 265, '', '', 'admin 05:24:50 pm', '', '', NULL, 0.00, '', NULL, '2016-02-05', NULL, NULL, NULL, 2, NULL, 1, 0.00, 0.00, 0.00, '', 0.00, 'Cash', 'Pending', 0.00, 0.00, '', '2016-02-05', NULL, 0, 0, 2);

-- --------------------------------------------------------

--
-- Table structure for table `invoicedetail`
--

CREATE TABLE IF NOT EXISTS `invoicedetail` (
  `id` int(11) NOT NULL AUTO_INCREMENT,
  `invoice_id` int(11) DEFAULT NULL,
  `product_id` int(11) NOT NULL,
  `barcode` varchar(13) DEFAULT NULL,
  `description` varchar(100) DEFAULT NULL,
  `qty` decimal(10,2) DEFAULT NULL,
  `price` decimal(10,2) DEFAULT '0.00',
  `total` decimal(10,2) DEFAULT '0.00',
  `discrate` varchar(30) DEFAULT '',
  `discamt` decimal(10,2) DEFAULT NULL,
  `unittotal` decimal(10,2) DEFAULT '0.00',
  `is_cancelled` tinyint(4) NOT NULL DEFAULT '0',
  `is_discounted` tinyint(4) DEFAULT '0',
  `remaining` decimal(10,2) DEFAULT '0.00',
  `is_profitcalculated` tinyint(4) DEFAULT '0',
  PRIMARY KEY (`id`),
  KEY `product_id_idx` (`product_id`),
  KEY `invoice_id_idx` (`invoice_id`)
) ENGINE=InnoDB  DEFAULT CHARSET=latin1 AUTO_INCREMENT=1144 ;

--
-- Dumping data for table `invoicedetail`
--

INSERT INTO `invoicedetail` (`id`, `invoice_id`, `product_id`, `barcode`, `description`, `qty`, `price`, `total`, `discrate`, `discamt`, `unittotal`, `is_cancelled`, `is_discounted`, `remaining`, `is_profitcalculated`) VALUES
(1, 1, 40, '0000040000008', 'Square D Pressure Switch', 1.00, 170.00, 170.00, '', NULL, 170.00, 0, 0, 1.00, 0),
(2, 1, 135, '0000135000005', 'Chemical Hose 1"', 1.00, 30.00, 30.00, '', NULL, 30.00, 0, 0, 1.00, 0),
(3, 1, 136, '0000136000004', 'Hose Clamp 1.25', 4.00, 7.75, 31.00, '', NULL, 7.75, 0, 0, 4.00, 0),
(4, 1, 137, '0000137000003', 'GI Nipple', 1.00, 20.00, 20.00, '', NULL, 20.00, 0, 0, 1.00, 0),
(5, 1, 138, '0000138000002', 'GI Plug 0.5"', 1.00, 7.50, 7.50, '', NULL, 7.50, 0, 0, 1.00, 0),
(6, 2, 52, '0000052000003', 'Eurostar	DJM100 1HP', 1.00, 7000.00, 7000.00, '', NULL, 7000.00, 0, 0, 1.00, 0),
(7, 3, 71, '0000071000008', 'Pentax PM45 0.5HP', 2.00, 2600.00, 5200.00, '', NULL, 2600.00, 0, 0, 2.00, 0),
(8, 4, 15, '0000015000002', 'Fujihama Gasoline Engine Pump set 6.5HP kcg30c', 1.00, 7000.00, 7000.00, '', NULL, 7000.00, 0, 0, 1.00, 0),
(9, 5, 10, '0000010000007', 'Densui Electric Motor 1.5HP Aluminum Winding YC90L-4', 1.00, 2600.00, 2600.00, '', NULL, 2600.00, 0, 0, 1.00, 0),
(10, 6, 76, '0000076000003', 'Supreme Tank 21 gals., SS-304#16', 1.00, 4300.00, 4300.00, '', NULL, 4300.00, 0, 0, 1.00, 0),
(11, 7, 40, '0000040000008', 'Square D Pressure Switch', 1.00, 170.00, 170.00, '', NULL, 170.00, 0, 0, 1.00, 0),
(12, 7, 77, '0000077000002', 'Ametek Pressure Gauge 0-100PSI', 1.00, 90.00, 90.00, '', NULL, 90.00, 0, 0, 1.00, 0),
(13, 8, 40, '0000040000008', 'Square D Pressure Switch', 1.00, 150.00, 150.00, '', NULL, 150.00, 0, 0, 1.00, 0),
(14, 8, 77, '0000077000002', 'Ametek Pressure Gauge 0-100PSI', 1.00, 90.00, 90.00, '', NULL, 90.00, 0, 0, 1.00, 0),
(15, 8, 137, '0000137000003', 'GI Nipple 0.25x2"', 1.00, 20.00, 20.00, '', NULL, 20.00, 0, 0, 1.00, 0),
(16, 9, 77, '0000077000002', 'Ametek Pressure Gauge 0-100PSI', 7.00, 145.00, 1015.00, '', NULL, 145.00, 0, 0, 7.00, 0),
(17, 9, 5, '0000005000005', 'GV Ball Valve 0.5"', 1.00, 220.00, 220.00, '', NULL, 220.00, 0, 0, 1.00, 0),
(21, 10, 267, '0000267000003', 'Yamada Pressure Switch (Malaysia)', 1.00, 1250.00, 1250.00, '', NULL, 1250.00, 0, 0, 1.00, 0),
(22, 10, 268, '0000268000002', 'Mitsubishi Pressure Switch for Home Pump', 1.00, 1250.00, 1250.00, '', NULL, 1250.00, 0, 0, 1.00, 0),
(23, 13, 71, '0000071000008', 'Pentax PM45 0.5HP', 1.00, 2600.00, 2600.00, '', NULL, 2600.00, 0, 0, 1.00, 0),
(24, 13, 121, '0000121000002', 'DynaFlo Bladder Tank Horizontal 6 Gals', 1.00, 2700.00, 2700.00, '', NULL, 2700.00, 0, 0, 1.00, 0),
(25, 13, 40, '0000040000008', 'Square D Pressure Switch', 1.00, 350.00, 350.00, '', NULL, 350.00, 0, 0, 1.00, 0),
(26, 13, 77, '0000077000002', 'Ametek Pressure Gauge 0-100PSI', 1.00, 150.00, 150.00, '', NULL, 150.00, 0, 0, 1.00, 0),
(27, 13, 134, '0000134000006', 'fittings set for coupled type', 1.00, 100.00, 100.00, '', NULL, 100.00, 0, 0, 1.00, 0),
(32, 2, 76, '0000076000003', 'Supreme Tank 21 gals., SS-304#16', 1.00, 4000.00, 4000.00, '', NULL, 4000.00, 0, 0, 1.00, 0),
(33, 2, 40, '0000040000008', 'Square D Pressure Switch', 1.00, 300.00, 300.00, '', NULL, 300.00, 0, 0, 1.00, 0),
(34, 2, 77, '0000077000002', 'Ametek Pressure Gauge 0-100PSI', 1.00, 100.00, 100.00, '', NULL, 100.00, 0, 0, 1.00, 0),
(35, 2, 134, '0000134000006', 'fittings set for coupled type', 1.00, 100.00, 100.00, '', NULL, 100.00, 0, 0, 1.00, 0),
(36, 14, 10, '0000010000007', 'Densui Electric Motor 1.5HP Aluminum Winding YC90L-4', 1.00, 2600.00, 2600.00, '', NULL, 2600.00, 0, 0, 1.00, 0),
(37, 15, 76, '0000076000003', 'Supreme Tank 21 gals., SS-304#16', 1.00, 4300.00, 4300.00, '', NULL, 4300.00, 0, 0, 1.00, 0),
(38, 16, 70, '0000070000009', 'Stac Pump PE45 0.5HP ', 2.00, 1450.00, 2900.00, '', NULL, 1450.00, 0, 0, 2.00, 0),
(39, 17, 19, '0000019000008', 'Viva Submersible Stainless Sewage Pump 1HP SPWS750-50', 1.00, 3600.00, 3600.00, '', NULL, 3600.00, 0, 0, 1.00, 0),
(40, 18, 52, '0000052000003', 'Eurostar	DJM100 1HP', 1.00, 7000.00, 7000.00, '', NULL, 7000.00, 0, 0, 1.00, 0),
(41, 19, 137, '0000137000003', 'GI Nipple 0.25x2"', 3.00, 40.00, 120.00, '', NULL, 40.00, 0, 0, 3.00, 0),
(42, 19, 270, '0000270000007', 'GI Elbow 0.25"', 2.00, 40.00, 80.00, '', NULL, 40.00, 0, 0, 2.00, 0),
(43, 19, 145, '0000145000002', 'GI Tee 0.25"', 1.00, 40.00, 40.00, '', NULL, 40.00, 0, 0, 1.00, 0),
(44, 20, 71, '0000071000008', 'Pentax PM45 0.5HP', 1.00, 2500.00, 2500.00, '', NULL, 2500.00, 0, 0, 1.00, 0),
(45, 20, 73, '0000073000006', 'Supreme Tank 12 gals., SS-304#16', 1.00, 4000.00, 4000.00, '', NULL, 4000.00, 0, 0, 1.00, 0),
(46, 20, 40, '0000040000008', 'Square D Pressure Switch', 1.00, 350.00, 350.00, '', NULL, 350.00, 0, 0, 1.00, 0),
(47, 20, 77, '0000077000002', 'Ametek Pressure Gauge 0-100PSI', 1.00, 150.00, 150.00, '', NULL, 150.00, 0, 0, 1.00, 0),
(48, 20, 134, '0000134000006', 'fittings set for coupled type', 1.00, 0.00, 0.00, '', NULL, 0.00, 0, 0, 1.00, 0),
(49, 20, 1, '0000001000009', 'Jupiter Foot Valve 0.5"', 1.00, 500.00, 500.00, '', NULL, 500.00, 0, 0, 1.00, 0),
(50, 21, 27, '0000027000007', '', 1.00, 8500.00, 8500.00, '', NULL, 8500.00, 0, 0, 1.00, 0),
(51, 22, 13, '0000013000004', '', 1.00, 5850.00, 5850.00, '', NULL, 5850.00, 0, 0, 1.00, 0),
(52, 23, 56, '0000056000009', '', 1.00, 7.00, 7.00, '', NULL, 7.00, 0, 0, 1.00, 0),
(53, 24, 77, '0000077000002', '', 1.00, 140.00, 140.00, '', NULL, 140.00, 0, 0, 1.00, 0),
(54, 24, 40, '0000040000008', '', 1.00, 340.00, 340.00, '', NULL, 340.00, 0, 0, 1.00, 0),
(55, 25, 52, '0000052000003', '', 2.00, 7100.00, 14200.00, '', NULL, 7100.00, 0, 0, 2.00, 0),
(56, 26, 44, '0000044000004', '', 1.00, 650.00, 650.00, '', NULL, 650.00, 0, 0, 1.00, 0),
(57, 27, 259, '0000259000004', '', 1.00, 2850.00, 2850.00, '', NULL, 2850.00, 0, 0, 1.00, 0),
(58, 28, 10, '0000010000007', '', 1.00, 2800.00, 2800.00, '', NULL, 2800.00, 0, 0, 1.00, 0),
(59, 29, 20, '0000020000004', '', 1.00, 2880.00, 2880.00, '', 0.00, 2880.00, 0, 0, 1.00, 0),
(60, 30, 259, '0000259000004', '', 1.00, 3200.00, 3200.00, '', NULL, 3200.00, 0, 0, 1.00, 0),
(64, 38, 280, '0000280000004', 'Tomsteel 42 gals., SS-304#16', 1.00, 6800.00, 6800.00, '', 0.00, 6800.00, 0, 0, 1.00, 0),
(66, 39, 283, '0000283000001', 'Water Check Water Filter 20SL- Carbon FIlter', 3.00, 450.00, 1350.00, '', 0.00, 450.00, 0, 0, 3.00, 0),
(71, 39, 282, '0000282000002', 'Supreme Tank 120 gals., SS304#12', 1.00, 30000.00, 30000.00, '', 5000.00, 30000.00, 0, 0, 1.00, 0),
(72, 39, 284, '0000284000000', 'Pure PRime Water Filter 20SL- Cotton FIlte', 3.00, 300.00, 900.00, '', 150.00, 300.00, 0, 0, 3.00, 0),
(73, 39, 285, '0000285000009', 'Square D (Schneider) Pressure Switch 120 - 90 PSI', 1.00, 2000.00, 2000.00, '', 600.00, 2000.00, 0, 0, 1.00, 0),
(74, 39, 287, '0000287000007', 'GI Bushing 1.25"x0.75"', 2.00, 25.00, 50.00, '', 4.00, 25.00, 0, 0, 2.00, 0),
(75, 39, 142, '0000142000005', 'GI Plug 0.75"', 1.00, 12.00, 12.00, '', -0.73, 12.00, 0, 0, 1.00, 0),
(76, 40, 52, '0000052000003', 'Eurostar	DJM100 1HP', 1.00, 7500.00, 7500.00, '', 400.00, 7500.00, 0, 0, 1.00, 0),
(77, 40, 54, '0000054000001', 'Bestank BSTR 600', 1.00, 8300.00, 8300.00, '', 700.00, 8300.00, 0, 0, 1.00, 0),
(78, 40, 41, '0000041000007', '', 1.00, 1000.00, 1000.00, '', 500.00, 1000.00, 0, 0, 1.00, 0),
(79, 41, 76, '0000076000003', '', 1.00, 4500.00, 4500.00, '', 400.00, 4500.00, 0, 0, 1.00, 0),
(80, 42, 259, '0000259000004', 'M-Aqua 1HP water pump', 1.00, 3200.00, 3200.00, '', 0.00, 3200.00, 0, 0, 1.00, 0),
(81, 42, 10, '0000010000007', 'Densui Electric Motor 1.5HP Aluminum Winding YC90L-4', 1.00, 3000.00, 3000.00, '', 450.00, 3000.00, 0, 0, 1.00, 0),
(82, 43, 54, '0000054000001', 'Bestank BSTR 600', 1.00, 8500.00, 8500.00, '', 500.00, 8500.00, 0, 0, 1.00, 0),
(83, 43, 18, '0000018000009', 'Viva Jetmatic Pump 1HP JET100', 1.00, 3000.00, 3000.00, '', 0.00, 3000.00, 0, 0, 1.00, 0),
(84, 44, 9, '0000009000001', 'Old Price', 1.00, 2600.00, 2600.00, '', 300.00, 2600.00, 0, 0, 1.00, 0),
(85, 46, 71, '0000071000008', 'Pentax PM45 0.5HP', 1.00, 2600.00, 2600.00, '', 200.00, 2600.00, 0, 0, 1.00, 0),
(86, 46, 76, '0000076000003', '', 1.00, 4500.00, 4500.00, '', 400.00, 4500.00, 0, 0, 1.00, 0),
(87, 46, 77, '0000077000002', 'asf', 1.00, 150.00, 150.00, '', 50.00, 150.00, 0, 0, 1.00, 0),
(88, 46, 40, '0000040000008', '', 1.00, 390.00, 390.00, '', 26.00, 390.00, 0, 0, 1.00, 0),
(89, 46, 134, '0000134000006', 'fittings set for coupled type', 1.00, 160.00, 160.00, '', 42.64, 160.00, 0, 0, 1.00, 0),
(90, 47, 40, '0000040000008', '', 1.00, 390.00, 390.00, '', 26.00, 390.00, 0, 0, 1.00, 0),
(91, 47, 173, '0000173000005', '', 2.00, 50.00, 100.00, '', 5.00, 50.00, 0, 0, 2.00, 0),
(92, 47, 175, '0000175000003', '', 1.00, 80.00, 80.00, '', -0.20, 80.00, 0, 0, 1.00, 0),
(93, 47, 292, '0000292000009', 'Torus HDPE Pipe SDR2 0.5"x1m Blue', 40.00, 18.00, 720.00, '', 0.00, 18.00, 0, 0, 40.00, 0),
(94, 48, 57, '0000057000008', '', 1.00, 10.00, 10.00, '', 1.00, 10.00, 0, 0, 1.00, 0),
(95, 49, 271, '0000271000006', 'Supreme Tank 42 gals., SS-304#16', 1.00, 6300.00, 6300.00, '', 0.00, 6300.00, 0, 0, 1.00, 0),
(96, 49, 77, '0000077000002', 'asf', 1.00, 170.00, 170.00, '', 0.00, 170.00, 0, 0, 1.00, 0),
(97, 49, 40, '0000040000008', 'Square D Pressure Switch', 1.00, 390.00, 390.00, '', 0.00, 390.00, 0, 0, 1.00, 0),
(98, 49, 5, '0000005000005', 'GV Ball Valve 0.5"', 1.00, 152.10, 152.10, '', 0.00, 152.10, 0, 0, 1.00, 0),
(99, 49, 173, '0000173000005', '', 1.00, 52.50, 52.50, '', 0.00, 52.50, 0, 0, 1.00, 0),
(101, 49, 209, '0000209000009', '', 2.00, 40.50, 81.00, '', 0.00, 40.50, 0, 0, 2.00, 0),
(103, 51, 2, '0000002000008', '', 1.00, 768.00, 768.00, '', 0.00, 768.00, 0, 0, 1.00, 0),
(104, 52, 293, '0000293000008', 'Cleaning Gun PSP11 1.5 Ft Straign Gun Green', 1.00, 200.00, 200.00, '', 0.00, 200.00, 0, 0, 1.00, 0),
(105, 53, 19, '0000019000008', 'Viva Submersible Stainless Sewage Pump 1HP SPWS750-50', 1.00, 4590.00, 4590.00, '', 0.00, 4590.00, 0, 0, 1.00, 0),
(106, 54, 56, '0000056000009', 'Voschtech Teflon 1/2', 1.00, 10.00, 10.00, '', -3.00, 10.00, 0, 0, 1.00, 0),
(107, 55, 3, '0000003000007', '', 1.00, 874.50, 874.50, '', 0.00, 874.50, 0, 0, 1.00, 0),
(109, 57, 24, '0000024000000', 'Fujihama Duct Hose 3x3 100m DH3', 2.00, 3500.00, 7000.00, '', 1000.00, 3500.00, 0, 0, 2.00, 0),
(110, 58, 173, '0000173000005', '', 1.00, 50.00, 50.00, '', 2.50, 50.00, 0, 0, 1.00, 0),
(111, 58, 57, '0000057000008', '', 2.00, 10.00, 20.00, '', 2.00, 10.00, 0, 0, 2.00, 0),
(112, 59, 52, '0000052000003', 'Eurostar	DJM100 1HP', 1.00, 7500.00, 7500.00, '', 0.00, 7500.00, 0, 0, 1.00, 0),
(113, 60, 295, '0000295000006', 'APC Automatic Pump Control', 1.00, 2300.00, 2300.00, '', 0.00, 2300.00, 0, 0, 1.00, 0),
(114, 61, 18, '0000018000009', 'Viva Jetmatic Pump 1HP JET100', 1.00, 2900.00, 2900.00, '', 0.00, 2900.00, 0, 0, 1.00, 0),
(115, 61, 40, '0000040000008', 'Square D Pressure Switch', 1.00, 390.00, 390.00, '', 0.00, 390.00, 0, 0, 1.00, 0),
(116, 61, 77, '0000077000002', 'asf', 1.00, 170.00, 170.00, '', 0.00, 170.00, 0, 0, 1.00, 0),
(117, 61, 73, '0000073000006', 'Supreme Tank 12 gals., SS-304#16', 1.00, 3000.00, 3000.00, '', 0.00, 3000.00, 0, 0, 1.00, 0),
(118, 61, 134, '0000134000006', 'fittings set for coupled type', 1.00, 202.64, 202.64, '', 0.00, 202.64, 0, 0, 1.00, 0),
(119, 61, 296, '0000296000005', 'DISCOUNT', 1.00, -119.64, -119.64, '', 0.00, -119.64, 0, 0, 1.00, 0),
(120, 62, 73, '0000073000006', 'Supreme Tank 12 gals., SS-304#16', 1.00, 3000.00, 3000.00, '', 0.00, 3000.00, 0, 0, 1.00, 0),
(121, 62, 56, '0000056000009', 'Voschtech Teflon 1/2', 1.00, 10.00, 10.00, '', -3.00, 10.00, 0, 0, 1.00, 0),
(122, 62, 137, '0000137000003', 'GI Nipple 0.25x2"', 2.00, 25.00, 50.00, '', 5.08, 25.00, 0, 0, 2.00, 0),
(123, 62, 145, '0000145000002', 'GI Tee 0.25"', 1.00, 25.00, 25.00, '', 0.30, 25.00, 0, 0, 1.00, 0),
(126, 64, 82, '0000082000004', '', 3.00, 161.85, 485.55, '', 0.00, 161.85, 0, 0, 3.00, 0),
(127, 64, 5, '0000005000005', 'GV Ball Valve 0.5"', 1.00, 152.10, 152.10, '', 0.00, 152.10, 0, 0, 1.00, 0),
(128, 64, 58, '0000058000007', '', 1.00, 214.50, 214.50, '', 0.00, 214.50, 0, 0, 1.00, 0),
(129, 64, 209, '0000209000009', '', 3.00, 40.50, 121.50, '', 0.00, 40.50, 0, 0, 3.00, 0),
(130, 64, 191, '0000191000001', '', 2.00, 51.45, 102.90, '', 0.00, 51.45, 0, 0, 2.00, 0),
(131, 64, 300, '0000300000007', 'Era HDPE Male Elbow 20mm 0.5"', 1.00, 54.00, 54.00, '', 0.00, 54.00, 0, 0, 1.00, 0),
(132, 64, 299, '0000299000002', ' 	Torus HDPE Pipe SDR11 0.5"x1m Black', 16.00, 18.00, 288.00, '', 0.00, 18.00, 0, 0, 16.00, 0),
(135, 67, 138, '0000138000002', 'GI Plug 0.25"', 1.00, 10.00, 10.00, '', -0.90, 10.00, 0, 0, 1.00, 0),
(136, 67, 142, '0000142000005', 'GI Plug 0.75"', 1.00, 12.00, 12.00, '', -0.73, 12.00, 0, 0, 1.00, 0),
(137, 68, 255, '0000255000008', 'Saer Deepwell Pump 1 HP SR100D +S&G', 1.00, 10800.00, 10800.00, '', -320.00, 10800.00, 0, 0, 1.00, 0),
(138, 68, 281, '0000281000003', 'Saer Deepwell Adapter 2"', 1.00, 0.00, 0.00, '', 0.00, 0.00, 0, 0, 1.00, 0),
(141, 68, 77, '0000077000002', 'asf', 1.00, 180.00, 180.00, '', -10.00, 180.00, 0, 0, 1.00, 0),
(142, 68, 40, '0000040000008', 'Square D Pressure Switch', 1.00, 390.00, 390.00, '', 0.00, 390.00, 0, 0, 1.00, 0),
(143, 68, 91, '0000091000002', 'Torus HDPE Pipe SDR11 1"x100m Black', 1.00, 4641.00, 4641.00, '', 0.00, 4641.00, 0, 0, 1.00, 0),
(145, 72, 77, '0000077000002', 'asf', 1.00, 170.00, 170.00, '', 0.00, 170.00, 0, 0, 1.00, 0),
(146, 72, 40, '0000040000008', 'Square D Pressure Switch', 1.00, 390.00, 390.00, '', 0.00, 390.00, 0, 0, 1.00, 0),
(147, 72, 137, '0000137000003', 'GI Nipple 0.25x2"', 2.00, 0.00, 0.00, '', 55.08, 0.00, 0, 0, 2.00, 0),
(148, 72, 145, '0000145000002', 'GI Tee 0.25"', 1.00, 0.00, 0.00, '', 25.30, 0.00, 0, 0, 1.00, 0),
(149, 72, 52, '0000052000003', 'Eurostar	DJM100 1HP', 1.00, 7500.00, 7500.00, '', 0.00, 7500.00, 0, 0, 1.00, 0),
(150, 72, 271, '0000271000006', 'Supreme Tank 42 gals., SS-304#16', 1.00, 6300.00, 6300.00, '', 0.00, 6300.00, 0, 0, 1.00, 0),
(151, 73, 292, '0000292000009', 'Torus HDPE Pipe SDR2 0.5"x1m Blue', 15.00, 18.00, 270.00, '', 0.00, 18.00, 0, 0, 15.00, 0),
(152, 74, 28, '0000028000006', '', 1.00, 6000.00, 6000.00, '', 0.00, 6000.00, 0, 0, 1.00, 0),
(153, 75, 193, '0000193000009', '', 5.00, 105.00, 525.00, '', 0.00, 105.00, 0, 0, 5.00, 0),
(154, 75, 211, '0000211000004', '', 2.00, 79.50, 159.00, '', 0.00, 79.50, 0, 0, 2.00, 0),
(155, 75, 312, '0000312000002', 'Era HDPE Male Elbow 32mm 1"', 2.00, 63.00, 126.00, '', 0.00, 63.00, 0, 0, 2.00, 0),
(156, 75, 3, '0000003000007', '', 1.00, 874.50, 874.50, '', 0.00, 874.50, 0, 0, 1.00, 0),
(157, 76, 150, '0000150000004', 'Bestank BSTR   500', 2.00, 7600.00, 15200.00, '', 600.00, 7600.00, 0, 0, 2.00, 0),
(158, 77, 292, '0000292000009', 'Torus HDPE Pipe SDR2 0.5"x1m Blue', 75.00, 18.00, 1350.00, '', 0.00, 18.00, 0, 0, 75.00, 0),
(159, 77, 191, '0000191000001', '', 2.00, 51.45, 102.90, '', 0.00, 51.45, 0, 0, 2.00, 0),
(160, 77, 200, '0000200000008', '', 1.00, 59.85, 59.85, '', 0.00, 59.85, 0, 0, 1.00, 0),
(161, 80, 76, '0000076000003', 'Supreme Tank 21 gals., SS-304#16', 1.00, 4000.00, 4000.00, '', 700.00, 4000.00, 0, 0, 1.00, 0),
(169, 87, 34, '0000034000007', 'Goulds SJ10 1HP vertical set', 1.00, 23500.00, 23500.00, '', 1135.00, 23500.00, 0, 0, 1.00, 0),
(171, 88, 292, '0000292000009', 'Torus HDPE Pipe SDR2 0.5"x1m Blue', 1.00, 2497.50, 2497.50, '', 0.00, 2497.50, 0, 0, 1.00, 0),
(172, 87, 297, '0000297000004', 'Goulds Adapter', 1.00, 0.00, 0.00, '', 0.00, 0.00, 0, 0, 1.00, 0),
(173, 87, 298, '0000298000003', 'Goulds Ejector 2"', 1.00, 0.00, 0.00, '', 0.00, 0.00, 0, 0, 1.00, 0),
(179, 86, 259, '0000259000004', 'M-Aqua 1HP water pump', 1.00, 3200.00, 3200.00, '', 0.00, 3200.00, 0, 0, 1.00, 0),
(180, 86, 76, '0000076000003', 'Supreme Tank 21 gals., SS-304#16', 1.00, 4700.00, 4700.00, '', 0.00, 4700.00, 0, 0, 1.00, 0),
(181, 86, 40, '0000040000008', 'Square D Pressure Switch', 1.00, 390.00, 390.00, '', 0.00, 390.00, 0, 0, 1.00, 0),
(182, 86, 77, '0000077000002', 'asf', 1.00, 170.00, 170.00, '', 0.00, 170.00, 0, 0, 1.00, 0),
(183, 86, 134, '0000134000006', 'fittings set for coupled type', 1.00, 202.64, 202.64, '', 0.00, 202.64, 0, 0, 1.00, 0),
(184, 86, 296, '0000296000005', 'DISCOUNT', 1.00, -162.64, -162.64, '', 43.00, -162.64, 0, 0, 1.00, 0),
(185, 89, 77, '0000077000002', 'asf', 1.00, 170.00, 170.00, '', 0.00, 170.00, 0, 0, 1.00, 0),
(186, 89, 40, '0000040000008', 'Square D Pressure Switch', 1.00, 390.00, 390.00, '', 0.00, 390.00, 0, 0, 1.00, 0),
(187, 89, 137, '0000137000003', 'GI Nipple 0.25x2"', 3.00, 27.54, 82.62, '', 0.00, 27.54, 0, 0, 3.00, 0),
(188, 89, 145, '0000145000002', 'GI Tee 0.25"', 1.00, 25.30, 25.30, '', 0.00, 25.30, 0, 0, 1.00, 0),
(189, 89, 139, '0000139000001', 'GI Bushing 1x0.75"', 2.00, 18.79, 37.58, '', 0.00, 18.79, 0, 0, 2.00, 0),
(190, 89, 140, '0000140000007', 'GI Tee 0.75"', 1.00, 24.85, 24.85, '', 0.00, 24.85, 0, 0, 1.00, 0),
(191, 89, 142, '0000142000005', 'GI Plug 0.75"', 1.00, 11.27, 11.27, '', 0.00, 11.27, 0, 0, 1.00, 0),
(192, 89, 270, '0000270000007', 'GI Elbow 0.25"', 1.00, 40.00, 40.00, '', 0.00, 40.00, 0, 0, 1.00, 0),
(193, 89, 141, '0000141000006', 'GI Nipple 0.75x2"', 1.00, 16.66, 16.66, '', 0.00, 16.66, 0, 0, 1.00, 0),
(194, 89, 143, '0000143000004', 'GI Nipple 0.75x3"', 2.00, 21.08, 42.16, '', 0.00, 21.08, 0, 0, 2.00, 0),
(195, 89, 136, '0000136000004', '', 2.00, 11.00, 22.00, '', 0.00, 11.00, 0, 0, 2.00, 0),
(196, 89, 323, '0000323000008', 'GI Bushing .75" x .25"', 1.00, 13.00, 13.00, '', 0.00, 13.00, 0, 0, 1.00, 0),
(197, 89, 272, '0000272000005', 'Supreme Tank 82 gals., SS-304#16', 1.00, 11000.00, 11000.00, '', 0.00, 11000.00, 0, 0, 1.00, 0),
(199, 91, 321, '0000321000000', 'Daichi Impeller s-1021P', 2.00, 1800.00, 3600.00, '', 0.00, 1800.00, 0, 0, 2.00, 0),
(200, 92, 16, '0000016000001', '', 1.00, 3000.00, 3000.00, '', -405.00, 3000.00, 0, 0, 1.00, 0),
(210, 93, 77, '0000077000002', 'asf', 1.00, 170.00, 170.00, '', 0.00, 170.00, 0, 0, 1.00, 0),
(211, 93, 40, '0000040000008', 'Square D Pressure Switch', 1.00, 390.00, 390.00, '', 0.00, 390.00, 0, 0, 1.00, 0),
(215, 94, 252, '0000252000001', 'Saer Convertible Pump 2 HP SR200C +S&G', 1.00, 17800.00, 17800.00, '', 700.00, 17800.00, 0, 0, 1.00, 0),
(216, 94, 255, '0000255000008', 'Saer Deepwell Pump 1 HP SR100D +S&G', -1.00, 10800.00, -10800.00, '', 0.00, 10800.00, 0, 0, -1.00, 0),
(217, 95, 209, '0000209000009', '', 1.00, 40.50, 40.50, '', 0.00, 40.50, 0, 0, 1.00, 0),
(218, 95, 191, '0000191000001', '', 1.00, 51.45, 51.45, '', 0.00, 51.45, 0, 0, 1.00, 0),
(219, 95, 182, '0000182000003', '', 1.00, 72.45, 72.45, '', 0.00, 72.45, 0, 0, 1.00, 0),
(220, 95, 292, '0000292000009', 'Torus HDPE Pipe SDR2 0.5"x1m Blue', 10.00, 18.00, 180.00, '', 24795.00, 18.00, 0, 0, 10.00, 0),
(221, 96, 304, '0000304000003', 'Spraying Nozzle Orange', 1.00, 350.00, 350.00, '', 0.00, 350.00, 0, 0, 1.00, 0),
(237, 97, 325, '0000325000006', 'Labor 2', 1.00, 600.00, 600.00, '', 0.00, 600.00, 0, 0, 1.00, 0),
(238, 97, 315, '0000315000009', 'NSK Bearing 6202 DDU', 2.00, 150.00, 300.00, '', 0.00, 150.00, 0, 0, 2.00, 0),
(239, 97, 314, '0000314000000', 'Shaftseal 13mm', 1.00, 350.00, 350.00, '', 0.00, 350.00, 0, 0, 1.00, 0),
(240, 97, 327, '0000327000004', 'Generic Back Plate for Booster Pump', 1.00, 600.00, 600.00, '', 0.00, 600.00, 0, 0, 1.00, 0),
(241, 99, 328, '0000328000003', 'Corrugated Suction Hose 3" 1m CH3', 3.00, 260.00, 780.00, '', 0.00, 260.00, 0, 0, 3.00, 0),
(242, 100, 259, '0000259000004', 'M-Aqua 1HP water pump', 1.00, 3200.00, 3200.00, '', 0.00, 3200.00, 0, 0, 1.00, 0),
(243, 100, 299, '0000299000002', ' 	Torus HDPE Pipe SDR11 0.5"x1m Black', 40.00, 18.00, 720.00, '', 0.00, 18.00, 0, 0, 40.00, 0),
(251, 103, 329, '0000329000002', 'Aquaflo Diapgragm Tank PC366B 119Ltrs 450Gal', 1.00, 38000.00, 38000.00, '', 0.00, 38000.00, 0, 0, 1.00, 0),
(254, 106, 138, '0000138000002', 'GI Plug 0.5", 1/2"\r\n', 1.00, 15.00, 15.00, '', 0.00, 15.00, 0, 0, 1.00, 0),
(255, 111, 175, '0000175000003', '', 1.00, 79.80, 79.80, '', 0.00, 79.80, 0, 0, 1.00, 0),
(267, 112, 40, '0000040000008', 'Square D Pressure Switch', 1.00, 390.00, 390.00, '', 0.00, 390.00, 0, 0, 1.00, 0),
(268, 112, 134, '0000134000006', 'fittings set for coupled type', 1.00, 202.64, 202.64, '', 0.00, 202.64, 0, 0, 1.00, 0),
(269, 112, 77, '0000077000002', 'asf', 1.00, 170.00, 170.00, '', 0.00, 170.00, 0, 0, 1.00, 0),
(270, 112, 76, '0000076000003', 'Supreme Tank 21 gals., SS-304#16', 1.00, 4700.00, 4700.00, '', 0.00, 4700.00, 0, 0, 1.00, 0),
(271, 112, 52, '0000052000003', 'Eurostar	DJM100 1HP', 1.00, 7500.00, 7500.00, '', 0.00, 7500.00, 0, 0, 1.00, 0),
(272, 112, 296, '0000296000005', 'DISCOUNT', 1.00, -462.64, -462.64, '', 343.00, -462.64, 0, 0, 1.00, 0),
(273, 104, 40, '0000040000008', 'Square D Pressure Switch', 1.00, 390.00, 390.00, '', 0.00, 390.00, 0, 0, 1.00, 0),
(274, 104, 134, '0000134000006', 'fittings set for coupled type', 1.00, 202.64, 202.64, '', 0.00, 202.64, 0, 0, 1.00, 0),
(275, 104, 77, '0000077000002', 'asf', 1.00, 170.00, 170.00, '', 0.00, 170.00, 0, 0, 1.00, 0),
(276, 104, 52, '0000052000003', 'Eurostar	DJM100 1HP', 1.00, 7500.00, 7500.00, '', 0.00, 7500.00, 0, 0, 1.00, 0),
(277, 104, 76, '0000076000003', 'Supreme Tank 21 gals., SS-304#16', 1.00, 4700.00, 4700.00, '', 0.00, 4700.00, 0, 0, 1.00, 0),
(278, 104, 296, '0000296000005', 'DISCOUNT', 1.00, -662.64, -662.64, '', 543.00, -662.64, 0, 0, 1.00, 0),
(279, 113, 20, '0000020000004', 'Kawasaki Power Sprayer 25mm KC-25A', 1.00, 3000.00, 3000.00, '', -120.00, 3000.00, 0, 0, 1.00, 0),
(280, 113, 304, '0000304000003', 'Spraying Nozzle Orange', 1.00, 200.00, 200.00, '', 150.00, 200.00, 0, 0, 1.00, 0),
(281, 114, 19, '0000019000008', 'Viva Submersible Stainless Sewage Pump 1HP SPWS750-50', 1.00, 4000.00, 4000.00, '', 590.00, 4000.00, 0, 0, 1.00, 0),
(282, 115, 20, '0000020000004', 'Kawasaki Power Sprayer 25mm KC-25A', 1.00, 2880.00, 2880.00, '', 0.00, 2880.00, 0, 0, 1.00, 0),
(283, 115, 21, '0000021000003', '', 1.00, 2368.00, 2368.00, '', 0.00, 2368.00, 0, 0, 1.00, 0),
(284, 115, 304, '0000304000003', 'Spraying Nozzle Orange', 1.00, 350.00, 350.00, '', 0.00, 350.00, 0, 0, 1.00, 0),
(285, 116, 24, '0000024000000', 'Fujihama Duct Hose 3x3 100m DH3', 1.00, 4000.00, 4000.00, '', 0.00, 4000.00, 0, 0, 1.00, 0),
(286, 117, 260, '0000260000000', 'Cavalier 1 HP Stainless Head JPS100L', 1.00, 3800.00, 3800.00, '', 17.50, 3800.00, 0, 0, 1.00, 0),
(287, 118, 18, '0000018000009', 'Viva Jetmatic Pump 1HP JET100', 1.00, 2900.00, 2900.00, '', 0.00, 2900.00, 0, 0, 1.00, 0),
(288, 118, 57, '0000057000008', '', 2.00, 11.00, 22.00, '', 0.00, 11.00, 0, 0, 2.00, 0),
(289, 118, 210, '0000210000005', '', 1.00, 55.50, 55.50, '', 0.00, 55.50, 0, 0, 1.00, 0),
(290, 119, 272, '0000272000005', 'Supreme Tank 82 gals., SS-304#16', 1.00, 11000.00, 11000.00, '', 0.00, 11000.00, 0, 0, 1.00, 0),
(291, 120, 20, '0000020000004', 'Kawasaki Power Sprayer 25mm KC-25A', 1.00, 2800.00, 2800.00, '', 80.00, 2800.00, 0, 0, 1.00, 0),
(292, 121, 34, '0000034000007', 'Goulds SJ10 1HP vertical set', 1.00, 23500.00, 23500.00, '', 1135.00, 23500.00, 0, 0, 1.00, 0),
(293, 121, 298, '0000298000003', 'Goulds Ejector 2"', 1.00, 0.00, 0.00, '', 0.00, 0.00, 0, 0, 1.00, 0),
(294, 121, 297, '0000297000004', 'Goulds Adapter', 1.00, 0.00, 0.00, '', 0.00, 0.00, 0, 0, 1.00, 0),
(295, 122, 334, '0000334000004', 'Big Lite LED 5W Daylight', 2.00, 85.00, 170.00, '', 0.00, 85.00, 0, 0, 2.00, 0),
(296, 122, 260, '0000260000000', 'Cavalier 1 HP Stainless Head JPS100L', 1.00, 3900.00, 3900.00, '', -82.50, 3900.00, 0, 0, 1.00, 0),
(297, 123, 299, '0000299000002', ' 	Torus HDPE Pipe SDR11 0.5"x1m Black', 35.00, 18.00, 630.00, '', 0.00, 18.00, 0, 0, 35.00, 0),
(300, 126, 256, '0000256000007', '', 10.00, 35.00, 350.00, '', 0.00, 35.00, 0, 0, 10.00, 0),
(301, 127, 70, '0000070000009', 'Stac Pump PE45 0.5HP ', 1.00, 1900.00, 1900.00, '', -100.00, 1900.00, 0, 0, 1.00, 0),
(302, 128, 64, '0000064000008', '', 2.00, 415.35, 830.70, '', 0.00, 415.35, 0, 0, 2.00, 0),
(303, 128, 310, '0000310000004', ' 	Torus HDPE Pipe SDR11 1"x100m Blue', 80.00, 45.00, 3600.00, '', 0.00, 45.00, 0, 0, 80.00, 0),
(304, 64, 18, '0000018000009', 'Viva Jetmatic Pump 1HP JET100', 1.00, 2900.00, 2900.00, '', 0.00, 2900.00, 0, 0, 1.00, 0),
(305, 64, 73, '0000073000006', 'Supreme Tank 12 gals., SS-304#16', 1.00, 3000.00, 3000.00, '', 0.00, 3000.00, 0, 0, 1.00, 0),
(306, 64, 40, '0000040000008', 'Square D Pressure Switch', 1.00, 390.00, 390.00, '', 0.00, 390.00, 0, 0, 1.00, 0),
(307, 64, 77, '0000077000002', 'asf', 1.00, 170.00, 170.00, '', 0.00, 170.00, 0, 0, 1.00, 0),
(308, 64, 134, '0000134000006', 'fittings set for coupled type', 1.00, 202.64, 202.64, '', 0.00, 202.64, 0, 0, 1.00, 0),
(309, 64, 296, '0000296000005', 'DISCOUNT', 1.00, -162.64, -162.64, '', 43.00, -162.64, 0, 0, 1.00, 0),
(310, 93, 71, '0000071000008', 'Pentax PM45 0.5HP', 1.00, 2800.00, 2800.00, '', 0.00, 2800.00, 0, 0, 1.00, 0),
(311, 93, 73, '0000073000006', 'Supreme Tank 12 gals., SS-304#16', 1.00, 3000.00, 3000.00, '', 0.00, 3000.00, 0, 0, 1.00, 0),
(312, 93, 134, '0000134000006', 'fittings set for coupled type', 1.00, 202.64, 202.64, '', 0.00, 202.64, 0, 0, 1.00, 0),
(313, 93, 296, '0000296000005', 'DISCOUNT', 1.00, -220.00, -220.00, '', 100.36, -220.00, 0, 0, 1.00, 0),
(314, 98, 77, '0000077000002', 'asf', 1.00, 170.00, 170.00, '', 0.00, 170.00, 0, 0, 1.00, 0),
(315, 98, 40, '0000040000008', 'Square D Pressure Switch', 1.00, 390.00, 390.00, '', 0.00, 390.00, 0, 0, 1.00, 0),
(316, 98, 307, '0000307000000', 'DynaFlo Bladder Tank DF24H Horizontal 6 Gals', 1.00, 2960.00, 2960.00, '', 0.00, 2960.00, 0, 0, 1.00, 0),
(317, 98, 71, '0000071000008', 'Pentax PM45 0.5HP', 1.00, 2800.00, 2800.00, '', 0.00, 2800.00, 0, 0, 1.00, 0),
(318, 98, 134, '0000134000006', 'fittings set for coupled type', 1.00, 202.64, 202.64, '', 0.00, 202.64, 0, 0, 1.00, 0),
(319, 98, 296, '0000296000005', 'DISCOUNT', 1.00, -722.64, -722.64, '', 603.00, -722.64, 0, 0, 1.00, 0),
(320, 68, 272, '0000272000005', 'Supreme Tank 82 gals., SS-304#16', 1.00, 10800.00, 10800.00, '', 200.00, 10800.00, 0, 0, 1.00, 0),
(323, 129, 71, '0000071000008', 'Pentax PM45 0.5HP', 1.00, 2900.00, 2900.00, '', 0.00, 2900.00, 0, 0, 1.00, 0),
(324, 129, 77, '0000077000002', 'asf', 1.00, 170.00, 170.00, '', 0.00, 170.00, 0, 0, 1.00, 0),
(326, 129, 73, '0000073000006', 'Supreme Tank 12 gals., SS-304#16', 1.00, 3137.36, 3137.36, '', -137.36, 3137.36, 0, 0, 1.00, 0),
(327, 129, 134, '0000134000006', 'fittings set for coupled type', 1.00, 202.64, 202.64, '', 0.00, 202.64, 0, 0, 1.00, 0),
(328, 129, 40, '0000040000008', 'Square D Pressure Switch', 1.00, 390.00, 390.00, '', 0.00, 390.00, 0, 0, 1.00, 0),
(329, 130, 10, '0000010000007', 'Densui Electric Motor 1.5HP Aluminum Winding YC90L-4', 1.00, 3000.00, 3000.00, '', 0.00, 3000.00, 0, 0, 1.00, 0),
(330, 130, 20, '0000020000004', 'Kawasaki Power Sprayer 25mm KC-25A', 1.00, 2880.00, 2880.00, '', 0.00, 2880.00, 0, 0, 1.00, 0),
(331, 130, 22, '0000022000002', '', 1.00, 200.00, 200.00, '', 0.00, 200.00, 0, 0, 1.00, 0),
(332, 130, 296, '0000296000005', 'DISCOUNT', 1.00, -80.00, -80.00, '', 0.00, -80.00, 0, 0, 1.00, 0),
(333, 134, 40, '0000040000008', 'Square D Pressure Switch', 1.00, 390.00, 390.00, '', 0.00, 390.00, 0, 0, 1.00, 0),
(334, 135, 345, '0000345000000', 'ERA PPR PN16 20mm 0.5" White', 15.00, 160.65, 2409.75, '', 0.00, 160.65, 0, 0, 15.00, 0),
(335, 135, 347, '0000347000008', 'ERA PPR PN16 32mm 1" White', 5.00, 390.15, 1950.75, '', 0.00, 390.15, 0, 0, 5.00, 0),
(336, 135, 346, '0000346000009', 'ERA PPR PN16 40mm 1.25" White', 5.00, 674.90, 3374.50, '', 0.00, 674.90, 0, 0, 5.00, 0),
(337, 135, 348, '0000348000007', 'ERA PPR Elbow 20mm 0.5" White', 20.00, 6.80, 136.00, '', 0.00, 6.80, 0, 0, 20.00, 0),
(338, 135, 349, '0000349000006', 'ERA PPR Tee Plain 20mm 0.5" White', 10.00, 9.35, 93.50, '', 0.00, 9.35, 0, 0, 10.00, 0),
(339, 135, 350, '0000350000002', 'ERA PPR Female Elbow 20mm 0.5"', 15.00, 74.80, 1122.00, '', 0.00, 74.80, 0, 0, 15.00, 0),
(340, 135, 351, '0000351000001', 'ERA PPR Reducer 40mmx1" White\r\n', 2.00, 17.00, 34.00, '', 0.00, 17.00, 0, 0, 2.00, 0),
(341, 135, 352, '0000352000000', 'ERA PPR Coupling 20mm 0.5" White', 20.00, 4.25, 85.00, '', 0.00, 4.25, 0, 0, 20.00, 0),
(342, 135, 341, '0000341000004', 'ERA PPR Male Adapter 40mm 1.25"', 2.00, 425.00, 850.00, '', 0.00, 425.00, 0, 0, 2.00, 0),
(343, 135, 342, '0000342000003', 'ERA PPR Tee Plain 40mm 1.25" White', 2.00, 47.60, 95.20, '', 0.00, 47.60, 0, 0, 2.00, 0),
(344, 135, 343, '0000343000002', 'ERA PPR Stop Valve 40mm 1.25" White', 2.00, 555.90, 1111.80, '', 0.00, 555.90, 0, 0, 2.00, 0),
(345, 135, 344, '0000344000001', 'ERA PPR Stop Valve 20mm 0.5" White', 5.00, 188.00, 940.00, '', 0.00, 188.00, 0, 0, 5.00, 0),
(349, 143, 307, '0000307000000', 'DynaFlo Bladder Tank DF24H Horizontal 6 Gals', 1.00, 3000.00, 3000.00, '', 0.00, 3000.00, 0, 0, 1.00, 0),
(350, 143, 322, '0000322000009', 'VAT', 1.00, 60.00, 60.00, '', 0.00, 60.00, 0, 0, 1.00, 0),
(351, 144, 70, '0000070000009', 'Stac Pump PE45 0.5HP ', 1.00, 1800.00, 1800.00, '', 0.00, 1800.00, 0, 0, 1.00, 0),
(352, 145, 310, '0000310000004', ' 	Torus HDPE Pipe SDR11 1"x100m Blue', 20.00, 45.00, 900.00, '', 0.00, 45.00, 0, 0, 20.00, 0),
(353, 145, 218, '0000218000007', '', 1.00, 29.40, 29.40, '', 0.00, 29.40, 0, 0, 1.00, 0),
(354, 145, 193, '0000193000009', '', 2.00, 105.00, 210.00, '', 0.00, 105.00, 0, 0, 2.00, 0),
(355, 146, 313, '0000313000001', 'Last One Capacitor 20MFD x 450VAC', 1.00, 390.00, 390.00, '', 0.00, 390.00, 0, 0, 1.00, 0),
(357, 148, 70, '0000070000009', 'Stac Pump PE45 0.5HP ', 1.00, 1700.00, 1700.00, '', 100.00, 1700.00, 0, 0, 1.00, 0),
(358, 149, 52, '0000052000003', 'Eurostar	DJM100 1HP', 1.00, 7500.00, 7500.00, '', 0.00, 7500.00, 0, 0, 1.00, 0),
(359, 149, 153, '0000153000001', 'Bestank BSTR   1000', 1.00, 13500.00, 13500.00, '', 0.00, 13500.00, 0, 0, 1.00, 0),
(360, 150, 357, '0000357000005', 'Jupiter Check Valve 1"', 1.00, 874.50, 874.50, '', 0.00, 874.50, 0, 0, 1.00, 0),
(361, 150, 358, '0000358000004', 'ERA PPR Male Adapter 32mm 1" White', 5.00, 450.00, 2250.00, '', 0.00, 450.00, 0, 0, 5.00, 0),
(362, 150, 359, '0000359000003', 'ERA PPR Female Adapter 32mm 1" White', 1.00, 390.00, 390.00, '', 0.00, 390.00, 0, 0, 1.00, 0),
(363, 150, 360, '0000360000009', 'ERA PPR Tee Plain 32mm 1" White', 2.00, 27.20, 54.40, '', 0.00, 27.20, 0, 0, 2.00, 0),
(364, 150, 361, '0000361000008', 'ERA PPR Stop Valve 32mm 1" White', 2.00, 450.00, 900.00, '', 0.00, 450.00, 0, 0, 2.00, 0),
(365, 150, 362, '0000362000007', 'ERA PPR Elbow 32mm 1" White', 4.00, 19.55, 78.20, '', 0.00, 19.55, 0, 0, 4.00, 0),
(366, 150, 363, '0000363000006', ' 	ERA PPR Coupling 32mm 1" White', 2.00, 11.05, 22.10, '', 0.00, 11.05, 0, 0, 2.00, 0),
(367, 150, 364, '0000364000005', 'ERA PPR PN20 32mm 1" White', 1.00, 480.00, 480.00, '', 0.00, 480.00, 0, 0, 1.00, 0),
(368, 150, 365, '0000365000004', 'ERA PPR Female Tee 32mm 1" White', 1.00, 401.00, 401.00, '', 0.00, 401.00, 0, 0, 1.00, 0),
(376, 151, 366, '0000366000003', 'GI Bushing 1"x0.25"', 1.00, 22.00, 22.00, '', 0.00, 22.00, 0, 0, 1.00, 0),
(377, 151, 137, '0000137000003', 'GI Nipple 0.25"x2"', 3.00, 27.54, 82.62, '', 0.00, 27.54, 0, 0, 3.00, 0),
(378, 151, 145, '0000145000002', 'GI Tee 0.25"', 1.00, 25.00, 25.00, '', 0.00, 25.00, 0, 0, 1.00, 0),
(379, 151, 367, '0000367000002', 'Miles Teflon 1"', 7.00, 20.00, 140.00, '', 0.00, 20.00, 0, 0, 7.00, 0),
(380, 151, 326, '0000326000005', 'Labor 3', 1.00, 3500.00, 3500.00, '', 0.00, 3500.00, 0, 0, 1.00, 0),
(381, 151, 270, '0000270000007', '\r\nGI Elbow 0.25"', 1.00, 25.00, 25.00, '', 15.00, 25.00, 0, 0, 1.00, 0),
(382, 152, 150, '0000150000004', 'Bestank BSTR   500', 1.00, 7900.00, 7900.00, '', 0.00, 7900.00, 0, 0, 1.00, 0),
(383, 150, 368, '0000368000001', 'Hindi Nasingil ', 2.00, 0.00, 0.00, '', 0.00, 0.00, 0, 0, 2.00, 0),
(384, 151, 354, '0000354000008', 'Hindi Nasingil', 1.00, 0.00, 0.00, '', 0.00, 0.00, 0, 0, 1.00, 0),
(385, 151, 353, '0000353000009', 'Hindi Nasingil', 1.00, 0.00, 0.00, '', 0.00, 0.00, 0, 0, 1.00, 0),
(386, 153, 259, '0000259000004', 'M-Aqua 1HP water pump', 1.00, 3200.00, 3200.00, '', 0.00, 3200.00, 0, 0, 1.00, 0),
(387, 154, 20, '0000020000004', 'Kawasaki Power Sprayer 25mm KC-25A', 1.00, 3200.00, 3200.00, '', -320.00, 3200.00, 0, 0, 1.00, 0),
(410, 165, 70, '0000070000009', 'Stac Pump PE45 0.5HP ', 1.00, 1800.00, 1800.00, '', 0.00, 1800.00, 0, 0, 1.00, 0),
(414, 165, 73, '0000073000006', 'Supreme Tank 12 gals., SS-304#16', 1.00, 3000.00, 3000.00, '', 0.00, 3000.00, 0, 0, 1.00, 0),
(415, 165, 40, '0000040000008', 'Square D Pressure Switch', 1.00, 390.00, 390.00, '', 0.00, 390.00, 0, 0, 1.00, 0),
(416, 165, 77, '0000077000002', 'asf', 1.00, 170.00, 170.00, '', 0.00, 170.00, 0, 0, 1.00, 0),
(417, 165, 134, '0000134000006', 'fittings set for coupled type', 1.00, 202.64, 202.64, '', 0.00, 202.64, 0, 0, 1.00, 0),
(418, 165, 296, '0000296000005', 'DISCOUNT', 1.00, -62.64, -62.64, '', 338.64, -62.64, 0, 0, 1.00, 0),
(422, 171, 272, '0000272000005', 'Supreme Tank 82 gals., SS-304#16', 1.00, 11000.00, 11000.00, '', 0.00, 11000.00, 0, 0, 1.00, 0),
(423, 171, 77, '0000077000002', 'asf', 1.00, 170.00, 170.00, '', 0.00, 170.00, 0, 0, 1.00, 0),
(424, 171, 40, '0000040000008', 'Square D Pressure Switch', 1.00, 390.00, 390.00, '', 0.00, 390.00, 0, 0, 1.00, 0),
(425, 171, 137, '0000137000003', 'GI Nipple 0.25"x2"', 3.00, 27.54, 82.62, '', 0.00, 27.54, 0, 0, 3.00, 0),
(426, 171, 145, '0000145000002', 'GI Tee 0.25"', 1.00, 25.00, 25.00, '', 0.00, 25.00, 0, 0, 1.00, 0),
(427, 171, 270, '0000270000007', '\r\nGI Elbow 0.25"', 1.00, 40.00, 40.00, '', 0.00, 40.00, 0, 0, 1.00, 0),
(428, 171, 142, '0000142000005', 'GI Plug 0.75"', 1.00, 0.00, 0.00, '', 11.27, 0.00, 0, 0, 1.00, 0),
(429, 172, 377, '0000377000009', 'Unidex Fusion Machine 1.25"x2"', 1.00, 3900.00, 3900.00, '', 0.00, 3900.00, 0, 0, 1.00, 0),
(430, 173, 256, '0000256000007', '', 20.00, 35.00, 700.00, '', 0.00, 35.00, 0, 0, 20.00, 0),
(431, 174, 52, '0000052000003', 'Eurostar	DJM100 1HP', 1.00, 7500.00, 7500.00, '', 0.00, 7500.00, 0, 0, 1.00, 0),
(432, 174, 307, '0000307000000', 'DynaFlo Bladder Tank DF24H Horizontal 6 Gals', 1.00, 3000.00, 3000.00, '', 0.00, 3000.00, 0, 0, 1.00, 0),
(433, 174, 77, '0000077000002', 'asf', 1.00, 170.00, 170.00, '', 0.00, 170.00, 0, 0, 1.00, 0),
(434, 174, 40, '0000040000008', 'Square D Pressure Switch', 1.00, 390.00, 390.00, '', 0.00, 390.00, 0, 0, 1.00, 0),
(435, 174, 134, '0000134000006', 'fittings set for coupled type', 1.00, 202.64, 202.64, '', 0.00, 202.64, 0, 0, 1.00, 0),
(436, 174, 296, '0000296000005', 'DISCOUNT', 1.00, -1262.64, -1262.64, '', 1538.64, -1262.64, 0, 0, 1.00, 0),
(437, 173, 381, '0000381000002', 'Power Sprayer FIttings - Female', 1.00, 75.00, 75.00, '', 0.00, 75.00, 0, 0, 1.00, 0),
(438, 173, 380, '0000380000003', 'Power Sprayer FIttings - Male', 1.00, 75.00, 75.00, '', 0.00, 75.00, 0, 0, 1.00, 0),
(439, 175, 256, '0000256000007', '', 22.00, 35.00, 770.00, '', 0.00, 35.00, 0, 0, 22.00, 0),
(440, 175, 381, '0000381000002', 'Power Sprayer FIttings - Female', 1.00, 75.00, 75.00, '', 0.00, 75.00, 0, 0, 1.00, 0),
(441, 175, 380, '0000380000003', 'Power Sprayer FIttings - Male', 1.00, 75.00, 75.00, '', 0.00, 75.00, 0, 0, 1.00, 0),
(442, 147, 58, '0000058000007', '', 1.00, 214.50, 214.50, '', 0.00, 214.50, 0, 0, 1.00, 0),
(444, 86, 44, '0000044000004', 'Float Valve 0.5"', 1.00, 700.00, 700.00, '', -54.00, 700.00, 0, 0, 1.00, 0),
(445, 176, 70, '0000070000009', 'Stac Pump PE45 0.5HP ', 1.00, 1900.00, 1900.00, '', -100.00, 1900.00, 0, 0, 1.00, 0),
(446, 176, 324, '0000324000007', 'Labor', 1.00, 800.00, 800.00, '', 0.00, 800.00, 0, 0, 1.00, 0),
(447, 177, 360, '0000360000009', 'ERA PPR Tee Plain 32mm 1" White', 1.00, 27.20, 27.20, '', 0.00, 27.20, 0, 0, 1.00, 0),
(448, 177, 5, '0000005000005', 'GV Ball Valve 0.5"', 1.00, 141.96, 141.96, '', 10.14, 141.96, 0, 0, 1.00, 0),
(449, 178, 369, '0000369000000', 'Goulds 2K61 Brass', 2.00, 2500.00, 5000.00, '', 0.00, 2500.00, 0, 0, 2.00, 0),
(450, 178, 371, '0000371000005', 'BMI Capacitore 161-193uf x 125Vac', 1.00, 336.00, 336.00, '', 0.00, 336.00, 0, 0, 1.00, 0),
(451, 178, 373, '0000373000003', 'Goulds Seal Ring J10S', 1.00, 180.00, 180.00, '', 0.00, 180.00, 0, 0, 1.00, 0),
(452, 178, 372, '0000372000004', 'Goulds Diaphragm 5K21', 1.00, 360.00, 360.00, '', 0.00, 360.00, 0, 0, 1.00, 0),
(453, 178, 325, '0000325000006', 'Labor 2', 2.00, 700.00, 1400.00, '', 0.00, 700.00, 0, 0, 2.00, 0),
(456, 178, 296, '0000296000005', 'DISCOUNT', 1.00, -276.00, -276.00, '', 552.00, -276.00, 0, 0, 1.00, 0),
(457, 179, 256, '0000256000007', '', 10.00, 35.00, 350.00, '', 0.00, 35.00, 0, 0, 10.00, 0),
(458, 179, 381, '0000381000002', 'Power Sprayer FIttings - Female', 1.00, 75.00, 75.00, '', 0.00, 75.00, 0, 0, 1.00, 0),
(459, 179, 380, '0000380000003', 'Power Sprayer FIttings - Male', 1.00, 75.00, 75.00, '', 0.00, 75.00, 0, 0, 1.00, 0),
(460, 180, 173, '0000173000005', '', 5.00, 52.50, 262.50, '', 0.00, 52.50, 0, 0, 5.00, 0),
(461, 180, 174, '0000174000004', '', 5.00, 67.20, 336.00, '', 0.00, 67.20, 0, 0, 5.00, 0),
(462, 181, 184, '0000184000001', '', 1.00, 132.30, 132.30, '', 0.00, 132.30, 0, 0, 1.00, 0),
(463, 181, 193, '0000193000009', '', 1.00, 105.00, 105.00, '', 0.00, 105.00, 0, 0, 1.00, 0),
(464, 178, 370, '0000370000006', 'Goulds 3K61 Brass', 2.00, 2500.00, 5000.00, '', 0.00, 2500.00, 0, 0, 2.00, 0),
(465, 182, 10, '0000010000007', 'Densui Electric Motor 1.5HP Aluminum Winding YC90L-4', 1.00, 3000.00, 3000.00, '', 0.00, 3000.00, 0, 0, 1.00, 0),
(466, 182, 383, '0000383000000', 'Yamato Power Sprayer 25mm YM-25', 1.00, 3000.00, 3000.00, '', 0.00, 3000.00, 0, 0, 1.00, 0),
(467, 182, 22, '0000022000002', '', 1.00, 200.00, 200.00, '', 0.00, 200.00, 0, 0, 1.00, 0),
(468, 182, 296, '0000296000005', 'DISCOUNT', 1.00, -400.00, -400.00, '', 676.00, -400.00, 0, 0, 1.00, 0),
(469, 182, 304, '0000304000003', 'Spraying Nozzle Orange', 1.00, 350.00, 350.00, '', 0.00, 350.00, 0, 0, 1.00, 0),
(470, 184, 399, '0000399000001', 'CYD YD-706-6 6W White', 3.00, 390.00, 1170.00, '', 0.00, 390.00, 0, 0, 3.00, 0),
(480, 187, 412, '0000412000001', 'Claro Spot 3W Warm White White Housing', 1.00, 294.50, 294.50, '', 15.50, 294.50, 0, 0, 1.00, 0),
(482, 187, 296, '0000296000005', 'DISCOUNT', 1.00, -3.00, -3.00, '', 279.00, -3.00, 0, 0, 1.00, 0),
(483, 188, 256, '0000256000007', '', 55.00, 35.00, 1925.00, '', 0.00, 35.00, 0, 0, 55.00, 0),
(484, 188, 381, '0000381000002', 'Power Sprayer FIttings - Female', 2.00, 75.00, 150.00, '', 0.00, 75.00, 0, 0, 2.00, 0),
(485, 188, 380, '0000380000003', 'Power Sprayer FIttings - Male', 2.00, 75.00, 150.00, '', 0.00, 75.00, 0, 0, 2.00, 0),
(486, 94, 281, '0000281000003', 'Saer Deepwell Adapter 2"', -1.00, 0.00, 0.00, '', 0.00, 0.00, 0, 0, -1.00, 0),
(487, 189, 271, '0000271000006', 'Supreme Tank 42 gals., SS-304#16', 1.00, 6500.00, 6500.00, '', 0.00, 6500.00, 0, 0, 1.00, 0),
(488, 190, 256, '0000256000007', '', 10.00, 35.00, 350.00, '', 0.00, 35.00, 0, 0, 10.00, 0),
(489, 190, 381, '0000381000002', 'Power Sprayer FIttings - Female', 1.00, 75.00, 75.00, '', 0.00, 75.00, 0, 0, 1.00, 0),
(490, 190, 380, '0000380000003', 'Power Sprayer FIttings - Male', 1.00, 75.00, 75.00, '', 0.00, 75.00, 0, 0, 1.00, 0),
(492, 192, 57, '0000057000008', '', 1.00, 11.00, 11.00, '', 0.00, 11.00, 0, 0, 1.00, 0),
(493, 192, 367, '0000367000002', 'Miles Teflon 1"', 1.00, 20.00, 20.00, '', 0.00, 20.00, 0, 0, 1.00, 0),
(494, 193, 73, '0000073000006', 'Supreme Tank 12 gals., SS-304#16', 1.00, 3000.00, 3000.00, '', 0.00, 3000.00, 0, 0, 1.00, 0),
(495, 194, 256, '0000256000007', '', 10.00, 35.00, 350.00, '', 0.00, 35.00, 0, 0, 10.00, 0),
(496, 195, 293, '0000293000008', 'Cleaning Gun PSP11 1.5 Ft Straign Gun Green', 1.00, 200.00, 200.00, '', 0.00, 200.00, 0, 0, 1.00, 0),
(497, 196, 416, '0000416000007', 'Goulds Submersible 25GS10', 1.00, 10500.00, 10500.00, '', 0.00, 10500.00, 0, 0, 1.00, 0),
(501, 199, 52, '0000052000003', 'Eurostar	DJM100 1HP', 1.00, 7500.00, 7500.00, '', 0.00, 7500.00, 0, 0, 1.00, 0),
(502, 199, 40, '0000040000008', 'Square D Pressure Switch', 1.00, 390.00, 390.00, '', 0.00, 390.00, 0, 0, 1.00, 0),
(503, 199, 77, '0000077000002', 'asf', 1.00, 170.00, 170.00, '', 0.00, 170.00, 0, 0, 1.00, 0),
(504, 199, 134, '0000134000006', 'fittings set for coupled type', 1.00, 0.00, 0.00, '', 202.64, 0.00, 0, 0, 1.00, 0),
(505, 199, 417, '0000417000006', 'A. O. Smith Water Heater ECS-30 30 Gals', 1.00, 26800.00, 26800.00, '', 0.00, 26800.00, 0, 0, 1.00, 0),
(506, 199, 76, '0000076000003', 'Supreme Tank 21 gals., SS-304#16', 1.00, 4700.00, 4700.00, '', 0.00, 4700.00, 0, 0, 1.00, 0),
(507, 199, 296, '0000296000005', 'DISCOUNT', 1.00, -260.00, -260.00, '', 536.00, -260.00, 0, 0, 1.00, 0),
(509, 201, 320, '0000320000001', 'NSK Bearing 6202 ZZ', 2.00, 180.00, 360.00, '', 0.00, 180.00, 0, 0, 2.00, 0),
(510, 201, 324, '0000324000007', 'Labor', 1.00, 1200.00, 1200.00, '', -400.00, 1200.00, 0, 0, 1.00, 0),
(511, 201, 271, '0000271000006', 'Supreme Tank 42 gals., SS-304#16', 1.00, 6000.00, 6000.00, '', 500.00, 6000.00, 0, 0, 1.00, 0),
(512, 201, 367, '0000367000002', 'Miles Teflon 1"', 2.00, 20.00, 40.00, '', 0.00, 20.00, 0, 0, 2.00, 0),
(514, 200, 332, '0000332000006', 'Big Lite LED 3W Daylight', 1.00, 50.00, 50.00, '', 15.00, 50.00, 0, 0, 1.00, 0),
(515, 202, 332, '0000332000006', 'Big Lite LED 3W Daylight', 1.00, 50.00, 50.00, '', 15.00, 50.00, 0, 0, 1.00, 0),
(516, 203, 256, '0000256000007', '', 4.00, 35.00, 140.00, '', 0.00, 35.00, 0, 0, 4.00, 0),
(517, 204, 3, '0000003000007', '', 1.00, 874.50, 874.50, '', 0.00, 874.50, 0, 0, 1.00, 0),
(518, 205, 299, '0000299000002', ' 	Torus HDPE Pipe SDR11 0.5"x1m Black', 53.00, 18.00, 954.00, '', 0.00, 18.00, 0, 0, 53.00, 0),
(519, 205, 218, '0000218000007', '', 1.00, 29.40, 29.40, '', 0.00, 29.40, 0, 0, 1.00, 0),
(521, 206, 299, '0000299000002', ' 	Torus HDPE Pipe SDR11 0.5"x1m Black', 75.00, 18.00, 1350.00, '', 0.00, 18.00, 0, 0, 75.00, 0),
(522, 206, 296, '0000296000005', 'DISCOUNT', 1.00, -50.00, -50.00, '', 326.00, -50.00, 0, 0, 1.00, 0),
(523, 206, 82, '0000082000004', '\r\n', 1.00, 165.00, 165.00, '', 0.00, 165.00, 0, 0, 1.00, 0),
(524, 207, 70, '0000070000009', 'Stac Pump PE45 0.5HP ', 1.00, 1800.00, 1800.00, '', 0.00, 1800.00, 0, 0, 1.00, 0),
(525, 207, 77, '0000077000002', 'asf', 1.00, 170.00, 170.00, '', 0.00, 170.00, 0, 0, 1.00, 0),
(526, 207, 40, '0000040000008', 'Square D Pressure Switch', 1.00, 390.00, 390.00, '', 0.00, 390.00, 0, 0, 1.00, 0),
(528, 209, 56, '0000056000009', 'Voschtech Teflon 1/2', 1.00, 7.00, 7.00, '', 0.00, 7.00, 0, 0, 1.00, 0),
(529, 210, 32, '0000032000009', 'Goulds J10S 1HP', 1.00, 16200.00, 16200.00, '', 0.00, 16200.00, 0, 0, 1.00, 0),
(530, 210, 77, '0000077000002', 'asf', 1.00, 170.00, 170.00, '', 0.00, 170.00, 0, 0, 1.00, 0),
(532, 215, 332, '0000332000006', 'Big Lite LED 3W Daylight', 3.00, 65.00, 195.00, '', 0.00, 65.00, 0, 0, 3.00, 0),
(533, 216, 40, '0000040000008', 'Square D Pressure Switch', 1.00, 390.00, 390.00, '', 0.00, 390.00, 0, 0, 1.00, 0),
(534, 217, 256, '0000256000007', '', 8.00, 35.00, 280.00, '', 0.00, 35.00, 0, 0, 8.00, 0),
(535, 217, 381, '0000381000002', 'Power Sprayer FIttings - Female', 1.00, 75.00, 75.00, '', 0.00, 75.00, 0, 0, 1.00, 0),
(536, 217, 380, '0000380000003', 'Power Sprayer FIttings - Male', 1.00, 75.00, 75.00, '', 0.00, 75.00, 0, 0, 1.00, 0),
(537, 218, 54, '0000054000001', 'Bestank BSTR 600', 1.00, 8500.00, 8500.00, '', -238.00, 8500.00, 0, 0, 1.00, 0),
(542, 221, 259, '0000259000004', 'M-Aqua 1HP water pump', 1.00, 3200.00, 3200.00, '', 0.00, 3200.00, 0, 0, 1.00, 0),
(543, 222, 250, '0000250000003', 'Saer Booster Pump 1 HP SR100S +S&G', 1.00, 7800.00, 7800.00, '', 200.00, 7800.00, 0, 0, 1.00, 0),
(546, 224, 397, '0000397000003', 'CYD YD-706-3 3W Daylight', 2.00, 234.00, 468.00, '', 0.00, 234.00, 0, 0, 2.00, 0),
(547, 224, 402, '0000402000004', 'CYD YD-708-18 18W White', 1.00, 780.00, 780.00, '', 0.00, 780.00, 0, 0, 1.00, 0),
(548, 197, 397, '0000397000003', 'CYD YD-706-3 3W Daylight', 8.00, 234.00, 1872.00, '', 0.00, 234.00, 0, 0, 8.00, 0),
(549, 225, 313, '0000313000001', 'Last One Capacitor 20MFD x 450VAC', 1.00, 390.00, 390.00, '', 0.00, 390.00, 0, 0, 1.00, 0),
(550, 226, 153, '0000153000001', 'Bestank BSTR   1000', 2.00, 11800.00, 23600.00, '', 1186.00, 11800.00, 0, 0, 2.00, 0),
(552, 228, 364, '0000448000006', 'ERA PPR Pipe PN20 1"x4m white (4.4mm)', 5.00, 504.98, 2524.90, '', 215.10, 504.98, 0, 0, 5.00, 0),
(553, 228, 464, '0000449000005', 'ERA PPR Pipe PN20 1"x4m green (4.4mm)', 12.00, 504.98, 6059.76, '', 516.24, 504.98, 0, 0, 12.00, 0),
(554, 228, 450, '0000450000001', 'ERA PPR Pipe PN20 0.5"x4m white (2.8mm)', 7.00, 202.75, 1419.25, '', 120.75, 202.75, 0, 0, 7.00, 0),
(555, 228, 451, '0000451000000', 'ERA PPR Pipe PN20 0.5"x4m green (2.8mm)', 7.00, 202.75, 1419.25, '', 120.75, 202.75, 0, 0, 7.00, 0),
(556, 228, 296, '0000296000005', 'DISCOUNT', 1.00, -0.25, -0.25, '', 276.25, -0.25, 0, 0, 1.00, 0),
(557, 227, 360, '0000360000009', 'ERA PPR Tee Plain 32mm 1" White', 2.00, 29.48, 58.96, '', -4.56, 29.48, 0, 0, 2.00, 0),
(558, 227, 362, '0000362000007', 'ERA PPR Elbow 32mm 1" White', 10.00, 21.19, 211.90, '', 18.10, 21.19, 0, 0, 10.00, 0),
(561, 227, 363, '0000363000006', ' ERA PPR Coupling 32mm 1" White', 10.00, 11.99, 119.90, '', 10.10, 11.99, 0, 0, 10.00, 0),
(562, 227, 376, '0000376000000', 'ERA PPR Tee Reducer 32mmx0.5" ', 5.00, 22.12, 110.60, '', 9.40, 22.12, 0, 0, 5.00, 0),
(563, 227, 368, '0000368000001', 'ERA PPR Union Patente 1" White', 6.00, 79.40, 476.40, '', 39.60, 79.40, 0, 0, 6.00, 0),
(564, 227, 361, '0000361000008', 'ERA PPR Stop Valve 32mm 1" White', 4.00, 449.69, 1798.76, '', 153.24, 449.69, 0, 0, 4.00, 0),
(565, 227, 296, '0000296000005', 'DISCOUNT', 1.00, -0.99, -0.99, '', 276.99, -0.99, 0, 0, 1.00, 0),
(566, 229, 349, '0000349000006', 'ERA PPR Tee Plain 20mm 0.5" White', 13.00, 11.00, 143.00, '', 0.00, 11.00, 0, 0, 13.00, 0),
(567, 229, 348, '0000348000007', 'ERA PPR Elbow 20mm 0.5" White', 8.00, 8.00, 64.00, '', 0.00, 8.00, 0, 0, 8.00, 0),
(568, 229, 352, '0000352000000', 'ERA PPR Coupling 20mm 0.5" White', 6.00, 5.00, 30.00, '', 0.00, 5.00, 0, 0, 6.00, 0),
(569, 229, 350, '0000350000002', 'ERA PPR Female Elbow 20mm 0.5"', 10.00, 88.00, 880.00, '', 0.00, 88.00, 0, 0, 10.00, 0),
(570, 229, 474, '0000474000001', 'ERA PPR Male Adapter 20mm 0.5" White', 13.00, 123.00, 1599.00, '', 0.00, 123.00, 0, 0, 13.00, 0),
(571, 229, 476, '0000476000009', 'ERA PPR Female Tee 20mm 0.5" White', 5.00, 85.00, 425.00, '', 0.00, 85.00, 0, 0, 5.00, 0),
(572, 229, 296, '0000296000005', 'DISCOUNT', 1.00, -246.58, -246.58, '', 522.58, -246.58, 0, 0, 1.00, 0),
(580, 230, 459, '0000459000002', 'ERA PPR Male Adapter 32mm 1" green', 8.00, 394.00, 3152.00, '', 0.00, 394.00, 0, 0, 8.00, 0),
(581, 230, 470, '0000470000005', 'ERA PPR Tee Plain 32mm 1" green', 2.00, 32.00, 64.00, '', 0.00, 32.00, 0, 0, 2.00, 0),
(582, 230, 455, '0000455000006', 'ERA PPR Elbow 32mm 1" green', 10.00, 23.00, 230.00, '', 0.00, 23.00, 0, 0, 10.00, 0),
(583, 230, 480, '0000480000002', 'ERA PPR Elbow 32mm 1" green 45deg', 4.00, 20.00, 80.00, '', 0.00, 20.00, 0, 0, 4.00, 0),
(584, 230, 453, '0000453000008', 'ERA PPR Coupling 32mm 1" green', 10.00, 13.00, 130.00, '', 0.00, 13.00, 0, 0, 10.00, 0),
(585, 230, 472, '0000472000003', 'ERA PPR Tee Reducer 32mmx0.5" green', 5.00, 24.00, 120.00, '', 0.00, 24.00, 0, 0, 5.00, 0),
(586, 230, 478, '0000478000007', 'ERA PPR Reducer 1"x0.5" (32mmx20mm) green', 5.00, 11.00, 55.00, '', 0.00, 11.00, 0, 0, 5.00, 0),
(587, 230, 473, '0000473000002', 'ERA PPR Union Patente 1" green', 6.00, 86.00, 516.00, '', 0.00, 86.00, 0, 0, 6.00, 0),
(588, 230, 467, '0000467000001', 'ERA PPR Stop Valve 32mm 1" green', 4.00, 488.00, 1952.00, '', 0.00, 488.00, 0, 0, 4.00, 0),
(589, 230, 296, '0000296000005', 'DISCOUNT', 1.00, -494.48, -494.48, '', 770.48, -494.48, 0, 0, 1.00, 0),
(590, 231, 469, '0000469000009', 'ERA PPR Tee Plain 20mm 0.5" green', 25.00, 11.00, 275.00, '', 0.00, 11.00, 0, 0, 25.00, 0),
(592, 231, 454, '0000454000007', 'ERA PPR Elbow 20mm 0.5" green', 12.00, 8.00, 96.00, '', 0.00, 8.00, 0, 0, 12.00, 0),
(593, 231, 452, '0000452000009', 'ERA PPR Coupling 20mm 0.5" green', 10.00, 5.00, 50.00, '', 0.00, 5.00, 0, 0, 10.00, 0),
(594, 231, 457, '0000457000004', 'ERA PPR Female Elbow 20mm 0.5" green', 20.00, 88.00, 1760.00, '', 0.00, 88.00, 0, 0, 20.00, 0),
(595, 231, 475, '0000475000000', 'ERA PPR Male Adapter 20mm 0.5" Green', 25.00, 123.00, 3075.00, '', 0.00, 123.00, 0, 0, 25.00, 0),
(596, 231, 477, '0000477000008', 'ERA PPR Female Tee 20mm 0.5" Green', 5.00, 85.00, 425.00, '', 0.00, 85.00, 0, 0, 5.00, 0),
(597, 231, 296, '0000296000005', 'DISCOUNT', 1.00, -445.96, -445.96, '', 721.96, -445.96, 0, 0, 1.00, 0),
(598, 232, 259, '0000259000004', 'M-Aqua 1HP water pump', 1.00, 3200.00, 3200.00, '', 0.00, 3200.00, 0, 0, 1.00, 0),
(599, 233, 153, '0000153000001', 'Bestank BSTR   1000', 1.00, 12393.00, 12393.00, '', 0.00, 12393.00, 0, 0, 1.00, 0),
(600, 234, 193, '0000193000009', '', 3.00, 105.00, 315.00, '', 0.00, 105.00, 0, 0, 3.00, 0),
(601, 234, 175, '0000175000003', '', 1.00, 79.80, 79.80, '', 0.00, 79.80, 0, 0, 1.00, 0),
(602, 234, 140, '0000140000007', 'GI Tee 0.75"', 1.00, 24.85, 24.85, '', 0.00, 24.85, 0, 0, 1.00, 0),
(603, 234, 212, '0000212000003', '', 1.00, 186.00, 186.00, '', 0.00, 186.00, 0, 0, 1.00, 0),
(604, 234, 309, '0000309000008', 'Torus HDPE Pipe SDR11 1"x1m Black', 6.00, 45.00, 270.00, '', 0.00, 45.00, 0, 0, 6.00, 0),
(605, 235, 271, '0000271000006', 'Supreme Tank 42 gals., SS-304#16', 1.00, 6300.00, 6300.00, '', 200.00, 6300.00, 0, 0, 1.00, 0),
(606, 235, 62, '0000062000000', '', 1.00, 227.18, 227.18, '', 0.00, 227.18, 0, 0, 1.00, 0),
(608, 236, 483, '0000483000009', 'Cleaning Gun 1.5 Ft Straign Gun Yellow', 1.00, 700.00, 700.00, '', 0.00, 700.00, 0, 0, 1.00, 0),
(609, 237, 299, '0000299000002', ' 	Torus HDPE Pipe SDR11 0.5"x1m Black', 35.00, 18.00, 630.00, '', 0.00, 18.00, 0, 0, 35.00, 0),
(610, 187, 414, '0000414000009', '\r\nClaro Spot 5W Warm White, White Housing', 1.00, 408.50, 408.50, '', 41.50, 408.50, 0, 0, 1.00, 0),
(611, 241, 433, '0000433000004', 'Montana Bladder Tank CF/19 Horizontal 5 Gal', 1.00, 2900.00, 2900.00, '', 0.00, 2900.00, 0, 0, 1.00, 0),
(612, 242, 56, '0000056000009', 'Voschtech Teflon 1/2', 2.00, 7.00, 14.00, '', 0.00, 7.00, 0, 0, 2.00, 0),
(613, 243, 367, '0000367000002', 'Miles Teflon 1"', 2.00, 20.00, 40.00, '', 0.00, 20.00, 0, 0, 2.00, 0),
(614, 244, 298, '0000298000003', 'Goulds Ejector 2"', 1.00, 1500.00, 1500.00, '', 0.00, 1500.00, 0, 0, 1.00, 0),
(615, 245, 259, '0000259000004', 'M-Aqua 1HP water pump', 1.00, 3200.00, 3200.00, '', 0.00, 3200.00, 0, 0, 1.00, 0),
(616, 246, 52, '0000052000003', 'Eurostar	DJM100 1HP', 1.00, 8000.00, 8000.00, '', 0.00, 8000.00, 0, 0, 1.00, 0),
(617, 247, 3, '0000003000007', '', 1.00, 874.50, 874.50, '', 0.00, 874.50, 0, 0, 1.00, 0);
INSERT INTO `invoicedetail` (`id`, `invoice_id`, `product_id`, `barcode`, `description`, `qty`, `price`, `total`, `discrate`, `discamt`, `unittotal`, `is_cancelled`, `is_discounted`, `remaining`, `is_profitcalculated`) VALUES
(619, 227, 479, '0000479000006', 'ERA PPR Reducer 1"x0.5" (32mmx20mm) white', 5.00, 10.14, 50.70, '', 4.30, 10.14, 0, 0, 5.00, 0),
(620, 248, 484, '0000484000008', 'Daichi Sewage Submersible Pump 3hp 3ph ', 10.00, 19800.00, 198000.00, '', 0.00, 19800.00, 0, 0, 10.00, 0),
(621, 249, 73, '0000073000006', 'Supreme Tank 12 gals., SS-304#16', 1.00, 3000.00, 3000.00, '', 0.00, 3000.00, 0, 0, 1.00, 0),
(622, 249, 77, '0000077000002', 'asf', 1.00, 170.00, 170.00, '', 0.00, 170.00, 0, 0, 1.00, 0),
(623, 250, 304, '0000304000003', 'Spraying Nozzle Orange', 1.00, 350.00, 350.00, '', 0.00, 350.00, 0, 0, 1.00, 0),
(625, 252, 324, '0000324000007', 'Labor', 1.00, 600.00, 600.00, '', 200.00, 600.00, 0, 0, 1.00, 0),
(627, 254, 383, '0000383000000', 'Yamato Power Sprayer 25mm YM-25', 1.00, 2500.00, 2500.00, '', 500.00, 2500.00, 0, 0, 1.00, 0),
(628, 254, 304, '0000304000003', 'Spraying Nozzle Orange', 1.00, 350.00, 350.00, '', 0.00, 350.00, 0, 0, 1.00, 0),
(629, 255, 304, '0000304000003', 'Spraying Nozzle Orange', 1.00, 350.00, 350.00, '', 0.00, 350.00, 0, 0, 1.00, 0),
(631, 257, 33, '0000033000008', 'Goulds J15S 1.5HP', 1.00, 18400.00, 18400.00, '', 372.00, 18400.00, 0, 0, 1.00, 0),
(632, 258, 381, '0000381000002', 'Power Sprayer FIttings - Female', 1.00, 75.00, 75.00, '', 0.00, 75.00, 0, 0, 1.00, 0),
(633, 258, 380, '0000380000003', 'Power Sprayer FIttings - Male', 1.00, 75.00, 75.00, '', 0.00, 75.00, 0, 0, 1.00, 0),
(634, 259, 485, '0000485000007', 'Repair', 1.00, 5500.00, 5500.00, '', -5500.00, 5500.00, 0, 0, 1.00, 0),
(636, 261, 288, '0000288000006', 'Montana Bladder Tank VT/19  Vertical 5 Gal', 1.00, 2700.00, 2700.00, '', 0.00, 2700.00, 0, 0, 1.00, 0),
(638, 211, 52, '0000052000003', 'Eurostar	DJM100 1HP', 1.00, 7500.00, 7500.00, '', 500.00, 7500.00, 0, 0, 1.00, 0),
(639, 211, 40, '0000040000008', 'Square D Pressure Switch', 1.00, 390.00, 390.00, '', 0.00, 390.00, 0, 0, 1.00, 0),
(640, 211, 77, '0000077000002', 'asf', 1.00, 170.00, 170.00, '', 0.00, 170.00, 0, 0, 1.00, 0),
(641, 211, 134, '0000134000006', 'fittings set for coupled type', 1.00, 0.00, 0.00, '', 202.64, 0.00, 0, 0, 1.00, 0),
(642, 211, 76, '0000076000003', 'Supreme Tank 21 gals., SS-304#16', 1.00, 4700.00, 4700.00, '', 0.00, 4700.00, 0, 0, 1.00, 0),
(643, 211, 296, '0000296000005', 'DISCOUNT', 1.00, -260.00, -260.00, '', 536.00, -260.00, 0, 0, 1.00, 0),
(644, 263, 173, '0000173000005', '', 1.00, 52.50, 52.50, '', 0.00, 52.50, 0, 0, 1.00, 0),
(645, 264, 367, '0000367000002', 'Miles Teflon 1"', 1.00, 20.00, 20.00, '', 0.00, 20.00, 0, 0, 1.00, 0),
(646, 265, 15, '0000015000002', 'Fujihama Gasoline Engine Pump set 6.5HP kcg30c', 1.00, 8000.00, 8000.00, '', 1540.00, 8000.00, 0, 0, 1.00, 0),
(647, 265, 328, '0000328000003', 'Corrugated Suction Hose 3" 1m CH3', 5.00, 260.00, 1300.00, '', 0.00, 260.00, 0, 0, 5.00, 0),
(648, 219, 10, '0000010000007', 'Densui Electric Motor 1.5HP Aluminum Winding YC90L-4', 1.00, 3000.00, 3000.00, '', 0.00, 3000.00, 0, 0, 1.00, 0),
(649, 219, 383, '0000383000000', 'Yamato Power Sprayer 25mm YM-25', 1.00, 3000.00, 3000.00, '', 0.00, 3000.00, 0, 0, 1.00, 0),
(650, 219, 296, '0000296000005', 'kapitbahay', 1.00, -500.00, -500.00, '', 500.00, -500.00, 0, 0, 1.00, 0),
(651, 256, 383, '0000383000000', 'Yamato Power Sprayer 25mm YM-25', 1.00, 2900.00, 2900.00, '', 100.00, 2900.00, 0, 0, 1.00, 0),
(652, 256, 10, '0000010000007', 'Densui Electric Motor 1.5HP Aluminum Winding YC90L-4', 1.00, 2900.00, 2900.00, '', 100.00, 2900.00, 0, 0, 1.00, 0),
(653, 220, 383, '0000383000000', 'Yamato Power Sprayer 25mm YM-25', 1.00, 2900.00, 2900.00, '', 100.00, 2900.00, 0, 0, 1.00, 0),
(654, 220, 10, '0000010000007', 'Densui Electric Motor 1.5HP Aluminum Winding YC90L-4', 1.00, 2900.00, 2900.00, '', 100.00, 2900.00, 0, 0, 1.00, 0),
(655, 266, 29, '0000029000005', '', 1.00, 7300.00, 7300.00, '', 200.00, 7300.00, 0, 0, 1.00, 0),
(656, 191, 19, '0000019000008', 'Viva Submersible Stainless Sewage Pump 1HP SPWS750-50', 1.00, 4000.00, 4000.00, '', 590.00, 4000.00, 0, 0, 1.00, 0),
(657, 267, 173, '0000173000005', '', 1.00, 52.50, 52.50, '', 0.00, 52.50, 0, 0, 1.00, 0),
(658, 268, 77, '0000077000002', 'Ametek Pressure Gauge 0-100PSI', 1.00, 170.00, 170.00, '', 0.00, 170.00, 0, 0, 1.00, 0),
(659, 274, 406, '0000406000000', 'CYD YD-730-6D 6W Daylight', 10.00, 380.00, 3800.00, '', 100.00, 380.00, 0, 0, 10.00, 0),
(660, 274, 399, '0000399000001', 'CYD YD-706-6 6W White', 5.00, 380.00, 1900.00, '', 50.00, 380.00, 0, 0, 5.00, 0),
(661, 275, 3, '0000003000007', 'Jupiter Foot Valve 1"', 1.00, 874.50, 874.50, '', 0.00, 874.50, 0, 0, 1.00, 0),
(662, 276, 66, '0000066000006', 'GV Ball Valve 0.75"', 6.00, 227.18, 1363.08, '', 0.00, 227.18, 0, 0, 6.00, 0),
(663, 276, 5, '0000005000005', 'GV Ball Valve 0.5"', 1.00, 152.10, 152.10, '', 0.00, 152.10, 0, 0, 1.00, 0),
(666, 281, 383, '0000383000000', 'Yamato Power Sprayer 25mm YM-25', 1.00, 2900.00, 2900.00, '', 100.00, 2900.00, 0, 0, 1.00, 0),
(667, 282, 77, '0000077000002', 'Ametek Pressure Gauge 0-100PSI', 1.00, 170.00, 170.00, '', 0.00, 170.00, 0, 0, 1.00, 0),
(668, 283, 259, '0000259000004', 'M-Aqua 1HP water pump', 1.00, 3200.00, 3200.00, '', 0.00, 3200.00, 0, 0, 1.00, 0),
(669, 284, 304, '0000304000003', 'Spraying Nozzle Orange', 1.00, 350.00, 350.00, '', 0.00, 350.00, 0, 0, 1.00, 0),
(671, 285, 328, '0000328000003', 'Corrugated Suction Hose 3" 1m CH3', 1.00, 2500.00, 2500.00, '', -2240.00, 2500.00, 0, 0, 1.00, 0),
(672, 286, 299, '0000299000002', ' 	Torus HDPE Pipe SDR11 0.5"x1m Black', 10.00, 18.00, 180.00, '', 0.00, 18.00, 0, 0, 10.00, 0),
(673, 286, 299, '0000299000002', ' 	Torus HDPE Pipe SDR11 0.5"x1m Black', 5.00, 18.00, 90.00, '', 0.00, 18.00, 0, 0, 5.00, 0),
(674, 287, 173, '0000173000005', '', 1.00, 52.50, 52.50, '', 0.00, 52.50, 0, 0, 1.00, 0),
(675, 287, 300, '0000300000007', 'Era HDPE Male Elbow 20mm 0.5"', 1.00, 54.00, 54.00, '', 0.00, 54.00, 0, 0, 1.00, 0),
(676, 288, 259, '0000259000004', 'M-Aqua 1HP water pump', 1.00, 3200.00, 3200.00, '', 0.00, 3200.00, 0, 0, 1.00, 0),
(677, 293, 56, '0000056000009', 'Voschtech Teflon 1/2', 2.00, 7.00, 14.00, '', 0.00, 7.00, 0, 0, 2.00, 0),
(678, 294, 40, '0000040000008', 'Square D Pressure Switch', 1.00, 390.00, 390.00, '', 0.00, 390.00, 0, 0, 1.00, 0),
(679, 295, 40, '0000040000008', 'Square D Pressure Switch', 1.00, 390.00, 390.00, '', 0.00, 390.00, 0, 0, 1.00, 0),
(680, 295, 137, '0000137000003', 'GI Nipple 0.25"x2"', 1.00, 27.54, 27.54, '', 0.00, 27.54, 0, 0, 1.00, 0),
(681, 296, 56, '0000056000009', 'Voschtech Teflon 1/2', 2.00, 7.00, 14.00, '', 0.00, 7.00, 0, 0, 2.00, 0),
(682, 297, 494, '0000494000005', 'Control Panel Submersible Deepwell Duplex Type 1HP 1PH ', 1.00, 28000.00, 28000.00, '', -28000.00, 28000.00, 0, 0, 1.00, 0),
(683, 297, 490, '0000490000009', 'Franklin 1 HP 1 PH', 2.00, 12500.00, 25000.00, '', -25000.00, 12500.00, 0, 0, 2.00, 0),
(684, 297, 492, '0000492000007', 'Franklin Control Box 1HP ', 2.00, 5000.00, 10000.00, '', -10000.00, 5000.00, 0, 0, 2.00, 0),
(685, 297, 491, '0000491000008', 'Stairs 1 HP SP 2507 (Stainless Impeller)', 2.00, 6800.00, 13600.00, '', -13600.00, 6800.00, 0, 0, 2.00, 0),
(686, 297, 493, '0000493000006', 'ACME Submersible Cable # 10', 20.00, 420.00, 8400.00, '', -8400.00, 420.00, 0, 0, 20.00, 0),
(687, 297, 41, '0000041000007', 'Huto Float Switch', 1.00, 1000.00, 1000.00, '', 0.00, 1000.00, 0, 0, 1.00, 0),
(688, 298, 56, '0000056000009', 'Voschtech Teflon 1/2', 2.00, 7.00, 14.00, '', 0.00, 7.00, 0, 0, 2.00, 0),
(689, 299, 291, '0000291000000', 'Daichi Submersible Pump Sewage D-1021P 1HP 1Phase', 1.00, 10890.00, 10890.00, '', 0.00, 10890.00, 0, 0, 1.00, 0),
(690, 299, 257, '0000257000006', '', 20.00, 32.40, 648.00, '', 0.00, 32.40, 0, 0, 20.00, 0),
(691, 300, 69, '0000069000003', '', 1.00, 10000.00, 10000.00, '', -10000.00, 10000.00, 0, 0, 1.00, 0),
(693, 301, 495, '0000495000004', 'Corrugated Suction Hose 2" 1m CH2', 12.00, 200.00, 2400.00, '', -2400.00, 200.00, 0, 0, 12.00, 0),
(694, 302, 56, '0000056000009', 'Voschtech Teflon 1/2', 1.00, 7.00, 7.00, '', 0.00, 7.00, 0, 0, 1.00, 0),
(695, 303, 304, '0000304000003', 'Spraying Nozzle Orange', 1.00, 350.00, 350.00, '', 0.00, 350.00, 0, 0, 1.00, 0),
(696, 304, 397, '0000397000003', 'CYD YD-706-3 3W Daylight', 1.00, 234.00, 234.00, '', 0.00, 234.00, 0, 0, 1.00, 0),
(697, 307, 332, '0000332000006', 'Big Lite LED 3W Daylight', 1.00, 65.00, 65.00, '', 0.00, 65.00, 0, 0, 1.00, 0),
(698, 308, 325, '0000325000006', 'Labor 2', 1.00, 1200.00, 1200.00, '', -500.00, 1200.00, 0, 0, 1.00, 0),
(699, 309, 77, '0000077000002', 'Ametek Pressure Gauge 0-100PSI', 1.00, 170.00, 170.00, '', 0.00, 170.00, 0, 0, 1.00, 0),
(700, 310, 53, '0000053000002', 'Bestank BSTR   480', 1.00, 6885.00, 6885.00, '', 0.00, 6885.00, 0, 0, 1.00, 0),
(702, 312, 271, '0000271000006', 'Supreme Tank 42 gals., SS-304#16', 1.00, 6300.00, 6300.00, '', 200.00, 6300.00, 0, 0, 1.00, 0),
(703, 313, 52, '0000052000003', 'Eurostar	DJM100 1HP', 1.00, 7800.00, 7800.00, '', 200.00, 7800.00, 0, 0, 1.00, 0),
(704, 313, 192, '0000192000000', '', 1.00, 75.60, 75.60, '', 0.00, 75.60, 0, 0, 1.00, 0),
(705, 313, 41, '0000041000007', 'Huto Float Switch', 1.00, 1000.00, 1000.00, '', 0.00, 1000.00, 0, 0, 1.00, 0),
(706, 314, 139, '0000139000001', 'GI Bushing 1x0.75"', 1.00, 18.79, 18.79, '', 0.00, 18.79, 0, 0, 1.00, 0),
(708, 315, 16, '0000016000001', 'Kawasaki Knapsack sprayer 16 Liters KS100', 1.00, 2100.00, 2100.00, '', 0.00, 2100.00, 0, 0, 1.00, 0),
(709, 316, 304, '0000304000003', 'Spraying Nozzle Orange', 1.00, 350.00, 350.00, '', 0.00, 350.00, 0, 0, 1.00, 0),
(710, 317, 56, '0000056000009', 'Voschtech Teflon 1/2', 2.00, 7.00, 14.00, '', 0.00, 7.00, 0, 0, 2.00, 0),
(711, 318, 420, '0000420000000', 'Koten KSB 2P 20A', 1.00, 470.00, 470.00, '', -470.00, 470.00, 0, 0, 1.00, 0),
(712, 315, 383, '0000383000000', 'Yamato Power Sprayer 25mm YM-25', 1.00, 3000.00, 3000.00, '', 0.00, 3000.00, 0, 0, 1.00, 0),
(713, 315, 10, '0000010000007', 'Densui Electric Motor 1.5HP Aluminum Winding YC90L-4', 1.00, 3000.00, 3000.00, '', 0.00, 3000.00, 0, 0, 1.00, 0),
(714, 315, 22, '0000022000002', '', 1.00, 250.00, 250.00, '', -50.00, 250.00, 0, 0, 1.00, 0),
(715, 315, 296, '0000296000005', 'DISCOUNT', 1.00, -450.00, -450.00, '', 450.00, -450.00, 0, 0, 1.00, 0),
(716, 220, 22, '0000022000002', '', 1.00, 200.00, 200.00, '', 0.00, 200.00, 0, 0, 1.00, 0),
(717, 220, 296, '0000296000005', 'DISCOUNT', 1.00, -200.00, -200.00, '', 200.00, -200.00, 0, 0, 1.00, 0),
(718, 319, 328, '0000328000003', 'Corrugated Suction Hose 3" 1m CH3', 12.00, 250.00, 3000.00, '', 120.00, 250.00, 0, 0, 12.00, 0),
(719, 320, 18, '0000018000009', 'Viva Jetmatic Pump 1HP JET100', 1.00, 2900.00, 2900.00, '', 0.00, 2900.00, 0, 0, 1.00, 0),
(720, 321, 332, '0000332000006', 'Big Lite LED 3W Daylight', 1.00, 65.00, 65.00, '', 0.00, 65.00, 0, 0, 1.00, 0),
(721, 322, 173, '0000173000005', '', 5.00, 52.50, 262.50, '', 0.00, 52.50, 0, 0, 5.00, 0),
(722, 322, 174, '0000174000004', '', 5.00, 67.20, 336.00, '', 0.00, 67.20, 0, 0, 5.00, 0),
(724, 322, 92, '0000092000001', 'Torus HDPE Pipe SDR11 0.5"x300m Black', 1.00, 4996.98, 4996.98, '', 0.00, 4996.98, 0, 0, 1.00, 0),
(726, 324, 291, '0000291000000', 'Daichi Submersible Pump Sewage D-1021P 1HP 1Phase', 1.00, 10890.00, 10890.00, '', 0.00, 10890.00, 0, 0, 1.00, 0),
(727, 325, 271, '0000271000006', 'Supreme Tank 42 gals., SS-304#16', 1.00, 6500.00, 6500.00, '', 0.00, 6500.00, 0, 0, 1.00, 0),
(728, 326, 76, '0000076000003', 'Supreme Tank 21 gals., SS-304#16', 1.00, 4700.00, 4700.00, '', 0.00, 4700.00, 0, 0, 1.00, 0),
(729, 326, 497, '0000497000002', 'Mabuhay Christmas Lights WW 100L', 1.00, 195.00, 195.00, '', 5.00, 195.00, 0, 0, 1.00, 0),
(730, 327, 256, '0000256000007', '', 15.00, 35.00, 525.00, '', 0.00, 35.00, 0, 0, 15.00, 0),
(731, 329, 356, '0000356000006', 'ERA Fusion Machine', 1.00, 6000.00, 6000.00, '', 0.00, 6000.00, 0, 0, 1.00, 0),
(736, 330, 500, '0000500000005', 'Stairs Horizontal MultiStage CHB2-50 1HP, 1PH', 1.00, 14520.00, 14520.00, '', 0.00, 14520.00, 0, 0, 1.00, 0),
(737, 330, 501, '0000501000004', 'Square D (Schneider) Pressure Switch 60 - 40 PSI', 1.00, 2300.00, 2300.00, '', 0.00, 2300.00, 0, 0, 1.00, 0),
(738, 330, 499, '0000499000000', 'BigLite LED Flood Ligth 30 W', 5.00, 1400.00, 7000.00, '', 0.00, 1400.00, 0, 0, 5.00, 0),
(739, 331, 256, '0000256000007', '', 20.00, 35.00, 700.00, '', 0.00, 35.00, 0, 0, 20.00, 0),
(740, 331, 381, '0000381000002', 'Power Sprayer FIttings - Female', 1.00, 75.00, 75.00, '', 0.00, 75.00, 0, 0, 1.00, 0),
(741, 331, 380, '0000380000003', 'Power Sprayer FIttings - Male', 1.00, 75.00, 75.00, '', 0.00, 75.00, 0, 0, 1.00, 0),
(742, 331, 193, '0000193000009', '', 3.00, 105.00, 315.00, '', 0.00, 105.00, 0, 0, 3.00, 0),
(744, 332, 76, '0000076000003', 'Supreme Tank 21 gals., SS-304#16', 1.00, 4700.00, 4700.00, '', 0.00, 4700.00, 0, 0, 1.00, 0),
(745, 332, 40, '0000040000008', 'Square D Pressure Switch', 1.00, 390.00, 390.00, '', 0.00, 390.00, 0, 0, 1.00, 0),
(746, 332, 134, '0000134000006', 'fittings set for coupled type', 1.00, 202.64, 202.64, '', 0.00, 202.64, 0, 0, 1.00, 0),
(748, 332, 77, '0000077000002', 'Ametek Pressure Gauge 0-100PSI', 1.00, 454.72, 454.72, '', -284.72, 454.72, 0, 0, 1.00, 0),
(749, 332, 18, '0000018000009', 'Viva Jetmatic Pump 1HP JET100', 1.00, 2900.00, 2900.00, '', 0.00, 2900.00, 0, 0, 1.00, 0),
(750, 332, 296, '0000296000005', 'DISCOUNT', 1.00, -747.36, -747.36, '', 747.36, -747.36, 0, 0, 1.00, 0),
(751, 333, 256, '0000256000007', '', 20.00, 35.00, 700.00, '', 0.00, 35.00, 0, 0, 20.00, 0),
(752, 333, 381, '0000381000002', 'Power Sprayer FIttings - Female', 1.00, 75.00, 75.00, '', 0.00, 75.00, 0, 0, 1.00, 0),
(753, 333, 380, '0000380000003', 'Power Sprayer FIttings - Male', 1.00, 75.00, 75.00, '', 0.00, 75.00, 0, 0, 1.00, 0),
(754, 333, 304, '0000304000003', 'Spraying Nozzle Orange', 1.00, 350.00, 350.00, '', 0.00, 350.00, 0, 0, 1.00, 0),
(755, 334, 383, '0000383000000', 'Yamato Power Sprayer 25mm YM-25', 1.00, 2800.00, 2800.00, '', 0.00, 2800.00, 0, 0, 1.00, 0),
(756, 334, 10, '0000010000007', 'Densui Electric Motor 1.5HP Aluminum Winding YC90L-4', 1.00, 3000.00, 3000.00, '', 0.00, 3000.00, 0, 0, 1.00, 0),
(757, 335, 486, '0000486000006', 'Duraflex THHN 2.0 Black', 1.00, 1910.52, 1910.52, '', 0.00, 1910.52, 0, 0, 1.00, 0),
(758, 335, 487, '0000487000005', 'Duraflex THHN 3.5 Black', 1.00, 2802.56, 2802.56, '', 0.00, 2802.56, 0, 0, 1.00, 0),
(759, 336, 259, '0000259000004', 'M-Aqua 1HP water pump', 1.00, 3200.00, 3200.00, '', 0.00, 3200.00, 0, 0, 1.00, 0),
(760, 337, 58, '0000058000007', '', 1.00, 214.50, 214.50, '', 0.00, 214.50, 0, 0, 1.00, 0),
(761, 338, 3, '0000003000007', 'Jupiter Foot Valve 1"', 1.00, 874.50, 874.50, '', 0.00, 874.50, 0, 0, 1.00, 0),
(762, 339, 332, '0000332000006', 'Big Lite LED 3W Daylight', 1.00, 65.00, 65.00, '', 0.00, 65.00, 0, 0, 1.00, 0),
(763, 340, 272, '0000272000005', 'Supreme Tank 82 gals., SS-304#16', 1.00, 11500.00, 11500.00, '', -500.00, 11500.00, 0, 0, 1.00, 0),
(764, 340, 52, '0000052000003', 'Eurostar	DJM100 1HP', 1.00, 8000.00, 8000.00, '', 0.00, 8000.00, 0, 0, 1.00, 0),
(765, 340, 77, '0000077000002', 'Ametek Pressure Gauge 0-100PSI', 1.00, 170.00, 170.00, '', 0.00, 170.00, 0, 0, 1.00, 0),
(766, 340, 40, '0000040000008', 'Square D Pressure Switch', 1.00, 390.00, 390.00, '', 0.00, 390.00, 0, 0, 1.00, 0),
(767, 340, 2, '0000002000008', '', 1.00, 768.00, 768.00, '', 0.00, 768.00, 0, 0, 1.00, 0),
(768, 340, 311, '0000311000003', 'Torus HDPE Pipe SDR11 0.75"x1m Black', 10.00, 35.00, 350.00, '', 0.00, 35.00, 0, 0, 10.00, 0),
(769, 340, 192, '0000192000000', '', 1.00, 75.60, 75.60, '', 0.00, 75.60, 0, 0, 1.00, 0),
(771, 340, 210, '0000210000005', '', 1.00, 55.50, 55.50, '', 0.00, 55.50, 0, 0, 1.00, 0),
(772, 340, 219, '0000219000006', '', 1.00, 43.05, 43.05, '', 0.00, 43.05, 0, 0, 1.00, 0),
(773, 340, 296, '0000296000005', 'DISCOUNT', 1.00, 200.00, 200.00, '', -200.00, 200.00, 0, 0, 1.00, 0),
(774, 340, 324, '0000324000007', 'Labor', 1.00, 2500.00, 2500.00, '', -1700.00, 2500.00, 0, 0, 1.00, 0),
(781, 343, 259, '0000259000004', 'M-Aqua 1HP water pump', 1.00, 3200.00, 3200.00, '', 0.00, 3200.00, 0, 0, 1.00, 0),
(782, 343, 73, '0000073000006', 'Supreme Tank 12 gals., SS-304#16', 1.00, 3000.00, 3000.00, '', 0.00, 3000.00, 0, 0, 1.00, 0),
(783, 343, 77, '0000077000002', 'Ametek Pressure Gauge 0-100PSI', 1.00, 170.00, 170.00, '', 0.00, 170.00, 0, 0, 1.00, 0),
(784, 343, 40, '0000040000008', 'Square D Pressure Switch', 1.00, 390.00, 390.00, '', 0.00, 390.00, 0, 0, 1.00, 0),
(785, 343, 134, '0000134000006', 'fittings set for coupled type', 1.00, 202.64, 202.64, '', 0.00, 202.64, 0, 0, 1.00, 0),
(786, 343, 296, '0000296000005', 'DISCOUNT', 1.00, -162.64, -162.64, '', 162.64, -162.64, 0, 0, 1.00, 0),
(787, 334, 22, '0000022000002', '', 1.00, 0.00, 0.00, '', 200.00, 0.00, 0, 0, 1.00, 0),
(788, 256, 22, '0000022000002', '', 1.00, 0.00, 0.00, '', 200.00, 0.00, 0, 0, 1.00, 0),
(789, 219, 22, '0000022000002', '', 1.00, 0.00, 0.00, '', 200.00, 0.00, 0, 0, 1.00, 0),
(791, 344, 19, '0000019000008', 'Viva Submersible Stainless Sewage Pump 1HP SPWS750-50', 1.00, 4590.00, 4590.00, '', 0.00, 4590.00, 0, 0, 1.00, 0),
(792, 344, 257, '0000257000006', '', 10.00, 32.40, 324.00, '', 0.00, 32.40, 0, 0, 10.00, 0),
(794, 346, 383, '0000383000000', 'Yamato Power Sprayer 25mm YM-25', 1.00, 2800.00, 2800.00, '', 0.00, 2800.00, 0, 0, 1.00, 0),
(795, 346, 10, '0000010000007', 'Densui Electric Motor 1.5HP Aluminum Winding YC90L-4', 1.00, 3000.00, 3000.00, '', 0.00, 3000.00, 0, 0, 1.00, 0),
(796, 346, 22, '0000022000002', '', 1.00, 200.00, 200.00, '', 0.00, 200.00, 0, 0, 1.00, 0),
(797, 346, 381, '0000381000002', 'Power Sprayer FIttings - Female', 1.00, 75.00, 75.00, '', 0.00, 75.00, 0, 0, 1.00, 0),
(798, 346, 380, '0000380000003', 'Power Sprayer FIttings - Male', 1.00, 75.00, 75.00, '', 0.00, 75.00, 0, 0, 1.00, 0),
(799, 346, 256, '0000256000007', '', 15.00, 35.00, 525.00, '', 0.00, 35.00, 0, 0, 15.00, 0),
(800, 347, 53, '0000053000002', 'Bestank BSTR   480', 1.00, 6885.00, 6885.00, '', 0.00, 6885.00, 0, 0, 1.00, 0),
(801, 349, 507, '0000507000008', 'Sunny Duct Hose 4" 1 Mtr', 6.00, 58.00, 348.00, '', 0.00, 58.00, 0, 0, 6.00, 0),
(802, 350, 82, '0000082000004', '\r\n', 2.00, 165.00, 330.00, '', 0.00, 165.00, 0, 0, 2.00, 0),
(803, 350, 56, '0000056000009', 'Voschtech Teflon 1/2', 1.00, 7.00, 7.00, '', 0.00, 7.00, 0, 0, 1.00, 0),
(804, 351, 77, '0000077000002', 'Ametek Pressure Gauge 0-100PSI', 1.00, 170.00, 170.00, '', 0.00, 170.00, 0, 0, 1.00, 0),
(805, 351, 508, '0000508000007', 'Square D (USA) Pressure Switch 20 - 40 PSI', 1.00, 500.00, 500.00, '', 0.00, 500.00, 0, 0, 1.00, 0),
(806, 354, 509, '0000509000006', 'Sunny Duct Hose 3" 1 Mtr', 30.00, 47.00, 1410.00, '', 0.00, 47.00, 0, 0, 30.00, 0),
(809, 354, 511, '0000511000001', 'Hose Clamp 4"', 3.00, 40.00, 120.00, '', 21.00, 40.00, 0, 0, 3.00, 0),
(810, 345, 68, '0000068000004', 'GV Ball Valve 1.5"', 1.00, 823.00, 823.00, '', 0.00, 823.00, 0, 0, 1.00, 0),
(811, 297, 502, '0000502000003', 'PW electrode', 1.00, 700.00, 700.00, '', 0.00, 700.00, 0, 0, 1.00, 0),
(812, 355, 399, '0000399000001', 'CYD YD-706-6 6W White', 2.00, 380.00, 760.00, '', 20.00, 380.00, 0, 0, 2.00, 0),
(813, 355, 292, '0000292000009', 'Torus HDPE Pipe SDR2 0.5"x1m Blue', 8.00, 18.00, 144.00, '', 0.00, 18.00, 0, 0, 8.00, 0),
(814, 355, 294, '0000294000007', ' 	Torus HDPE Pipe SDR2 0.75"x1m Black', 10.00, 35.00, 350.00, '', 0.00, 35.00, 0, 0, 10.00, 0),
(816, 356, 45, '0000045000003', 'Float Valve 0.75"', 1.00, 935.00, 935.00, '', 0.00, 935.00, 0, 0, 1.00, 0),
(817, 357, 44, '0000044000004', 'Float Valve 0.5"', 1.00, 646.00, 646.00, '', 0.00, 646.00, 0, 0, 1.00, 0),
(818, 358, 56, '0000056000009', 'Voschtech Teflon 1/2', 1.00, 7.00, 7.00, '', 0.00, 7.00, 0, 0, 1.00, 0),
(819, 359, 92, '0000092000001', 'Torus HDPE Pipe SDR11 0.5"x300m Black', 1.00, 5200.00, 5200.00, '', -203.02, 5200.00, 0, 0, 1.00, 0),
(820, 360, 52, '0000052000003', 'Eurostar	DJM100 1HP', 1.00, 7200.00, 7200.00, '', 800.00, 7200.00, 0, 0, 1.00, 0),
(821, 361, 52, '0000052000003', 'Eurostar	DJM100 1HP', 1.00, 7000.00, 7000.00, '', 1000.00, 7000.00, 0, 0, 1.00, 0),
(822, 361, 76, '0000076000003', 'Supreme Tank 21 gals., SS-304#16', 1.00, 4000.00, 4000.00, '', 700.00, 4000.00, 0, 0, 1.00, 0),
(823, 361, 40, '0000040000008', 'Square D Pressure Switch', 1.00, 300.00, 300.00, '', 90.00, 300.00, 0, 0, 1.00, 0),
(824, 361, 77, '0000077000002', 'Ametek Pressure Gauge 0-100PSI', 1.00, 100.00, 100.00, '', 70.00, 100.00, 0, 0, 1.00, 0),
(825, 361, 134, '0000134000006', 'fittings set for coupled type', 1.00, 100.00, 100.00, '', 102.64, 100.00, 0, 0, 1.00, 0),
(826, 362, 52, '0000052000003', 'Eurostar	DJM100 1HP', 1.00, 7200.00, 7200.00, '', 800.00, 7200.00, 0, 0, 1.00, 0),
(827, 363, 52, '0000052000003', 'Eurostar	DJM100 1HP', 4.00, 7000.00, 28000.00, '', 4000.00, 7000.00, 0, 0, 4.00, 0),
(828, 363, 76, '0000076000003', 'Supreme Tank 21 gals., SS-304#16', 4.00, 4000.00, 16000.00, '', 2800.00, 4000.00, 0, 0, 4.00, 0),
(829, 363, 40, '0000040000008', 'Square D Pressure Switch', 4.00, 300.00, 1200.00, '', 360.00, 300.00, 0, 0, 4.00, 0),
(830, 363, 77, '0000077000002', 'Ametek Pressure Gauge 0-100PSI', 4.00, 100.00, 400.00, '', 280.00, 100.00, 0, 0, 4.00, 0),
(831, 363, 134, '0000134000006', 'fittings set for coupled type', 4.00, 100.00, 400.00, '', 410.56, 100.00, 0, 0, 4.00, 0),
(833, 365, 52, '0000052000003', 'Eurostar	DJM100 1HP', 4.00, 7200.00, 28800.00, '', 3200.00, 7200.00, 0, 0, 4.00, 0),
(834, 366, 431, '0000431000006', 'Firstank FTH 1000 Horizontal Storage Tank 1000L 275Gal', 5.00, 12227.00, 61135.00, '', 3615.00, 12227.00, 0, 0, 5.00, 0),
(837, 368, 291, '0000291000000', 'Daichi Submersible Pump Sewage S-1021P 1HP 1Phase', 1.00, 10890.00, 10890.00, '', 0.00, 10890.00, 0, 0, 1.00, 0),
(838, 369, 507, '0000507000008', 'Sunny Duct Hose 4" 1 Mtr', 20.00, 65.00, 1300.00, '', 0.00, 65.00, 0, 0, 20.00, 0),
(841, 369, 258, '0000258000005', '', 20.00, 50.00, 1000.00, '', 8.00, 50.00, 0, 0, 20.00, 0),
(842, 369, 507, '0000507000008', 'Sunny Duct Hose 4" 1 Mtr', 2.00, 0.00, 0.00, '', 130.00, 0.00, 0, 0, 2.00, 0),
(844, 370, 518, '0000518000004', 'Water Check Water Filter 10" Sediment Filter Washable', 10.00, 175.00, 1750.00, '', 250.00, 175.00, 0, 0, 10.00, 0),
(845, 371, 328, '0000328000003', 'Corrugated Suction Hose 3" 1m CH3', 3.00, 260.00, 780.00, '', 0.00, 260.00, 0, 0, 3.00, 0),
(846, 372, 54, '0000054000001', 'Bestank BSTR 600', 1.00, 8262.00, 8262.00, '', 0.00, 8262.00, 0, 0, 1.00, 0),
(847, 373, 54, '0000054000001', 'Bestank BSTR 600', 1.00, 8262.00, 8262.00, '', 0.00, 8262.00, 0, 0, 1.00, 0),
(848, 374, 40, '0000040000008', 'Square D Pressure Switch', 1.00, 390.00, 390.00, '', 0.00, 390.00, 0, 0, 1.00, 0),
(849, 374, 77, '0000077000002', 'Ametek Pressure Gauge 0-100PSI', 1.00, 170.00, 170.00, '', 0.00, 170.00, 0, 0, 1.00, 0),
(850, 374, 76, '0000076000003', 'Supreme Tank 21 gals., SS-304#16', 1.00, 4700.00, 4700.00, '', 0.00, 4700.00, 0, 0, 1.00, 0),
(851, 375, 256, '0000256000007', '', 20.00, 35.00, 700.00, '', 0.00, 35.00, 0, 0, 20.00, 0),
(852, 376, 509, '0000509000006', 'Sunny Duct Hose 3" 1 Mtr', 20.00, 50.00, 1000.00, '', 8.00, 50.00, 0, 0, 20.00, 0),
(853, 376, 328, '0000328000003', 'Corrugated Suction Hose 3" 1m CH3', 15.00, 250.00, 3750.00, '', 150.00, 250.00, 0, 0, 15.00, 0),
(854, 377, 56, '0000056000009', 'Voschtech Teflon 1/2', 2.00, 7.00, 14.00, '', 0.00, 7.00, 0, 0, 2.00, 0),
(855, 378, 42, '0000042000006', '', 2.00, 800.00, 1600.00, '', 0.00, 800.00, 0, 0, 2.00, 0),
(856, 378, 5, '0000005000005', 'GV Ball Valve 0.5"', 7.00, 152.10, 1064.70, '', 0.00, 152.10, 0, 0, 7.00, 0),
(857, 380, 259, '0000259000004', 'M-Aqua 1HP water pump', 1.00, 3200.00, 3200.00, '', 0.00, 3200.00, 0, 0, 1.00, 0),
(864, 384, 40, '0000040000008', 'Square D Pressure Switch', 2.00, 300.00, 600.00, '', 180.00, 300.00, 0, 0, 2.00, 0),
(865, 384, 77, '0000077000002', 'Ametek Pressure Gauge 0-100PSI', 2.00, 150.00, 300.00, '', 40.00, 150.00, 0, 0, 2.00, 0),
(867, 386, 256, '0000256000007', '', 14.00, 35.00, 490.00, '', 0.00, 35.00, 0, 0, 14.00, 0),
(874, 388, 256, '0000256000007', '', 15.00, 35.00, 525.00, '', 0.00, 35.00, 0, 0, 15.00, 0),
(875, 388, 380, '0000380000003', 'Power Sprayer FIttings - Male', 1.00, 75.00, 75.00, '', 0.00, 75.00, 0, 0, 1.00, 0),
(876, 389, 313, '0000313000001', 'Last One Capacitor 20MFD x 450VAC', 1.00, 390.00, 390.00, '', 0.00, 390.00, 0, 0, 1.00, 0),
(877, 389, 40, '0000040000008', 'Square D Pressure Switch', 1.00, 390.00, 390.00, '', 0.00, 390.00, 0, 0, 1.00, 0),
(878, 390, 91, '0000091000002', 'Torus HDPE Pipe SDR11 1"x100m Black', 1.00, 4641.00, 4641.00, '', 0.00, 4641.00, 0, 0, 1.00, 0),
(880, 260, 399, '0000399000001', 'CYD YD-706-6 6W White', 2.00, 390.00, 780.00, '', 0.00, 390.00, 0, 0, 2.00, 0),
(881, 323, 332, '0000332000006', 'Big Lite LED 3W Daylight', 1.00, 65.00, 65.00, '', 0.00, 65.00, 0, 0, 1.00, 0),
(882, 391, 291, '0000291000000', 'Daichi Submersible Pump Sewage S-1021P 1HP 1Phase', 1.00, 11400.00, 11400.00, '', 0.00, 11400.00, 0, 0, 1.00, 0),
(883, 392, 173, '0000173000005', '', 10.00, 52.50, 525.00, '', 0.00, 52.50, 0, 0, 10.00, 0),
(884, 392, 174, '0000174000004', '', 5.00, 67.20, 336.00, '', 0.00, 67.20, 0, 0, 5.00, 0),
(885, 392, 56, '0000056000009', 'Voschtech Teflon 1/2', 4.00, 7.00, 28.00, '', 0.00, 7.00, 0, 0, 4.00, 0),
(886, 393, 52, '0000052000003', 'Eurostar	DJM100 1HP', 1.00, 8000.00, 8000.00, '', 0.00, 8000.00, 0, 0, 1.00, 0),
(887, 393, 76, '0000076000003', 'Supreme Tank 21 gals., SS-304#16', 1.00, 4700.00, 4700.00, '', 0.00, 4700.00, 0, 0, 1.00, 0),
(888, 393, 77, '0000077000002', 'Ametek Pressure Gauge 0-100PSI', 1.00, 207.36, 207.36, '', -37.36, 207.36, 0, 0, 1.00, 0),
(889, 393, 40, '0000040000008', 'Square D Pressure Switch', 1.00, 390.00, 390.00, '', 0.00, 390.00, 0, 0, 1.00, 0),
(890, 393, 134, '0000134000006', 'fittings set for coupled type', 1.00, 202.64, 202.64, '', 0.00, 202.64, 0, 0, 1.00, 0),
(892, 393, 56, '0000056000009', 'Voschtech Teflon 1/2', 2.00, 7.00, 14.00, '', 0.00, 7.00, 0, 0, 2.00, 0),
(895, 393, 209, '0000209000009', '', 1.00, 40.50, 40.50, '', 0.00, 40.50, 0, 0, 1.00, 0),
(896, 393, 76, '0000076000003', 'Supreme Tank 21 gals., SS-304#16', -1.00, 4700.00, -4700.00, '', 0.00, 4700.00, 0, 0, -1.00, 0),
(897, 393, 18, '0000018000009', 'Viva Jetmatic Pump 1HP JET100', -1.00, 2900.00, -2900.00, '', 0.00, 2900.00, 0, 0, -1.00, 0),
(898, 393, 77, '0000077000002', 'Ametek Pressure Gauge 0-100PSI', -1.00, 170.00, -170.00, '', 0.00, 170.00, 0, 0, -1.00, 0),
(899, 393, 40, '0000040000008', 'Square D Pressure Switch', -1.00, 130.00, -130.00, '', -260.00, 130.00, 0, 0, -1.00, 0),
(901, 367, 52, '0000052000003', 'Eurostar	DJM100 1HP', 1.00, 7200.00, 7200.00, '', 800.00, 7200.00, 0, 0, 1.00, 0),
(902, 367, 431, '0000431000006', 'Firstank FTH 1000 Horizontal Storage Tank 1000L 275Gal', 1.00, 12227.00, 12227.00, '', 723.00, 12227.00, 0, 0, 1.00, 0),
(903, 395, 461, '0000461000007', 'ERA PPR Pipe PN16 20mm 0.5" green', 5.00, 189.00, 945.00, '', 0.00, 189.00, 0, 0, 5.00, 0),
(904, 396, 311, '0000311000003', 'Torus HDPE Pipe SDR11 0.75"x1m Black', 5.00, 35.00, 175.00, '', 0.00, 35.00, 0, 0, 5.00, 0),
(905, 397, 76, '0000076000003', 'Supreme Tank 21 gals., SS-304#16', 1.00, 4700.00, 4700.00, '', 0.00, 4700.00, 0, 0, 1.00, 0),
(906, 398, 523, '0000523000006', 'Supreme Tank 42 gals., SS-304#14', 1.00, 10500.00, 10500.00, '', 0.00, 10500.00, 0, 0, 1.00, 0),
(907, 399, 9, '0000009000001', 'Densui Electric Motor 1HP Aluminum Winding YC90S-4 ', 1.00, 2800.00, 2800.00, '', 0.00, 2800.00, 0, 0, 1.00, 0),
(908, 400, 59, '0000059000006', '', 1.00, 332.48, 332.48, '', 0.00, 332.48, 0, 0, 1.00, 0),
(909, 401, 76, '0000076000003', 'Supreme Tank 21 gals., SS-304#16', 1.00, 4700.00, 4700.00, '', 0.00, 4700.00, 0, 0, 1.00, 0),
(911, 401, 515, '0000515000007', 'Speroni CAM 100', 1.00, 7800.00, 7800.00, '', 0.00, 7800.00, 0, 0, 1.00, 0),
(912, 401, 77, '0000077000002', 'Ametek Pressure Gauge 0-100PSI', 1.00, 170.00, 170.00, '', 0.00, 170.00, 0, 0, 1.00, 0),
(913, 401, 40, '0000040000008', 'Square D Pressure Switch', 1.00, 390.00, 390.00, '', 0.00, 390.00, 0, 0, 1.00, 0),
(914, 401, 134, '0000134000006', 'fittings set for coupled type', 1.00, 202.64, 202.64, '', 0.00, 202.64, 0, 0, 1.00, 0),
(915, 401, 296, '0000296000005', 'DISCOUNT', 1.00, -762.64, -762.64, '', 762.64, -762.64, 0, 0, 1.00, 0),
(916, 383, 76, '0000076000003', 'Supreme Tank 21 gals., SS-304#16', 1.00, 4700.00, 4700.00, '', 0.00, 4700.00, 0, 0, 1.00, 0),
(917, 383, 18, '0000018000009', 'Viva Jetmatic Pump 1HP JET100', 1.00, 2900.00, 2900.00, '', 0.00, 2900.00, 0, 0, 1.00, 0),
(918, 383, 77, '0000077000002', 'Ametek Pressure Gauge 0-100PSI', 1.00, 170.00, 170.00, '', 0.00, 170.00, 0, 0, 1.00, 0),
(919, 383, 40, '0000040000008', 'Square D Pressure Switch', 1.00, 390.00, 390.00, '', 0.00, 390.00, 0, 0, 1.00, 0),
(920, 402, 324, '0000324000007', 'Labor', 1.00, 500.00, 500.00, '', 300.00, 500.00, 0, 0, 1.00, 0),
(921, 402, 325, '0000325000006', 'Labor 2', 1.00, 500.00, 500.00, '', 200.00, 500.00, 0, 0, 1.00, 0),
(922, 402, 315, '0000315000009', 'NSK Bearing 6202 DDU', 1.00, 150.00, 150.00, '', 0.00, 150.00, 0, 0, 1.00, 0),
(923, 403, 512, '0000512000000', 'Bestank BSTH2000', 1.00, 27300.00, 27300.00, '', 74.25, 27300.00, 0, 0, 1.00, 0),
(924, 404, 271, '0000271000006', 'Supreme Tank 42 gals., SS-304#16', 1.00, 6900.00, 6900.00, '', 0.00, 6900.00, 0, 0, 1.00, 0),
(925, 404, 40, '0000040000008', 'Square D Pressure Switch', 1.00, 390.00, 390.00, '', 0.00, 390.00, 0, 0, 1.00, 0),
(926, 404, 77, '0000077000002', 'Ametek Pressure Gauge 0-100PSI', 1.00, 170.00, 170.00, '', 0.00, 170.00, 0, 0, 1.00, 0),
(927, 405, 525, '0000525000004', 'Goulds GT20 2HP 1PH', 1.00, 25000.00, 25000.00, '', 0.00, 25000.00, 0, 0, 1.00, 0),
(928, 405, 525, '0000525000004', 'Goulds GT20 2HP 1PH', 1.00, 25000.00, 25000.00, '', 0.00, 25000.00, 0, 0, 1.00, 0),
(929, 405, 526, '0000526000003', 'Dynaflo SDF50010V Vertical 132 GAL, 500 LTRS', 1.00, 42089.00, 42089.00, '', 0.00, 42089.00, 0, 0, 1.00, 0),
(930, 405, 41, '0000041000007', 'Huto Float Switch', 3.00, 900.00, 2700.00, '', 300.00, 900.00, 0, 0, 3.00, 0),
(931, 405, 527, '0000527000002', 'Fuji Magnetic Switch w/ Eclosure 12-18 AMPS', 2.00, 2976.75, 5953.50, '', -1.50, 2976.75, 0, 0, 2.00, 0),
(934, 406, 383, '0000383000000', 'Yamato Power Sprayer 25mm YM-25', 1.00, 3000.00, 3000.00, '', -200.00, 3000.00, 0, 0, 1.00, 0),
(935, 407, 299, '0000299000002', ' 	Torus HDPE Pipe SDR11 0.5"x1m Black', 20.00, 18.00, 360.00, '', 0.00, 18.00, 0, 0, 20.00, 0),
(936, 407, 209, '0000209000009', '', 1.00, 40.50, 40.50, '', 0.00, 40.50, 0, 0, 1.00, 0),
(937, 407, 182, '0000182000003', '', 4.00, 72.45, 289.80, '', 0.00, 72.45, 0, 0, 4.00, 0),
(938, 407, 191, '0000191000001', '', 4.00, 51.45, 205.80, '', 0.00, 51.45, 0, 0, 4.00, 0),
(939, 407, 433, '0000433000004', 'Montana Bladder Tank CF/19 Horizontal 5 Gal', 1.00, 2900.00, 2900.00, '', 0.00, 2900.00, 0, 0, 1.00, 0),
(940, 408, 309, '0000309000008', 'Torus HDPE Pipe SDR11 1"x1m Black', 50.00, 45.00, 2250.00, '', 0.00, 45.00, 0, 0, 50.00, 0),
(941, 408, 193, '0000193000009', '', 4.00, 105.00, 420.00, '', 0.00, 105.00, 0, 0, 4.00, 0),
(942, 408, 60, '0000060000002', '', 1.00, 482.63, 482.63, '', 0.00, 482.63, 0, 0, 1.00, 0),
(943, 408, 211, '0000211000004', '', 3.00, 79.50, 238.50, '', 0.00, 79.50, 0, 0, 3.00, 0),
(944, 409, 40, '0000040000008', 'Square D Pressure Switch', 1.00, 390.00, 390.00, '', 0.00, 390.00, 0, 0, 1.00, 0),
(945, 409, 77, '0000077000002', 'Ametek Pressure Gauge 0-100PSI', 1.00, 170.00, 170.00, '', 0.00, 170.00, 0, 0, 1.00, 0),
(946, 410, 71, '0000071000008', 'Pentax PM45 0.5HP', 1.00, 2900.00, 2900.00, '', 0.00, 2900.00, 0, 0, 1.00, 0),
(947, 410, 433, '0000433000004', 'Montana Bladder Tank CF/19 Horizontal 5 Gal', 1.00, 3000.00, 3000.00, '', -100.00, 3000.00, 0, 0, 1.00, 0),
(948, 411, 259, '0000259000004', 'M-Aqua 1HP water pump', 1.00, 3200.00, 3200.00, '', 0.00, 3200.00, 0, 0, 1.00, 0),
(949, 412, 291, '0000291000000', 'Daichi Submersible Pump Sewage S-1021P 1HP 1Phase', 2.00, 11400.00, 22800.00, '', 0.00, 11400.00, 0, 0, 2.00, 0),
(950, 410, 40, '0000040000008', 'Square D Pressure Switch', 1.00, 390.00, 390.00, '', 0.00, 390.00, 0, 0, 1.00, 0),
(951, 410, 77, '0000077000002', 'Ametek Pressure Gauge 0-100PSI', 1.00, 170.00, 170.00, '', 0.00, 170.00, 0, 0, 1.00, 0),
(953, 410, 296, '0000296000005', 'DISCOUNT', 1.00, -560.00, -560.00, '', 560.00, -560.00, 0, 0, 1.00, 0),
(954, 417, 383, '0000383000000', 'Yamato Power Sprayer 25mm YM-25', 1.00, 3000.00, 3000.00, '', -200.00, 3000.00, 0, 0, 1.00, 0),
(955, 417, 304, '0000304000003', 'Spraying Nozzle Orange', 1.00, 350.00, 350.00, '', 0.00, 350.00, 0, 0, 1.00, 0),
(956, 418, 371, '0000371000005', 'BMI Capacitore 161-193uf x 125Vac', 1.00, 336.00, 336.00, '', 0.00, 336.00, 0, 0, 1.00, 0),
(957, 417, 296, '0000296000005', 'DISCOUNT', 1.00, -29.91, -29.91, '', 29.91, -29.91, 0, 0, 1.00, 0),
(958, 419, 495, '0000495000004', 'Corrugated Suction Hose 2" 1m CH2', 3.00, 200.00, 600.00, '', 0.00, 200.00, 0, 0, 3.00, 0),
(959, 420, 77, '0000077000002', 'Ametek Pressure Gauge 0-100PSI', 1.00, 170.00, 170.00, '', 0.00, 170.00, 0, 0, 1.00, 0),
(960, 421, 272, '0000272000005', 'Supreme Tank 82 gals., SS-304#16', 1.00, 11500.00, 11500.00, '', 0.00, 11500.00, 0, 0, 1.00, 0),
(961, 422, 40, '0000040000008', 'Square D Pressure Switch', 1.00, 390.00, 390.00, '', 0.00, 390.00, 0, 0, 1.00, 0),
(962, 422, 77, '0000077000002', 'Ametek Pressure Gauge 0-100PSI', 1.00, 170.00, 170.00, '', 0.00, 170.00, 0, 0, 1.00, 0),
(963, 423, 70, '0000070000009', 'Stac Pump PE45 0.5HP ', 1.00, 1800.00, 1800.00, '', 0.00, 1800.00, 0, 0, 1.00, 0),
(964, 424, 509, '0000509000006', 'Sunny Duct Hose 3" 1 Mtr', 26.00, 50.40, 1310.40, '', 0.00, 50.40, 0, 0, 26.00, 0),
(965, 424, 328, '0000328000003', 'Corrugated Suction Hose 3" 1m CH3', 5.00, 260.00, 1300.00, '', 0.00, 260.00, 0, 0, 5.00, 0),
(966, 424, 15, '0000015000002', 'Fujihama Gasoline Engine Pump set 6.5HP kcg30c', 1.00, 9540.00, 9540.00, '', 0.00, 9540.00, 0, 0, 1.00, 0),
(967, 425, 10, '0000010000007', 'Densui Electric Motor 1.5HP Aluminum Winding YC90L-4', 1.00, 3000.00, 3000.00, '', 0.00, 3000.00, 0, 0, 1.00, 0),
(969, 426, 157, '0000157000007', 'Bestank BSTR  2000', 1.00, 24709.50, 24709.50, '', 0.00, 24709.50, 0, 0, 1.00, 0),
(970, 427, 40, '0000040000008', 'Square D Pressure Switch', 1.00, 390.00, 390.00, '', 0.00, 390.00, 0, 0, 1.00, 0),
(971, 428, 70, '0000070000009', 'Stac Pump PE45 0.5HP ', 1.00, 1800.00, 1800.00, '', 0.00, 1800.00, 0, 0, 1.00, 0),
(972, 429, 259, '0000259000004', 'M-Aqua 1HP water pump', 1.00, 3200.00, 3200.00, '', 0.00, 3200.00, 0, 0, 1.00, 0),
(973, 430, 256, '0000256000007', '', 8.00, 35.00, 280.00, '', 0.00, 35.00, 0, 0, 8.00, 0),
(974, 431, 431, '0000431000006', 'Firstank FTH 1000 Horizontal Storage Tank 1000L 275Gal', 1.00, 12300.00, 12300.00, '', 650.00, 12300.00, 0, 0, 1.00, 0),
(975, 432, 45, '0000045000003', 'Float Valve 0.75"', 1.00, 935.00, 935.00, '', 0.00, 935.00, 0, 0, 1.00, 0),
(977, 433, 176, '0000176000002', '', 2.00, 194.25, 388.50, '', 0.00, 194.25, 0, 0, 2.00, 0),
(978, 434, 304, '0000304000003', 'Spraying Nozzle Orange', 1.00, 350.00, 350.00, '', 0.00, 350.00, 0, 0, 1.00, 0),
(979, 394, 461, '0000461000007', 'ERA PPR Pipe PN16 20mm 0.5" green', 2.00, 189.00, 378.00, '', 0.00, 189.00, 0, 0, 2.00, 0),
(980, 435, 309, '0000309000008', 'Torus HDPE Pipe SDR11 1"x1m Black', 10.00, 45.00, 450.00, '', 0.00, 45.00, 0, 0, 10.00, 0),
(981, 435, 193, '0000193000009', '', 2.00, 105.00, 210.00, '', 0.00, 105.00, 0, 0, 2.00, 0),
(982, 435, 184, '0000184000001', '', 2.00, 132.30, 264.60, '', 0.00, 132.30, 0, 0, 2.00, 0),
(983, 435, 175, '0000175000003', '', 1.00, 79.80, 79.80, '', 0.00, 79.80, 0, 0, 1.00, 0),
(984, 436, 259, '0000259000004', 'M-Aqua 1HP water pump', 1.00, 3200.00, 3200.00, '', 0.00, 3200.00, 0, 0, 1.00, 0),
(985, 436, 70, '0000070000009', 'Stac Pump PE45 0.5HP ', 1.00, 1800.00, 1800.00, '', 0.00, 1800.00, 0, 0, 1.00, 0),
(988, 437, 498, '0000498000001', 'ERA PPR Pipe PN16 25mm 0.75" green', 10.00, 284.00, 2840.00, '', -2840.00, 284.00, 0, 0, 10.00, 0),
(989, 437, 461, '0000461000007', 'ERA PPR Pipe PN16 20mm 0.5" green', 3.00, 189.00, 567.00, '', 0.00, 189.00, 0, 0, 3.00, 0),
(990, 437, 529, '0000529000000', 'ERA PPR End Cap 25mm 0.75" green', 5.00, 8.00, 40.00, '', 0.00, 8.00, 0, 0, 5.00, 0),
(991, 437, 530, '0000530000006', 'ERA PPR Shower Valve 20mm 0.5" green', 1.00, 488.00, 488.00, '', 0.00, 488.00, 0, 0, 1.00, 0),
(992, 437, 466, '0000466000002', 'ERA PPR Stop Valve 20mm 0.5" green', 24.00, 222.00, 5328.00, '', 0.00, 222.00, 0, 0, 24.00, 0),
(993, 437, 469, '0000469000009', 'ERA PPR Tee Plain 20mm 0.5" green', 5.00, 11.00, 55.00, '', 0.00, 11.00, 0, 0, 5.00, 0),
(994, 437, 531, '0000531000005', 'ERA PPR Male Plug 20mm 0.5" green', 24.00, 5.00, 120.00, '', 0.00, 5.00, 0, 0, 24.00, 0),
(995, 438, 259, '0000259000004', 'M-Aqua 1HP water pump', 1.00, 3200.00, 3200.00, '', 0.00, 3200.00, 0, 0, 1.00, 0),
(996, 438, 56, '0000056000009', 'Voschtech Teflon 1/2', 1.00, 7.00, 7.00, '', 0.00, 7.00, 0, 0, 1.00, 0),
(997, 441, 3, '0000003000007', 'Jupiter Foot Valve 1"', 1.00, 874.50, 874.50, '', 0.00, 874.50, 0, 0, 1.00, 0),
(998, 442, 9, '0000009000001', 'Densui Electric Motor 1HP Aluminum Winding YC90S-4 ', 1.00, 2800.00, 2800.00, '', 0.00, 2800.00, 0, 0, 1.00, 0),
(999, 443, 528, '0000528000001', 'Solderless Connector 1000mcm', 2.00, 1500.00, 3000.00, '', 0.00, 1500.00, 0, 0, 2.00, 0),
(1000, 444, 70, '0000070000009', 'Stac Pump PE45 0.5HP ', 1.00, 1800.00, 1800.00, '', 0.00, 1800.00, 0, 0, 1.00, 0),
(1002, 437, 533, '0000533000003', 'ERA PPR Elbow 25mm 0.75" green', 20.00, 15.00, 300.00, '', 0.00, 15.00, 0, 0, 20.00, 0),
(1003, 437, 532, '0000532000004', 'ERA PPR Tee Reducer 25mmx0.5" green', 25.00, 16.00, 400.00, '', 0.00, 16.00, 0, 0, 25.00, 0),
(1004, 437, 534, '0000534000002', 'ERA PPR Coupling Reducer 25mm 0.5" green', 1.00, 8.00, 8.00, '', 0.00, 8.00, 0, 0, 1.00, 0),
(1005, 445, 325, '0000325000006', 'Labor 2', 1.00, 600.00, 600.00, '', 100.00, 600.00, 0, 0, 1.00, 0),
(1006, 446, 58, '0000058000007', '', 1.00, 214.50, 214.50, '', 0.00, 214.50, 0, 0, 1.00, 0),
(1007, 447, 256, '0000256000007', '', 7.00, 35.00, 245.00, '', 0.00, 35.00, 0, 0, 7.00, 0),
(1008, 447, 381, '0000381000002', 'Power Sprayer FIttings - Female', 1.00, 75.00, 75.00, '', 0.00, 75.00, 0, 0, 1.00, 0),
(1009, 447, 380, '0000380000003', 'Power Sprayer FIttings - Male', 1.00, 75.00, 75.00, '', 0.00, 75.00, 0, 0, 1.00, 0),
(1010, 448, 259, '0000259000004', 'M-Aqua 1HP water pump', 1.00, 3200.00, 3200.00, '', 0.00, 3200.00, 0, 0, 1.00, 0),
(1011, 448, 77, '0000077000002', 'Ametek Pressure Gauge 0-100PSI', 1.00, 170.00, 170.00, '', 0.00, 170.00, 0, 0, 1.00, 0),
(1012, 448, 40, '0000040000008', 'Square D Pressure Switch', 1.00, 390.00, 390.00, '', 0.00, 390.00, 0, 0, 1.00, 0),
(1013, 449, 259, '0000259000004', 'M-Aqua 1HP water pump', 1.00, 3200.00, 3200.00, '', 0.00, 3200.00, 0, 0, 1.00, 0),
(1014, 450, 82, '0000082000004', '\r\n', 2.00, 140.00, 280.00, '', 50.00, 140.00, 0, 0, 2.00, 0),
(1015, 451, 70, '0000070000009', 'Stac Pump PE45 0.5HP ', 1.00, 1800.00, 1800.00, '', 0.00, 1800.00, 0, 0, 1.00, 0),
(1016, 452, 191, '0000191000001', '', 2.00, 51.45, 102.90, '', 0.00, 51.45, 0, 0, 2.00, 0),
(1017, 452, 300, '0000300000007', 'Era HDPE Male Elbow 20mm 0.5"', 2.00, 54.00, 108.00, '', 0.00, 54.00, 0, 0, 2.00, 0),
(1018, 452, 173, '0000173000005', '', 1.00, 52.50, 52.50, '', 0.00, 52.50, 0, 0, 1.00, 0),
(1019, 452, 209, '0000209000009', '', 1.00, 40.50, 40.50, '', 0.00, 40.50, 0, 0, 1.00, 0),
(1020, 453, 71, '0000071000008', 'Pentax PM45 0.5HP', 1.00, 2900.00, 2900.00, '', 0.00, 2900.00, 0, 0, 1.00, 0),
(1021, 453, 433, '0000433000004', 'Montana Bladder Tank CF/19 Horizontal 5 Gal', 1.00, 2900.00, 2900.00, '', 0.00, 2900.00, 0, 0, 1.00, 0),
(1022, 453, 40, '0000040000008', 'Square D Pressure Switch', 1.00, 390.00, 390.00, '', 0.00, 390.00, 0, 0, 1.00, 0),
(1023, 453, 77, '0000077000002', 'Ametek Pressure Gauge 0-100PSI', 1.00, 170.00, 170.00, '', 0.00, 170.00, 0, 0, 1.00, 0),
(1025, 453, 296, '0000296000005', 'DISCOUNT', 1.00, -460.00, -460.00, '', 460.00, -460.00, 0, 0, 1.00, 0),
(1026, 370, 517, '0000517000005', 'Water Check Water Filter 10" Activated Carbon', 10.00, 400.00, 4000.00, '', 0.00, 400.00, 0, 0, 10.00, 0),
(1027, 454, 311, '0000311000003', 'Torus HDPE Pipe SDR11 0.75"x1m Black', 30.00, 35.00, 1050.00, '', 0.00, 35.00, 0, 0, 30.00, 0),
(1028, 454, 210, '0000210000005', '', 2.00, 55.50, 111.00, '', 0.00, 55.50, 0, 0, 2.00, 0),
(1030, 455, 20, '0000020000004', 'Kawasaki Power Sprayer 25mm KC-25A', 1.00, 2880.00, 2880.00, '', 0.00, 2880.00, 0, 0, 1.00, 0),
(1031, 456, 20, '0000020000004', 'Kawasaki Power Sprayer 25mm KC-25A', 1.00, 2880.00, 2880.00, '', 0.00, 2880.00, 0, 0, 1.00, 0),
(1032, 456, 10, '0000010000007', 'Densui Electric Motor 1.5HP Aluminum Winding YC90L-4', 1.00, 3000.00, 3000.00, '', 0.00, 3000.00, 0, 0, 1.00, 0),
(1033, 456, 22, '0000022000002', 'Pulley 2.5" x 24mm x 2A', 1.00, 200.00, 200.00, '', 0.00, 200.00, 0, 0, 1.00, 0),
(1034, 456, 296, '0000296000005', 'DISCOUNT', 1.00, -280.00, -280.00, '', 280.00, -280.00, 0, 0, 1.00, 0),
(1035, 457, 299, '0000299000002', ' 	Torus HDPE Pipe SDR11 0.5"x1m Black', 25.00, 18.00, 450.00, '', 0.00, 18.00, 0, 0, 25.00, 0),
(1036, 458, 317, '0000317000007', 'Shaftseal 12mm', 1.00, 195.00, 195.00, '', 0.00, 195.00, 0, 0, 1.00, 0),
(1037, 458, 77, '0000077000002', 'Ametek Pressure Gauge 0-100PSI', 1.00, 170.00, 170.00, '', 0.00, 170.00, 0, 0, 1.00, 0),
(1038, 458, 319, '0000319000005', 'NTN Bearing 6201ZZ', 2.00, 165.00, 330.00, '', 0.00, 165.00, 0, 0, 2.00, 0),
(1039, 460, 271, '0000271000006', 'Supreme Tank 42 gals., SS-304#16', 1.00, 6900.00, 6900.00, '', 0.00, 6900.00, 0, 0, 1.00, 0),
(1040, 461, 92, '0000092000001', 'Torus HDPE Pipe SDR11 0.5"x300m Black', 1.00, 4900.00, 4900.00, '', 300.00, 4900.00, 0, 0, 1.00, 0),
(1041, 461, 209, '0000209000009', '', 2.00, 40.50, 81.00, '', 0.00, 40.50, 0, 0, 2.00, 0),
(1042, 461, 300, '0000300000007', 'Era HDPE Male Elbow 20mm 0.5"', 1.00, 54.00, 54.00, '', 0.00, 54.00, 0, 0, 1.00, 0),
(1043, 461, 62, '0000062000000', '', 1.00, 227.18, 227.18, '', 0.00, 227.18, 0, 0, 1.00, 0),
(1044, 461, 191, '0000191000001', '', 3.00, 51.45, 154.35, '', 0.00, 51.45, 0, 0, 3.00, 0),
(1045, 461, 182, '0000182000003', '', 1.00, 72.45, 72.45, '', 0.00, 72.45, 0, 0, 1.00, 0),
(1046, 462, 535, '0000535000001', 'Aircompressor Ball Valve', 2.00, 180.00, 360.00, '', 0.00, 180.00, 0, 0, 2.00, 0),
(1047, 463, 299, '0000299000002', ' 	Torus HDPE Pipe SDR11 0.5"x1m Black', 35.00, 18.00, 630.00, '', 0.00, 18.00, 0, 0, 35.00, 0),
(1048, 463, 173, '0000173000005', '', 1.00, 52.50, 52.50, '', 0.00, 52.50, 0, 0, 1.00, 0),
(1049, 464, 430, '0000430000007', 'Firstank FTR 1000 Vertical Storage Tank 1000L 275Gal', 1.00, 11170.00, 11170.00, '', 170.00, 11170.00, 0, 0, 1.00, 0),
(1050, 464, 45, '0000045000003', 'Float Valve 0.75"', 1.00, 935.00, 935.00, '', 0.00, 935.00, 0, 0, 1.00, 0),
(1051, 464, 76, '0000076000003', 'Supreme Tank 21 gals., SS-304#16', 1.00, 4700.00, 4700.00, '', 0.00, 4700.00, 0, 0, 1.00, 0),
(1052, 464, 515, '0000515000007', 'Speroni CAM 100', 1.00, 7500.00, 7500.00, '', 0.00, 7500.00, 0, 0, 1.00, 0),
(1053, 464, 77, '0000077000002', 'Ametek Pressure Gauge 0-100PSI', 1.00, 170.00, 170.00, '', 0.00, 170.00, 0, 0, 1.00, 0),
(1054, 464, 40, '0000040000008', 'Square D Pressure Switch', 1.00, 390.00, 390.00, '', 0.00, 390.00, 0, 0, 1.00, 0),
(1055, 464, 134, '0000134000006', 'fittings set for coupled type', 1.00, 202.64, 202.64, '', 0.00, 202.64, 0, 0, 1.00, 0),
(1056, 464, 296, '0000296000005', 'DISCOUNT', 1.00, -462.64, -462.64, '', 462.64, -462.64, 0, 0, 1.00, 0),
(1057, 465, 328, '0000328000003', 'Corrugated Suction Hose 3" 1m CH3', 16.00, 260.00, 4160.00, '', 0.00, 260.00, 0, 0, 16.00, 0),
(1058, 465, 296, '0000296000005', 'DISCOUNT', 1.00, -160.00, -160.00, '', 160.00, -160.00, 0, 0, 1.00, 0),
(1059, 466, 513, '0000513000009', 'Sunny Duct Hose 3x3 100 m', 1.00, 4000.00, 4000.00, '', 0.00, 4000.00, 0, 0, 1.00, 0),
(1060, 467, 76, '0000076000003', 'Supreme Tank 21 gals., SS-304#16', 1.00, 4700.00, 4700.00, '', 0.00, 4700.00, 0, 0, 1.00, 0),
(1061, 468, 299, '0000299000002', ' 	Torus HDPE Pipe SDR11 0.5"x1m Black', 5.00, 18.00, 90.00, '', 0.00, 18.00, 0, 0, 5.00, 0),
(1062, 468, 82, '0000082000004', '\r\n', 2.00, 165.00, 330.00, '', 0.00, 165.00, 0, 0, 2.00, 0),
(1063, 469, 56, '0000056000009', 'Voschtech Teflon 1/2', 1.00, 7.00, 7.00, '', 0.00, 7.00, 0, 0, 1.00, 0),
(1064, 470, 56, '0000056000009', 'Voschtech Teflon 1/2', 2.00, 7.00, 14.00, '', 0.00, 7.00, 0, 0, 2.00, 0),
(1065, 471, 536, '0000536000000', 'Pure Prime Water Filter 20SL- Carbon FIlter', 12.00, 470.00, 5640.00, '', 0.00, 470.00, 0, 0, 12.00, 0),
(1066, 471, 284, '0000284000000', 'Pure PRime Water Filter 20SL- Cotton FIlte', 12.00, 350.00, 4200.00, '', 0.00, 350.00, 0, 0, 12.00, 0),
(1067, 472, 73, '0000073000006', 'Supreme Tank 12 gals., SS-304#16', 1.00, 3000.00, 3000.00, '', 0.00, 3000.00, 0, 0, 1.00, 0),
(1068, 473, 76, '0000076000003', 'Supreme Tank 21 gals., SS-304#16', 1.00, 4700.00, 4700.00, '', 0.00, 4700.00, 0, 0, 1.00, 0),
(1069, 474, 299, '0000299000002', ' 	Torus HDPE Pipe SDR11 0.5"x1m Black', 43.00, 18.00, 774.00, '', 0.00, 18.00, 0, 0, 43.00, 0),
(1070, 474, 82, '0000082000004', '\r\n', 2.00, 165.00, 330.00, '', 0.00, 165.00, 0, 0, 2.00, 0),
(1071, 475, 299, '0000299000002', ' 	Torus HDPE Pipe SDR11 0.5"x1m Black', 12.00, 18.00, 216.00, '', 0.00, 18.00, 0, 0, 12.00, 0),
(1072, 476, 304, '0000304000003', 'Spraying Nozzle Orange', 1.00, 350.00, 350.00, '', 0.00, 350.00, 0, 0, 1.00, 0),
(1073, 477, 271, '0000271000006', 'Supreme Tank 42 gals., SS-304#16', 1.00, 6600.00, 6600.00, '', 300.00, 6600.00, 0, 0, 1.00, 0),
(1074, 477, 40, '0000040000008', 'Square D Pressure Switch', 1.00, 390.00, 390.00, '', 0.00, 390.00, 0, 0, 1.00, 0),
(1075, 477, 77, '0000077000002', 'Ametek Pressure Gauge 0-100PSI', 1.00, 170.00, 170.00, '', 0.00, 170.00, 0, 0, 1.00, 0),
(1076, 478, 71, '0000071000008', 'Pentax PM45 0.5HP', 1.00, 2900.00, 2900.00, '', 0.00, 2900.00, 0, 0, 1.00, 0),
(1077, 479, 299, '0000299000002', ' 	Torus HDPE Pipe SDR11 0.5"x1m Black', 10.00, 18.00, 180.00, '', 0.00, 18.00, 0, 0, 10.00, 0),
(1078, 479, 311, '0000311000003', 'Torus HDPE Pipe SDR11 0.75"x1m Black', 5.00, 35.00, 175.00, '', 0.00, 35.00, 0, 0, 5.00, 0),
(1079, 479, 174, '0000174000004', '', 4.00, 67.20, 268.80, '', 0.00, 67.20, 0, 0, 4.00, 0),
(1080, 479, 173, '0000173000005', '', 4.00, 52.50, 210.00, '', 0.00, 52.50, 0, 0, 4.00, 0),
(1081, 480, 313, '0000313000001', 'Last One Capacitor 20MFD x 450VAC', 1.00, 390.00, 390.00, '', 0.00, 390.00, 0, 0, 1.00, 0),
(1082, 481, 56, '0000056000009', 'Voschtech Teflon 1/2', 2.00, 7.00, 14.00, '', 0.00, 7.00, 0, 0, 2.00, 0),
(1083, 482, 299, '0000299000002', ' 	Torus HDPE Pipe SDR11 0.5"x1m Black', 38.00, 18.00, 684.00, '', 0.00, 18.00, 0, 0, 38.00, 0),
(1084, 482, 218, '0000218000007', '', 1.00, 29.40, 29.40, '', 0.00, 29.40, 0, 0, 1.00, 0),
(1085, 482, 209, '0000209000009', '', 1.00, 40.50, 40.50, '', 0.00, 40.50, 0, 0, 1.00, 0),
(1086, 485, 271, '0000271000006', 'Supreme Tank 42 gals., SS-304#16', 1.00, 6900.00, 6900.00, '', 0.00, 6900.00, 0, 0, 1.00, 0),
(1087, 486, 16, '0000016000001', 'Kawasaki Knapsack sprayer 16 Liters KS100', 1.00, 2500.00, 2500.00, '', 0.00, 2500.00, 0, 0, 1.00, 0),
(1088, 487, 513, '0000513000009', 'Sunny Duct Hose 3x3 100 m', 1.00, 3500.00, 3500.00, '', 500.00, 3500.00, 0, 0, 1.00, 0),
(1089, 488, 535, '0000535000001', 'Aircompressor Ball Valve', 1.00, 180.00, 180.00, '', 0.00, 180.00, 0, 0, 1.00, 0),
(1090, 489, 309, '0000309000008', 'Torus HDPE Pipe SDR11 1"x1m Black', 14.00, 45.00, 630.00, '', 0.00, 45.00, 0, 0, 14.00, 0),
(1091, 490, 334, '0000334000004', 'Big Lite LED 5W Daylight', 1.00, 85.00, 85.00, '', 0.00, 85.00, 0, 0, 1.00, 0),
(1092, 491, 70, '0000070000009', 'Stac Pump PE45 0.5HP ', 1.00, 1900.00, 1900.00, '', 0.00, 1900.00, 0, 0, 1.00, 0),
(1093, 492, 515, '0000515000007', 'Speroni CAM 100', 1.00, 7500.00, 7500.00, '', 0.00, 7500.00, 0, 0, 1.00, 0),
(1094, 492, 76, '0000076000003', 'Supreme Tank 21 gals., SS-304#16', 1.00, 4700.00, 4700.00, '', 0.00, 4700.00, 0, 0, 1.00, 0),
(1095, 492, 40, '0000040000008', 'Square D Pressure Switch', 1.00, 390.00, 390.00, '', 0.00, 390.00, 0, 0, 1.00, 0),
(1096, 492, 77, '0000077000002', 'Ametek Pressure Gauge 0-100PSI', 1.00, 170.00, 170.00, '', 0.00, 170.00, 0, 0, 1.00, 0),
(1097, 492, 134, '0000134000006', 'fittings set for coupled type', 1.00, 202.64, 202.64, '', 0.00, 202.64, 0, 0, 1.00, 0),
(1098, 492, 296, '0000296000005', 'DISCOUNT', 1.00, -462.64, -462.64, '', 462.64, -462.64, 0, 0, 1.00, 0),
(1099, 492, 58, '0000058000007', '', 1.00, 214.50, 214.50, '', 0.00, 214.50, 0, 0, 1.00, 0),
(1100, 492, 66, '0000066000006', 'GV Ball Valve 0.75"', 1.00, 227.18, 227.18, '', 0.00, 227.18, 0, 0, 1.00, 0),
(1101, 492, 45, '0000045000003', 'Float Valve 0.75"', 1.00, 935.00, 935.00, '', 0.00, 935.00, 0, 0, 1.00, 0),
(1102, 493, 157, '0000157000007', 'Bestank BSTR  2000', 3.00, 24709.50, 74128.50, '', 0.00, 24709.50, 0, 0, 3.00, 0),
(1103, 493, 322, '0000322000009', 'VAT', 1.00, 1184.58, 1184.58, '', -1124.58, 1184.58, 0, 0, 1.00, 0),
(1105, 494, 19, '0000019000008', 'Viva Submersible Stainless Sewage Pump 1HP SPWS750-50', 1.00, 4500.00, 4500.00, '', 90.00, 4500.00, 0, 0, 1.00, 0),
(1106, 495, 515, '0000515000007', 'Speroni CAM 100', 1.00, 7500.00, 7500.00, '', 0.00, 7500.00, 0, 0, 1.00, 0),
(1107, 495, 73, '0000073000006', 'Supreme Tank 12 gals., SS-304#16', 1.00, 3000.00, 3000.00, '', 0.00, 3000.00, 0, 0, 1.00, 0),
(1108, 495, 40, '0000040000008', 'Square D Pressure Switch', 1.00, 390.00, 390.00, '', 0.00, 390.00, 0, 0, 1.00, 0),
(1109, 495, 77, '0000077000002', 'Ametek Pressure Gauge 0-100PSI', 1.00, 170.00, 170.00, '', 0.00, 170.00, 0, 0, 1.00, 0),
(1110, 495, 134, '0000134000006', 'fittings set for coupled type', 1.00, 202.64, 202.64, '', 0.00, 202.64, 0, 0, 1.00, 0),
(1114, 495, 296, '0000296000005', 'DISCOUNT', 1.00, -462.64, -462.64, '', 462.64, -462.64, 0, 0, 1.00, 0),
(1115, 495, 54, '0000054000001', 'Bestank BSTR 600', 1.00, 8537.40, 8537.40, '', 0.00, 8537.40, 0, 0, 1.00, 0),
(1140, 496, 77, '0000077000002', 'Ametek Pressure Gauge 0-100PSI', 1.00, 100.00, 100.00, '', 70.00, 100.00, 0, 1, 1.00, 0),
(1142, 497, 77, '0000077000002', 'Ametek Pressure Gauge 0-100PSI', 1.00, 170.00, 170.00, '', 0.00, 170.00, 0, 0, 1.00, 0),
(1143, 497, 77, '0000077000002', 'Ametek Pressure Gauge 0-100PSI', 1.00, 170.00, 170.00, '', 0.00, 170.00, 0, 0, 1.00, 0);

-- --------------------------------------------------------

--
-- Table structure for table `invoice_template`
--

CREATE TABLE IF NOT EXISTS `invoice_template` (
  `id` int(11) NOT NULL AUTO_INCREMENT,
  `name` varchar(50) NOT NULL,
  PRIMARY KEY (`id`),
  UNIQUE KEY `name` (`name`)
) ENGINE=InnoDB  DEFAULT CHARSET=latin1 AUTO_INCREMENT=3 ;

--
-- Dumping data for table `invoice_template`
--

INSERT INTO `invoice_template` (`id`, `name`) VALUES
(2, 'Inter Office'),
(1, 'Invoice');

-- --------------------------------------------------------

--
-- Table structure for table `note`
--

CREATE TABLE IF NOT EXISTS `note` (
  `id` int(20) NOT NULL AUTO_INCREMENT,
  `name` varchar(50) NOT NULL,
  `description` varchar(100) DEFAULT NULL,
  PRIMARY KEY (`id`)
) ENGINE=InnoDB  DEFAULT CHARSET=latin1 AUTO_INCREMENT=14 ;

--
-- Dumping data for table `note`
--

INSERT INTO `note` (`id`, `name`, `description`) VALUES
(2, 'SQL', 'SQL for calculating sell price from buy price:\r\nupdate product set minsellprice=minbuyprice*1.3,maxs'),
(3, '1st sale', 'ariel owns a motorcycle 3522 HM'),
(4, 'customer inquiry', '0977 210 0894\r\nAlex makato\r\nsdrII -1/2" \r\npe pipe 2", 3" \r\n\r\npe pipe 2" SDR II 60m P9,500 manila pri'),
(5, 'expenses', 'drinking water 35*2\r\n\r\n7/17\r\nnawasa: 100 paid\r\npower: 1740 bill received'),
(6, 'business details', 'Tradewind Visayas Corp\r\nTIN \r\n009-056-556-000\r\nAddress \r\nRTC Bldg, Maharlika Hhwy, Brgy 110, Utap, T'),
(7, 'customer orders', 'Edgar Malaki\r\n0915 217 8598\r\npressure switch round type 2 pcs'),
(8, 'neighbors', 'lizariola_aguirre@yahoo.com.ph'),
(9, 'todo', 'add search customer menu\r\nfixed price w discount field\r\nsalesman has checkout button\r\ncashier has re'),
(10, 'Competitor prices', 'SaveMore\r\n12 gals stainless bestank: 3200 confirmed\r\n21 gals stainless bestank: 4500 confirmed\r\neuro'),
(11, 'oct 10 2015', 'ryan ibanez pending delivery from manila  ao smith and 21 gals coupled eurostar djm100\r\npls text on '),
(12, 'don bosco / caritas germany', 'loste_enitserc@yahoo.com'),
(13, 'philip 3w lights', '09052986895');

-- --------------------------------------------------------

--
-- Table structure for table `priceitem`
--

CREATE TABLE IF NOT EXISTS `priceitem` (
  `id` int(11) NOT NULL AUTO_INCREMENT,
  `pricelist_id` int(11) NOT NULL,
  `product_id` int(11) NOT NULL,
  `price` int(11) NOT NULL,
  PRIMARY KEY (`id`),
  KEY `pricelist_id` (`pricelist_id`),
  KEY `product_id` (`product_id`)
) ENGINE=InnoDB DEFAULT CHARSET=latin1 AUTO_INCREMENT=1 ;

-- --------------------------------------------------------

--
-- Table structure for table `pricelist`
--

CREATE TABLE IF NOT EXISTS `pricelist` (
  `id` int(11) NOT NULL AUTO_INCREMENT,
  `name` varchar(100) NOT NULL,
  `date` date NOT NULL,
  `vendor_id` int(11) NOT NULL,
  PRIMARY KEY (`id`),
  KEY `vendor_id` (`vendor_id`)
) ENGINE=InnoDB DEFAULT CHARSET=latin1 AUTO_INCREMENT=1 ;

-- --------------------------------------------------------

--
-- Table structure for table `product`
--

CREATE TABLE IF NOT EXISTS `product` (
  `id` int(11) NOT NULL AUTO_INCREMENT,
  `name` varchar(100) NOT NULL,
  `brand_id` int(11) DEFAULT NULL,
  `producttype_id` int(11) NOT NULL,
  `qty` decimal(10,2) DEFAULT NULL,
  `minbuyprice` decimal(10,2) DEFAULT '0.00',
  `maxbuyprice` decimal(10,2) DEFAULT '0.00',
  `minsellprice` decimal(10,2) DEFAULT '0.00',
  `maxsellprice` decimal(10,2) DEFAULT '0.00',
  `baseprice` decimal(10,2) DEFAULT '0.00',
  `description` text,
  `code` varchar(20) DEFAULT NULL,
  `spec1` varchar(30) DEFAULT NULL,
  `spec2` varchar(30) DEFAULT NULL,
  `spec3` varchar(30) DEFAULT NULL,
  `spec4` varchar(30) DEFAULT NULL,
  `spec5` varchar(30) DEFAULT NULL,
  `spec6` varchar(30) DEFAULT NULL,
  `spec7` varchar(30) DEFAULT NULL,
  `spec8` varchar(30) DEFAULT NULL,
  `spec9` varchar(30) DEFAULT NULL,
  `is_hidden` tinyint(4) NOT NULL DEFAULT '0',
  `autocalcsellprice` tinyint(4) NOT NULL DEFAULT '0',
  `autocalcbuyprice` tinyint(4) NOT NULL DEFAULT '0',
  `monitored` tinyint(4) NOT NULL DEFAULT '0',
  `barcode` varchar(13) DEFAULT NULL,
  `is_service` tinyint(4) NOT NULL DEFAULT '0',
  `created_at` datetime DEFAULT NULL,
  `updated_at` datetime DEFAULT NULL,
  `competitor_price` decimal(10,0) DEFAULT NULL,
  `notes` text,
  PRIMARY KEY (`id`),
  UNIQUE KEY `name` (`name`),
  KEY `brand_id_idx` (`brand_id`),
  KEY `producttype_id_idx` (`producttype_id`)
) ENGINE=InnoDB  DEFAULT CHARSET=latin1 AUTO_INCREMENT=541 ;

--
-- Dumping data for table `product`
--

INSERT INTO `product` (`id`, `name`, `brand_id`, `producttype_id`, `qty`, `minbuyprice`, `maxbuyprice`, `minsellprice`, `maxsellprice`, `baseprice`, `description`, `code`, `spec1`, `spec2`, `spec3`, `spec4`, `spec5`, `spec6`, `spec7`, `spec8`, `spec9`, `is_hidden`, `autocalcsellprice`, `autocalcbuyprice`, `monitored`, `barcode`, `is_service`, `created_at`, `updated_at`, `competitor_price`, `notes`) VALUES
(1, 'Jupiter Foot Valve 0.5"', NULL, 39, NULL, 400.00, 400.00, 560.00, 600.00, NULL, '', NULL, '', '', '', '', '', '', '', '', '', 0, 0, 1, 0, '', 0, '0000-00-00 00:00:00', '0000-00-00 00:00:00', NULL, ''),
(2, 'Jupiter Foot Valve 0.75"', NULL, 39, NULL, 512.00, 512.00, 716.80, 768.00, NULL, '', NULL, '', '', '', '', '', '', '', '', '', 0, 0, 1, 0, '', 0, '0000-00-00 00:00:00', '0000-00-00 00:00:00', NULL, ''),
(3, 'Jupiter Foot Valve 1"', NULL, 39, NULL, 583.00, 583.00, 816.20, 874.50, NULL, 'Jupiter Foot Valve 1"', NULL, '', '', '', '', '', '', '', '', '', 0, 0, 1, 0, '', 0, '0000-00-00 00:00:00', '0000-00-00 00:00:00', NULL, ''),
(4, 'Jupiter Foot Valve 1.25"', NULL, 39, NULL, 1284.00, 1284.00, 1797.60, 1926.00, NULL, '', NULL, '', '', '', '', '', '', '', '', '', 0, 0, 1, 0, '', 0, '0000-00-00 00:00:00', '0000-00-00 00:00:00', NULL, ''),
(5, 'GV Ball Valve 0.5"', NULL, 39, NULL, 101.40, 101.40, 141.96, 152.10, NULL, 'GV Ball Valve 0.5"', NULL, '', '', '', '', '', '', '', '', '', 0, 0, 1, 0, '', 0, '0000-00-00 00:00:00', '0000-00-00 00:00:00', NULL, ''),
(6, 'kawasaki power sprayer with densui 1.5hp electric motor w/ accessories', NULL, 38, NULL, 3224.80, 3224.80, 0.00, 6000.00, NULL, 'kawasaki power sprayer with densui 1.5hp electric motor w/ accessories', NULL, '', '', '', '', '', '', '', '', '', 0, 0, 1, 0, '', 0, '0000-00-00 00:00:00', '0000-00-00 00:00:00', NULL, ''),
(7, 'Fujihama Gasoline Generator KC950 950 watts', NULL, 37, NULL, 3400.00, 3400.00, 6120.00, 6460.00, NULL, '', NULL, '', '', '', '', '', '', '', '', '', 0, 0, 1, 0, '', 0, '0000-00-00 00:00:00', '0000-00-00 00:00:00', NULL, ''),
(8, 'Toyohama Gasoline Generator TH2000 2000 watts', NULL, 37, NULL, 7400.00, 7400.00, 13320.00, 14060.00, NULL, '', NULL, '', '', '', '', '', '', '', '', '', 0, 0, 1, 0, '', 0, '0000-00-00 00:00:00', '0000-00-00 00:00:00', NULL, ''),
(9, 'Densui Electric Motor 1HP Aluminum Winding YC90S-4 ', NULL, 5, NULL, 1920.00, 1920.00, 0.00, 2800.00, 0.00, 'Densui Electric Motor 1HP Aluminum Winding YC90S-4 ', NULL, '', '', '', '', '', '', '', '', '', 0, 0, 1, 0, '', 0, '0000-00-00 00:00:00', '0000-00-00 00:00:00', NULL, ''),
(10, 'Densui Electric Motor 1.5HP Aluminum Winding YC90L-4', NULL, 5, NULL, 0.00, 2000.00, 0.00, 3000.00, 0.00, 'Densui Electric Motor 1.5HP Aluminum Winding YC90L-4', '', 'a', 'b', 'c', 'd', 'e', 'f', 'g', 'h', 'i', 0, 0, 1, 0, '', 0, NULL, NULL, NULL, ''),
(11, 'Densui Electric Motor 2HP Aluminum Winding YC100L-4', NULL, 5, NULL, 3000.00, 3000.00, 0.00, 4500.00, 0.00, 'Densui Electric Motor 2HP Aluminum Winding YC100L-4', NULL, '', '', '', '', '', '', '', '', '', 0, 0, 1, 0, '', 0, '0000-00-00 00:00:00', '0000-00-00 00:00:00', NULL, ''),
(12, 'Densui Electric Motor 3HP Aluminum Winding YC112M-4', NULL, 5, NULL, 3950.00, 3950.00, 0.00, 5925.00, 0.00, 'Densui Electric Motor 3HP Aluminum Winding YC112M-4', NULL, '', '', '', '', '', '', '', '', '', 0, 0, 1, 0, '', 0, '0000-00-00 00:00:00', '0000-00-00 00:00:00', NULL, ''),
(13, 'Fujihama GASOLINE ENGINE 6.5HP kc168F-2 High Speed', NULL, 47, NULL, 3250.00, 3250.00, 0.00, 5850.00, NULL, 'Fujihama GASOLINE ENGINE 6.5HP kc168F-2 High Speed', NULL, '', '', '', '', '', '', '', '', '', 0, 0, 1, 0, '', 0, '0000-00-00 00:00:00', '0000-00-00 00:00:00', NULL, ''),
(14, 'Fujihama Gasoline Engine Pump set 5.5HP kcg20c', NULL, 47, NULL, 0.00, 4700.00, 0.00, 8460.00, NULL, 'Fujihama Gasoline Engine Pump set 5.5HP kcg20c', NULL, '', '', '', '', '', '', '', '', '', 0, 0, 1, 0, '', 0, '0000-00-00 00:00:00', '0000-00-00 00:00:00', NULL, ''),
(15, 'Fujihama Gasoline Engine Pump set 6.5HP kcg30c', NULL, 47, NULL, 5300.00, 5300.00, 0.00, 9540.00, NULL, 'Fujihama Gasoline Engine Pump set 6.5HP kcg30c', NULL, '', '', '', '', '', '', '', '', '', 0, 0, 1, 0, '', 0, '0000-00-00 00:00:00', '0000-00-00 00:00:00', NULL, ''),
(16, 'Kawasaki Knapsack sprayer 16 Liters KS100', NULL, 37, NULL, 1730.00, 1730.00, 0.00, 2500.00, NULL, 'Kawasaki Knapsack sprayer 16 Liters KS100', NULL, '', '', '', '', '', '', '', '', '', 0, 0, 1, 0, '', 0, '0000-00-00 00:00:00', '0000-00-00 00:00:00', NULL, ''),
(17, 'Kato Self Priming Pump Packing Type (Red) 2x2 NS-50', NULL, 37, NULL, 2500.00, 2500.00, 4500.00, 4750.00, NULL, '', NULL, '', '', '', '', '', '', '', '', '', 0, 0, 1, 0, '', 0, '0000-00-00 00:00:00', '0000-00-00 00:00:00', NULL, ''),
(18, 'Viva Jetmatic Pump 1HP JET100', NULL, 40, NULL, 0.00, 0.00, 0.00, 2900.00, NULL, 'Viva Jetmatic Pump 1HP JET100', NULL, '', '', '', '', '', '', '', '', '', 0, 0, 1, 0, '', 0, '0000-00-00 00:00:00', '0000-00-00 00:00:00', NULL, ''),
(19, 'Viva Submersible Stainless Sewage Pump 1HP SPWS750-50', NULL, 40, NULL, 2550.00, 2550.00, 0.00, 4590.00, NULL, 'Viva Submersible Stainless Sewage Pump 1HP SPWS750-50', NULL, '', '', '', '', '', '', '', '', '', 0, 0, 1, 0, '', 0, '0000-00-00 00:00:00', '0000-00-00 00:00:00', NULL, ''),
(20, 'Kawasaki Power Sprayer 25mm KC-25A', NULL, 37, NULL, 1850.00, 1800.00, 2700.00, 2880.00, NULL, 'Kawasaki Power Sprayer 25mm KC-25A', NULL, '', '', '', '', '', '', '', '', '', 0, 0, 1, 0, '', 0, '0000-00-00 00:00:00', '0000-00-00 00:00:00', NULL, ''),
(21, 'Kawasaki Power Sprayer Hose 100m PSH100', NULL, 37, NULL, 2000.00, 1480.00, 2220.00, 2368.00, NULL, '', NULL, '', '', '', '', '', '', '', '', '', 0, 0, 1, 0, '', 0, '0000-00-00 00:00:00', '0000-00-00 00:00:00', NULL, ''),
(22, 'Pulley 2.5" x 24mm x 2A', NULL, 21, NULL, 197.00, 100.00, 190.00, 200.00, NULL, 'Pulley 2.5" x 24mm x 2A', NULL, '', '', '', '', '', '', '', '', '', 0, 0, 1, 0, '', 0, '0000-00-00 00:00:00', '0000-00-00 00:00:00', NULL, ''),
(23, 'Fujihama Duct Hose 2x2 100m DH2', NULL, 37, NULL, 1800.00, 1800.00, 0.00, 2880.00, NULL, 'Fujihama Duct Hose 2x2 100m DH2', NULL, '', '', '', '', '', '', '', '', '', 0, 0, 1, 0, '', 0, '0000-00-00 00:00:00', '0000-00-00 00:00:00', NULL, ''),
(24, 'Fujihama Duct Hose 3x3 100m DH3', NULL, 37, NULL, 2800.00, 2800.00, 0.00, 4000.00, NULL, 'Fujihama Duct Hose 3x3 100m DH3', NULL, '', '', '', '', '', '', '', '', '', 0, 0, 1, 0, '', 0, '0000-00-00 00:00:00', '0000-00-00 00:00:00', NULL, ''),
(27, 'Toyohama Gasoline Contrete Vibrator 5HP GV-50A-1', NULL, 37, NULL, 6800.00, 6500.00, 11700.00, 12350.00, NULL, '', NULL, '', '', '', '', '', '', '', '', '', 0, 0, 1, 0, '', 0, '0000-00-00 00:00:00', '0000-00-00 00:00:00', NULL, ''),
(28, 'Fujihama Air Compressor 0.25HP IBL10510', NULL, 37, NULL, 4000.00, 4000.00, 5600.00, 6000.00, NULL, '', NULL, '', '', '', '', '', '', '', '', '', 0, 0, 1, 0, '', 0, '0000-00-00 00:00:00', '0000-00-00 00:00:00', NULL, ''),
(29, 'Fujihama Air Compressor 0.5HP IBL10510', NULL, 37, NULL, 5000.00, 5000.00, 7000.00, 7500.00, NULL, '', NULL, '', '', '', '', '', '', '', '', '', 0, 0, 1, 0, '', 0, '0000-00-00 00:00:00', '0000-00-00 00:00:00', NULL, ''),
(30, 'Kawasaki  submersible pump 1/6 HP CP-3002', NULL, 40, NULL, 1450.00, 1450.00, 2030.00, 2175.00, NULL, '', NULL, '', '', '', '', '', '', '', '', '', 0, 0, 1, 0, '', 0, '0000-00-00 00:00:00', '0000-00-00 00:00:00', NULL, ''),
(32, 'Goulds J10S 1HP', NULL, 40, NULL, 12320.00, 12320.00, 0.00, 17200.00, NULL, 'Goulds J10S 1HP', NULL, '', '', '', '', '', '', '', '', '', 0, 0, 1, 0, '', 0, '0000-00-00 00:00:00', '0000-00-00 00:00:00', NULL, ''),
(33, 'Goulds J15S 1.5HP', NULL, 40, NULL, 14440.00, 14440.00, 0.00, 19000.00, NULL, 'Goulds J15S 1.5HP', NULL, '', '', '', '', '', '', '', '', '', 0, 0, 1, 0, '', 0, '0000-00-00 00:00:00', '0000-00-00 00:00:00', NULL, ''),
(34, 'Goulds SJ10 1HP vertical set', NULL, 40, NULL, 18950.00, 18950.00, 0.00, 24635.00, NULL, 'Goulds SJ10 1HP vertical set', NULL, '', '', '', '', '', '', '', '', '', 0, 0, 1, 0, '', 0, '0000-00-00 00:00:00', '0000-00-00 00:00:00', NULL, ''),
(35, 'Goulds SJ20 2HP vertical set', NULL, 40, NULL, 27620.00, 27620.00, 0.00, 35906.00, NULL, 'Goulds SJ20 2HP vertical set', NULL, '', '', '', '', '', '', '', '', '', 0, 0, 1, 0, '', 0, '0000-00-00 00:00:00', '0000-00-00 00:00:00', NULL, ''),
(40, 'Square D Pressure Switch', NULL, 21, NULL, 0.00, 0.00, 0.00, 390.00, NULL, 'Square D Pressure Switch', NULL, '', '', '', '', '', '', '', '', '', 0, 0, 1, 0, '', 0, '0000-00-00 00:00:00', '0000-00-00 00:00:00', NULL, ''),
(41, 'Huto Float Switch', NULL, 21, NULL, 0.00, 0.00, 0.00, 1000.00, NULL, 'Huto Float Switch', NULL, '', '', '', '', '', '', '', '', '', 0, 0, 1, 0, '', 0, '0000-00-00 00:00:00', '0000-00-00 00:00:00', NULL, ''),
(42, 'H2O Water Meter 0.5"', NULL, 21, NULL, 0.00, 0.00, 800.00, 800.00, NULL, '', NULL, '', '', '', '', '', '', '', '', '', 0, 0, 1, 0, '', 0, '0000-00-00 00:00:00', '0000-00-00 00:00:00', NULL, ''),
(43, 'H2O Water Meter 0.75"', NULL, 21, NULL, 0.00, 0.00, 1400.00, 1400.00, NULL, '', NULL, '', '', '', '', '', '', '', '', '', 0, 0, 1, 0, '', 0, '0000-00-00 00:00:00', '0000-00-00 00:00:00', NULL, ''),
(44, 'Float Valve 0.5"', NULL, 39, NULL, 380.00, 380.00, 0.00, 646.00, NULL, 'Float Valve 0.5"', NULL, '', '', '', '', '', '', '', '', '', 0, 0, 1, 0, '', 0, '0000-00-00 00:00:00', '0000-00-00 00:00:00', NULL, ''),
(45, 'Float Valve 0.75"', NULL, 39, NULL, 550.00, 550.00, 0.00, 935.00, NULL, 'Float Valve 0.75"', NULL, '', '', '', '', '', '', '', '', '', 0, 0, 1, 0, '', 0, '0000-00-00 00:00:00', '0000-00-00 00:00:00', NULL, ''),
(46, 'Float Valve 1"', NULL, 39, 0.00, 900.00, 900.00, 0.00, 1530.00, NULL, 'Float Valve 1"', NULL, '', '', '', '', '', '', '', '', '', 0, 0, 1, 0, '', 0, '0000-00-00 00:00:00', '0000-00-00 00:00:00', NULL, ''),
(47, 'Supreme Tank 220 gals., SS-304#16', NULL, 41, NULL, 1.00, 1.00, 0.00, 0.00, NULL, '', NULL, '', '', '', '', '', '', '', '', '', 0, 0, 1, 0, '', 0, '0000-00-00 00:00:00', '0000-00-00 00:00:00', NULL, ''),
(48, 'Supreme Tank 315 gals., SS-304#14', NULL, 41, NULL, 1.00, 1.00, 0.00, 0.00, NULL, '', NULL, '', '', '', '', '', '', '', '', '', 0, 0, 1, 0, '', 0, '0000-00-00 00:00:00', '0000-00-00 00:00:00', NULL, ''),
(52, 'Eurostar	DJM100 1HP', NULL, 40, NULL, 0.00, 5128.00, 0.00, 8000.00, NULL, 'Eurostar	DJM100 1HP', NULL, '', '', '', '', '', '', '', '', '', 0, 0, 1, 0, '', 0, '0000-00-00 00:00:00', '0000-00-00 00:00:00', NULL, ''),
(53, 'Bestank BSTR   480', NULL, 50, NULL, 6213.71, 9000.00, 7098.49, 7453.42, 9000.00, 'Vertical Stainless Storage Tank 480 Liters', NULL, '480', '', '', '', '', '', '', '', '', 0, 0, 1, 0, '', 0, '0000-00-00 00:00:00', '0000-00-00 00:00:00', NULL, ''),
(54, 'Bestank BSTR   600', NULL, 50, NULL, 7456.45, 10800.00, 8518.19, 8944.10, 10800.00, 'Vertical Stainless Storage Tank 600 Liters', NULL, '600', '', '', '', '', '', '', '', '', 0, 0, 1, 0, '', 0, '0000-00-00 00:00:00', '0000-00-00 00:00:00', NULL, ''),
(56, 'Voschtech Teflon 1/2', NULL, 21, NULL, 3.20, 3.20, 0.00, 7.00, NULL, 'Voschtech Teflon 1/2', NULL, '', '', '', '', '', '', '', '', '', 0, 0, 1, 0, '', 0, '0000-00-00 00:00:00', '0000-00-00 00:00:00', NULL, ''),
(57, 'C One Teflon 0.75"', NULL, 21, NULL, 5.50, 5.50, 11.00, 11.00, NULL, '', NULL, '', '', '', '', '', '', '', '', '', 0, 0, 1, 0, '', 0, '0000-00-00 00:00:00', '0000-00-00 00:00:00', NULL, ''),
(58, 'GV Swing Check Valve 0.5"', NULL, 39, NULL, 143.00, 143.00, 200.20, 214.50, NULL, '', NULL, '', '', '', '', '', '', '', '', '', 0, 0, 1, 0, '', 0, '0000-00-00 00:00:00', '0000-00-00 00:00:00', NULL, ''),
(59, 'GV Swing Check Valve 0.75"', NULL, 39, NULL, 221.65, 221.65, 310.31, 332.48, NULL, '', NULL, '', '', '', '', '', '', '', '', '', 0, 0, 1, 0, '', 0, '0000-00-00 00:00:00', '0000-00-00 00:00:00', NULL, ''),
(60, 'GV Swing Check Valve 1"', NULL, 39, NULL, 321.75, 321.75, 450.45, 482.63, NULL, '', NULL, '', '', '', '', '', '', '', '', '', 0, 0, 1, 0, '', 0, '0000-00-00 00:00:00', '0000-00-00 00:00:00', NULL, ''),
(61, 'GV Swing Check Valve 1.5"', NULL, 39, NULL, 607.75, 607.75, 850.85, 911.63, NULL, '', NULL, '', '', '', '', '', '', '', '', '', 0, 0, 1, 0, '', 0, '0000-00-00 00:00:00', '0000-00-00 00:00:00', NULL, ''),
(62, 'GV Gate Valve 0.5"', NULL, 39, NULL, 151.45, 151.45, 212.03, 227.18, NULL, '', NULL, '', '', '', '', '', '', '', '', '', 0, 0, 1, 0, '', 0, '0000-00-00 00:00:00', '0000-00-00 00:00:00', NULL, ''),
(63, 'GV Gate Valve 0.75"', NULL, 39, NULL, 214.50, 214.50, 300.30, 321.75, NULL, '', NULL, '', '', '', '', '', '', '', '', '', 0, 0, 1, 0, '', 0, '0000-00-00 00:00:00', '0000-00-00 00:00:00', NULL, ''),
(64, 'GV Gate Valve 1"', NULL, 39, NULL, 276.90, 276.90, 387.66, 415.35, NULL, '', NULL, '', '', '', '', '', '', '', '', '', 0, 0, 1, 0, '', 0, '0000-00-00 00:00:00', '0000-00-00 00:00:00', NULL, ''),
(65, 'GV Gate Valve 1.5"', NULL, 39, NULL, 557.70, 557.70, 780.78, 836.55, NULL, '', NULL, '', '', '', '', '', '', '', '', '', 0, 0, 1, 0, '', 0, '0000-00-00 00:00:00', '0000-00-00 00:00:00', NULL, ''),
(66, 'GV Ball Valve 0.75"', NULL, 39, NULL, 151.45, 151.45, 212.03, 227.18, NULL, 'GV Ball Valve 0.75"', NULL, '', '', '', '', '', '', '', '', '', 0, 0, 1, 0, '', 0, '0000-00-00 00:00:00', '0000-00-00 00:00:00', NULL, ''),
(67, 'GV Ball Valve	1"', NULL, 39, NULL, 404.00, 404.00, 565.60, 606.00, NULL, 'GV Ball Valve	1"', NULL, '', '', '', '', '', '', '', '', '', 0, 0, 1, 0, '', 0, '0000-00-00 00:00:00', '0000-00-00 00:00:00', NULL, ''),
(68, 'GV Ball Valve 1.5"', NULL, 39, NULL, 588.00, 588.00, 0.00, 823.00, NULL, 'GV Ball Valve 1.5"', NULL, '', '', '', '', '', '', '', '', '', 0, 0, 1, 0, '', 0, '0000-00-00 00:00:00', '0000-00-00 00:00:00', NULL, ''),
(69, 'Vespa 2HP 160PSI', NULL, 43, NULL, 0.00, 36000.00, 0.00, 0.00, NULL, '', NULL, '', '', '', '', '', '', '', '', '', 0, 0, 1, 0, '', 0, '0000-00-00 00:00:00', '0000-00-00 00:00:00', NULL, ''),
(70, 'Stac Pump PE45 0.5HP ', NULL, 40, NULL, 1000.00, 1000.00, 0.00, 1900.00, NULL, 'Stac Pump PE45 0.5HP ', NULL, '', '', '', '', '', '', '', '', '', 0, 0, 1, 0, '', 0, '0000-00-00 00:00:00', '0000-00-00 00:00:00', NULL, ''),
(71, 'Pentax PM45 0.5HP', NULL, 40, NULL, 1000.00, 2200.00, 0.00, 2900.00, NULL, 'Pentax PM45 0.5HP', NULL, '', '', '', '', '', '', '', '', '', 0, 0, 1, 0, '', 0, '0000-00-00 00:00:00', '0000-00-00 00:00:00', NULL, ''),
(73, 'Supreme Tank 12 gals., SS-304#16', NULL, 41, NULL, 2316.45, 2316.45, 0.00, 3000.00, NULL, 'Supreme Tank 12 gals., SS-304#16', NULL, '', '', '', '', '', '', '', '', '', 0, 0, 1, 0, '', 0, '0000-00-00 00:00:00', '0000-00-00 00:00:00', NULL, ''),
(74, 'coupled Pentax PM45 + 12 Gals SS-304#16', NULL, 38, NULL, 5350.00, 5350.00, 0.00, 6700.00, NULL, 'coupled PM45 + 12 Gals SS-304#16', NULL, '', '', '', '', '', '', '', '', '', 0, 0, 1, 0, '', 0, '0000-00-00 00:00:00', '0000-00-00 00:00:00', NULL, ''),
(75, 'coupled Pentax PM45 + Bladder Tank Horiz 6 Gals', NULL, 38, NULL, 4483.76, 4483.76, 0.00, 6500.00, NULL, 'coupled Pentax PM45 + Bladder Tank Horiz 6 Gals', NULL, '', '', '', '', '', '', '', '', '', 0, 0, 1, 0, '', 0, '0000-00-00 00:00:00', '0000-00-00 00:00:00', NULL, ''),
(76, 'Supreme Tank 21 gals., SS-304#16', NULL, 41, NULL, 3137.47, 3137.47, 0.00, 4700.00, NULL, 'Supreme Tank 21 gals., SS-304#16', NULL, '', '', '', '', '', '', '', '', '', 0, 0, 1, 0, '', 0, '0000-00-00 00:00:00', '0000-00-00 00:00:00', NULL, ''),
(77, 'Ametek Pressure Gauge 0-100PSI', NULL, 21, NULL, 0.00, 0.00, 0.00, 170.00, NULL, 'Ametek Pressure Gauge 0-100PSI', NULL, '', '', '', '', '', '', '', '', '', 0, 0, 1, 0, '', 0, '0000-00-00 00:00:00', '0000-00-00 00:00:00', NULL, ''),
(78, 'Float Valve 2.5"', NULL, 39, NULL, 6880.00, 6880.00, 0.00, 10320.00, NULL, 'Float Valve 2.5"', NULL, '', '', '', '', '', '', '', '', '', 0, 0, 1, 0, '', 0, '0000-00-00 00:00:00', '0000-00-00 00:00:00', NULL, ''),
(80, 'Corrugated Suction Hose 2" 30m CH2', NULL, 21, NULL, 2650.00, 2650.00, 0.00, 3577.50, NULL, 'Corrugated Suction Hose 2" 30m CH2', NULL, '', '', '', '', '', '', '', '', '', 0, 0, 1, 0, '', 0, '0000-00-00 00:00:00', '0000-00-00 00:00:00', NULL, ''),
(81, 'Corrugated Suction Hose 3" 30m CH3', NULL, 21, NULL, 5400.00, 0.00, 0.00, 7290.00, NULL, 'Corrugated Suction Hose 3" 30m CH3', NULL, '', '', '', '', '', '', '', '', '', 0, 0, 1, 0, '', 0, '0000-00-00 00:00:00', '0000-00-00 00:00:00', NULL, ''),
(82, 'GV Faucet w/ Thread 0.5"', NULL, 39, NULL, 107.90, 107.90, 0.00, 165.00, NULL, '\r\n', NULL, '', '', '', '', '', '', '', '', '', 0, 0, 1, 0, '', 0, '0000-00-00 00:00:00', '0000-00-00 00:00:00', NULL, ''),
(91, 'Torus HDPE Pipe SDR11 Roll Black 1"', NULL, 69, NULL, 3570.00, 3570.00, 0.00, 4641.00, NULL, '', NULL, 'Black', '1', '', '', '', '', '', '', '', 0, 0, 1, 0, '', 0, '0000-00-00 00:00:00', '0000-00-00 00:00:00', NULL, ''),
(92, 'Torus HDPE Pipe SDR11 Roll Black 0.5"', NULL, 69, NULL, 4164.15, 4164.15, 0.00, 5200.00, NULL, '', NULL, 'Black', '0.5', '', '', '', '', '', '', '', 0, 0, 1, 0, '', 0, '0000-00-00 00:00:00', '0000-00-00 00:00:00', NULL, ''),
(93, 'Torus HDPE Pipe SDR11 Roll Black 0.75"', NULL, 69, NULL, 3300.98, 3300.98, 0.00, 4291.27, NULL, '', NULL, 'Black', '0.75', '', '', '', '', '', '', '', 0, 0, 1, 0, '', 0, '0000-00-00 00:00:00', '0000-00-00 00:00:00', NULL, ''),
(94, 'Torus HDPE Pipe SDR11 Roll Blue 1"', NULL, 69, NULL, 3570.00, 3570.00, 0.00, 4641.00, NULL, '', NULL, 'Blue', '1', '', '', '', '', '', '', '', 0, 0, 1, 0, '', 0, '0000-00-00 00:00:00', '0000-00-00 00:00:00', NULL, ''),
(95, 'Torus HDPE Pipe SDR11 Roll Blue 0.75"', NULL, 69, NULL, 3300.98, 3300.98, 0.00, 4291.27, NULL, '', NULL, 'Blue', '0.75', '', '', '', '', '', '', '', 0, 0, 1, 0, '', 0, '0000-00-00 00:00:00', '0000-00-00 00:00:00', NULL, ''),
(96, 'Torus HDPE Pipe SDR11 Roll Blue 0.5"', NULL, 69, NULL, 4164.15, 4164.15, 0.00, 4996.98, NULL, '', NULL, 'Blue', '0.5', '', '', '', '', '', '', '', 0, 0, 1, 0, '', 0, '0000-00-00 00:00:00', '0000-00-00 00:00:00', NULL, ''),
(97, 'ERA HDPE Cap 20mm 0.5"', NULL, 68, NULL, 16.10, 16.10, 22.54, 24.15, NULL, 'ERA HDPE Cap 20mm 0.5"', NULL, '', '', '', '', '', '', '', '', '', 0, 0, 1, 0, '', 0, '0000-00-00 00:00:00', '0000-00-00 00:00:00', NULL, ''),
(98, 'ERA HDPE Cap 25mm 0.75"', NULL, 68, NULL, 19.60, 19.60, 27.44, 29.40, NULL, 'ERA HDPE Cap 25mm 0.75"', NULL, '', '', '', '', '', '', '', '', '', 0, 0, 1, 0, '', 0, '0000-00-00 00:00:00', '0000-00-00 00:00:00', NULL, ''),
(99, 'ERA HDPE Cap 32mm 1"', NULL, 68, NULL, 28.00, 28.00, 39.20, 42.00, NULL, 'ERA HDPE Cap 32mm 1"', NULL, '', '', '', '', '', '', '', '', '', 0, 0, 1, 0, '', 0, '0000-00-00 00:00:00', '0000-00-00 00:00:00', NULL, ''),
(100, 'ERA HDPE Cap 40mm 1.25"', NULL, 68, NULL, 86.80, 86.80, 121.52, 130.20, NULL, 'ERA HDPE Cap 40mm 1.25"', NULL, '', '', '', '', '', '', '', '', '', 0, 0, 1, 0, '', 0, '0000-00-00 00:00:00', '0000-00-00 00:00:00', NULL, ''),
(113, 'ERA HDPE Reducer 25x20mm 0.75x0.5"', NULL, 66, NULL, 40.60, 40.60, 56.84, 60.90, NULL, 'ERA HDPE Reducer 25x20mm 0.75x0.5"', NULL, '', '', '', '', '', '', '', '', '', 0, 0, 1, 0, '', 0, '0000-00-00 00:00:00', '0000-00-00 00:00:00', NULL, ''),
(114, 'ERA HDPE Reducer 32x20mm 1x0.5"', NULL, 66, NULL, 36.60, 60.90, 85.26, 91.35, NULL, 'ERA HDPE Reducer 32x20mm 1x0.5"', NULL, '', '', '', '', '', '', '', '', '', 0, 0, 1, 0, '', 0, '0000-00-00 00:00:00', '0000-00-00 00:00:00', NULL, ''),
(115, 'ERA HDPE Reducer 32x25mm 1x0.75"', NULL, 66, NULL, 60.90, 60.90, 85.26, 91.35, NULL, 'ERA HDPE Reducer 32x25mm 1x0.75"', NULL, '', '', '', '', '', '', '', '', '', 0, 0, 1, 0, '', 0, '0000-00-00 00:00:00', '0000-00-00 00:00:00', NULL, ''),
(116, 'ERA HDPE Reducer 40x25mm 1.25x0.75"', NULL, 66, NULL, 200.90, 200.90, 281.26, 301.35, NULL, 'ERA HDPE Reducer 40x25mm 1.25x0.75"', NULL, '', '', '', '', '', '', '', '', '', 0, 0, 1, 0, '', 0, '0000-00-00 00:00:00', '0000-00-00 00:00:00', NULL, ''),
(117, 'ERA HDPE Tee Reducer 25x20mm .75x0.5"', NULL, 65, NULL, 62.30, 62.30, 87.22, 93.45, NULL, 'ERA HDPE Tee Reducer 25x20mm .75x0.5"', NULL, '', '', '', '', '', '', '', '', '', 0, 0, 1, 0, '', 0, '0000-00-00 00:00:00', '0000-00-00 00:00:00', NULL, ''),
(118, 'ERA HDPE Tee Reducer 32x20mm 1x0.5"', NULL, 65, NULL, 36.60, 80.50, 112.70, 120.75, NULL, 'ERA HDPE Tee Reducer 32x20mm 1x0.5"', NULL, '', '', '', '', '', '', '', '', '', 0, 0, 1, 0, '', 0, '0000-00-00 00:00:00', '0000-00-00 00:00:00', NULL, ''),
(119, 'ERA HDPE Tee Reducer 32x25mm 1x0.75"', NULL, 65, NULL, 81.20, 81.20, 113.68, 121.80, NULL, 'ERA HDPE Tee Reducer 32x25mm 1x0.75"', NULL, '', '', '', '', '', '', '', '', '', 0, 0, 1, 0, '', 0, '0000-00-00 00:00:00', '0000-00-00 00:00:00', NULL, ''),
(120, 'ERA HDPE Tee Reducer 40x32mm 1.25x1"', NULL, 65, NULL, 239.40, 239.40, 335.16, 359.10, NULL, 'ERA HDPE Tee Reducer 40x32mm 1.25x1"', NULL, '', '', '', '', '', '', '', '', '', 0, 0, 1, 0, '', 0, '0000-00-00 00:00:00', '0000-00-00 00:00:00', NULL, ''),
(121, 'DynaFlo Bladder Tank PWN24L Horizontal 6 Gals', NULL, 41, NULL, 1850.00, 1850.00, 0.00, 2960.00, NULL, 'DynaFlo Bladder Tank PWN24L Horizontal 6 Gals', NULL, '', '', '', '', '', '', '', '', '', 0, 0, 1, 0, '', 0, '0000-00-00 00:00:00', '0000-00-00 00:00:00', NULL, ''),
(125, 'coupled Pentax PM45 + 21 Gals SS-304#16', NULL, 38, NULL, 5787.47, 5787.47, 0.00, 8200.00, NULL, 'coupled PM45 + 21 Gals SS-304#16', NULL, '', '', '', '', '', '', '', '', '', 0, 0, 1, 0, '', 0, '0000-00-00 00:00:00', '0000-00-00 00:00:00', NULL, ''),
(126, 'coupled Eurostar DJM100 + 21 Gals SS-304#16', NULL, 38, NULL, 8715.47, 8715.47, 0.00, 12500.00, NULL, 'coupled DJM100 + 21 Gals SS-304#16', NULL, '', '', '', '', '', '', '', '', '', 0, 0, 1, 0, '', 0, '0000-00-00 00:00:00', '0000-00-00 00:00:00', NULL, ''),
(129, 'coupled Eurostar DJM100 + 12 Gals SS-304#16', NULL, 38, NULL, 8278.00, 8278.00, 0.00, 11000.00, NULL, 'coupled DJM100 + 12 Gals SS-304#16', NULL, '', '', '', '', '', '', '', '', '', 0, 0, 1, 0, '', 0, '0000-00-00 00:00:00', '0000-00-00 00:00:00', NULL, ''),
(131, 'coupled MAqua JET100 + 12 Gals SS-304#16', NULL, 38, NULL, 4850.00, 4850.00, 0.00, 6800.00, NULL, 'coupled JET100 + 12 Gals SS-304#16', NULL, '', '', '', '', '', '', '', '', '', 0, 0, 1, 0, '', 0, '0000-00-00 00:00:00', '0000-00-00 00:00:00', NULL, ''),
(133, 'coupled MAqua JET100 + 21 Gals SS-304#16', NULL, 38, NULL, 5287.47, 5287.47, 0.00, 8300.00, NULL, 'coupled JET100 + 21 Gals SS-304#16', NULL, '', '', '', '', '', '', '', '', '', 0, 0, 1, 0, '', 0, '0000-00-00 00:00:00', '0000-00-00 00:00:00', NULL, ''),
(134, 'fittings set for coupled type', NULL, 21, NULL, 0.00, 0.00, 202.64, 202.64, NULL, 'fittings set for coupled type', NULL, '', '', '', '', '', '', '', '', '', 0, 0, 1, 0, '', 0, '0000-00-00 00:00:00', '0000-00-00 00:00:00', NULL, ''),
(135, 'Chemical Hose 1"', NULL, 21, NULL, 20.00, 20.00, 28.00, 30.00, NULL, '', NULL, '', '', '', '', '', '', '', '', '', 0, 0, 1, 0, '', 0, '0000-00-00 00:00:00', '0000-00-00 00:00:00', NULL, ''),
(136, 'Hose Clamp 1.25', NULL, 21, NULL, 4.44, 10.00, 11.00, 11.00, NULL, '', NULL, '', '', '', '', '', '', '', '', '', 0, 0, 1, 0, '', 0, '0000-00-00 00:00:00', '0000-00-00 00:00:00', NULL, ''),
(137, 'GI Nipple 0.25"x2"', NULL, 87, NULL, 13.60, 16.20, 0.00, 27.54, NULL, 'GI Nipple 0.25"x2"', NULL, '', '', '', '', '', '', '', '', '', 0, 0, 1, 0, '', 0, '0000-00-00 00:00:00', '0000-00-00 00:00:00', NULL, ''),
(138, 'GI Plug 0.5"', NULL, 85, NULL, 4.73, 5.35, 0.00, 15.00, NULL, 'GI Plug 0.5", 1/2"\r\n', NULL, '', '', '', '', '', '', '', '', '', 0, 0, 1, 0, '', 0, '0000-00-00 00:00:00', '0000-00-00 00:00:00', NULL, ''),
(139, 'GI Bushing 1"x0.75"', NULL, 83, NULL, 10.40, 11.05, 17.68, 18.79, NULL, 'GI Bushing 1x0.75"', NULL, '', '', '', '', '', '', '', '', '', 0, 0, 1, 0, '', 0, '0000-00-00 00:00:00', '0000-00-00 00:00:00', NULL, ''),
(140, 'GI Tee 0.75"', NULL, 84, NULL, 13.76, 14.62, 23.39, 24.85, NULL, 'GI Tee 0.75"', NULL, '', '', '', '', '', '', '', '', '', 0, 0, 1, 0, '', 0, '0000-00-00 00:00:00', '0000-00-00 00:00:00', NULL, ''),
(141, 'GI Nipple 0.75"x2"', NULL, 87, NULL, 9.80, 9.80, 0.00, 16.66, NULL, 'GI Nipple 0.75"x2"\r\n', NULL, '', '', '', '', '', '', '', '', '', 0, 0, 1, 0, '', 0, '0000-00-00 00:00:00', '0000-00-00 00:00:00', NULL, ''),
(142, 'GI Plug 0.75"', NULL, 85, NULL, 5.85, 6.63, 10.61, 11.27, NULL, 'GI Plug 0.75"', NULL, '', '', '', '', '', '', '', '', '', 0, 0, 1, 0, '', 0, '0000-00-00 00:00:00', '0000-00-00 00:00:00', NULL, ''),
(143, 'GI Nipple 0.75"x3"', NULL, 87, NULL, 12.40, 12.40, 0.00, 21.08, NULL, 'GI Nipple 0.75"x3"\r\n', NULL, '', '', '', '', '', '', '', '', '', 0, 0, 1, 0, '', 0, '0000-00-00 00:00:00', '0000-00-00 00:00:00', NULL, ''),
(144, 'GI Elbow 0.75"', NULL, 88, NULL, 10.80, 11.48, 18.37, 19.52, NULL, 'GI Elbow 0.75"', NULL, '', '', '', '', '', '', '', '', '', 0, 0, 1, 0, '', 0, '0000-00-00 00:00:00', '0000-00-00 00:00:00', NULL, ''),
(145, 'GI Tee 0.25"', NULL, 84, NULL, 11.20, 14.88, 0.00, 25.00, NULL, 'GI Tee 0.25"', NULL, '', '', '', '', '', '', '', '', '', 0, 0, 1, 0, '', 0, '0000-00-00 00:00:00', '0000-00-00 00:00:00', NULL, ''),
(146, 'Fujihama Diesel Engine Pump set 10HP', NULL, 37, NULL, 19500.00, 19500.00, 27300.00, 29250.00, NULL, '', NULL, '', '', '', '', '', '', '', '', '', 0, 0, 1, 0, '', 0, '0000-00-00 00:00:00', '0000-00-00 00:00:00', NULL, ''),
(147, 'Bestank BSTR   240', NULL, 50, NULL, 5247.14, 7600.00, 5994.28, 6294.00, 7600.00, 'Vertical Stainless Storage Tank 240 Liters', '', '240', '', '', '', '', '', '', '', '', 0, 0, 1, 0, '', 0, NULL, NULL, NULL, ''),
(148, 'Bestank BSTR   340', NULL, 50, NULL, 5730.42, 8300.00, 6546.39, 6873.71, 8300.00, 'Vertical Stainless Storage Tank 340 Liters', NULL, '340', '', '', '', '', '', '', '', '', 0, 0, 1, 0, '', 0, '0000-00-00 00:00:00', '0000-00-00 00:00:00', NULL, ''),
(149, 'Bestank BSTR   400', NULL, 50, NULL, 5937.55, 8600.00, 6783.00, 7122.15, 8600.00, 'Vertical Stainless Storage Tank 400 Liters', NULL, '400', '', '', '', '', '', '', '', '', 0, 0, 1, 0, '', 0, '0000-00-00 00:00:00', '0000-00-00 00:00:00', NULL, ''),
(150, 'Bestank BSTR   500', NULL, 50, NULL, 6558.91, 9500.00, 7492.85, 7867.49, 9500.00, 'Vertical Stainless Storage Tank 500 Liters', NULL, '500', '', '', '', '', '', '', '', '', 0, 0, 1, 0, '', 0, '0000-00-00 00:00:00', '0000-00-00 00:00:00', NULL, ''),
(151, 'Bestank BSTR   775', NULL, 50, NULL, 8837.28, 12800.00, 10095.63, 10600.41, 12800.00, 'Vertical Stainless Storage Tank 775 Liters', NULL, '775', '', '', '', '', '', '', '', '', 0, 0, 1, 0, '', 0, '0000-00-00 00:00:00', '0000-00-00 00:00:00', NULL, ''),
(152, 'Bestank BSTR   800', NULL, 50, NULL, 9320.57, 13500.00, 10647.74, 11180.12, 13500.00, 'Vertical Stainless Storage Tank 800 Liters', NULL, '800', '', '', '', '', '', '', '', '', 0, 0, 1, 0, '', 0, '0000-00-00 00:00:00', '0000-00-00 00:00:00', NULL, ''),
(153, 'Bestank BSTR  1000', NULL, 50, NULL, 11184.68, 16200.00, 12777.28, 13416.15, 16200.00, 'Vertical Stainless Storage Tank 1000 Liters', '', '1000', '', '', '', '', '', '', '', '', 0, 0, 1, 0, '', 0, NULL, NULL, NULL, ''),
(154, 'Bestank BSTR  1200', NULL, 50, NULL, 13048.80, 18900.00, 14906.83, 15652.17, 18900.00, 'Vertical Stainless Storage Tank 1200 Liters', '', '1200', '', '', '', '', '', '', '', '', 0, 0, 1, 0, '', 0, NULL, NULL, NULL, ''),
(155, 'Bestank BSTR  1500', NULL, 50, NULL, 15603.30, 22600.00, 17825.10, 18716.36, 22600.00, 'Vertical Stainless Storage Tank 1500 Liters', NULL, '1500', '', '', '', '', '', '', '', '', 0, 0, 1, 0, '', 0, '0000-00-00 00:00:00', '0000-00-00 00:00:00', NULL, ''),
(156, 'Bestank BSTR  1700', NULL, 50, NULL, 18088.81, 26200.00, 20664.50, 21697.72, 26200.00, 'Vertical Stainless Storage Tank 1700 Liters', NULL, '1700', '', '', '', '', '', '', '', '', 0, 0, 1, 0, '', 0, '0000-00-00 00:00:00', '0000-00-00 00:00:00', NULL, ''),
(157, 'Bestank BSTR  2000', NULL, 50, NULL, 21126.60, 30600.00, 24134.87, 25341.61, 30600.00, 'Vertical Stainless Storage Tank 2000 Liters', NULL, '2000', '', '', '', '', '', '', '', '', 0, 0, 1, 0, '', 0, '0000-00-00 00:00:00', '0000-00-00 00:00:00', NULL, ''),
(158, 'Bestank BSTR  2600', NULL, 50, NULL, 28997.33, 42000.00, 33126.29, 34782.61, 42000.00, 'Vertical Stainless Storage Tank 2600 Liters', NULL, '2600', '', '', '', '', '', '', '', '', 0, 0, 1, 0, '', 0, '0000-00-00 00:00:00', '0000-00-00 00:00:00', NULL, ''),
(159, 'Bestank BSTR  3200', NULL, 50, NULL, 34520.63, 50000.00, 39436.06, 41407.87, 50000.00, 'Vertical Stainless Storage Tank 3200 Liters', NULL, '3200', '', '', '', '', '', '', '', '', 0, 0, 1, 0, '', 0, '0000-00-00 00:00:00', '0000-00-00 00:00:00', NULL, ''),
(160, 'Bestank BSTR  3800', NULL, 50, NULL, 41424.75, 60000.00, 47323.28, 49689.44, 60000.00, 'Vertical Stainless Storage Tank 3800 Liters', NULL, '3800', '', '', '', '', '', '', '', '', 0, 0, 1, 0, '', 0, '0000-00-00 00:00:00', '0000-00-00 00:00:00', NULL, ''),
(161, 'Bestank BSTR  4000', NULL, 50, NULL, 45567.23, 66000.00, 52055.60, 54658.39, 66000.00, 'Vertical Stainless Storage Tank 4000 Liters', NULL, '4000', '', '', '', '', '', '', '', '', 0, 0, 1, 0, '', 0, '0000-00-00 00:00:00', '0000-00-00 00:00:00', NULL, ''),
(162, 'Bestank BSTR  4200', NULL, 50, NULL, 46257.64, 67000.00, 52844.33, 55486.54, 67000.00, 'Vertical Stainless Storage Tank 4200 Liters', NULL, '4200', '', '', '', '', '', '', '', '', 0, 0, 1, 0, '', 0, '0000-00-00 00:00:00', '0000-00-00 00:00:00', NULL, ''),
(163, 'Bestank BSTR  4600', NULL, 50, NULL, 57994.65, 84000.00, 66252.59, 69565.22, 84000.00, 'Vertical Stainless Storage Tank 4600 Liters', NULL, '4600', '', '', '', '', '', '', '', '', 0, 0, 1, 0, '', 0, '0000-00-00 00:00:00', '0000-00-00 00:00:00', NULL, ''),
(164, 'Bestank BSTR  5300', NULL, 50, NULL, 69041.25, 100000.00, 78872.13, 82815.73, 100000.00, 'Vertical Stainless Storage Tank 5300 Liters', NULL, '5300', '', '', '', '', '', '', '', '', 0, 0, 1, 0, '', 0, '0000-00-00 00:00:00', '0000-00-00 00:00:00', NULL, ''),
(165, 'Bestank BSTR  6000', NULL, 50, NULL, 75945.38, 110000.00, 86759.34, 91097.31, 110000.00, 'Vertical Stainless Storage Tank 6000 Liters', NULL, '6000', '', '', '', '', '', '', '', '', 0, 0, 1, 0, '', 0, '0000-00-00 00:00:00', '0000-00-00 00:00:00', NULL, ''),
(166, 'Bestank BSTR  6900', NULL, 50, NULL, 92515.28, 134000.00, 105688.65, 110973.08, 134000.00, 'Vertical Stainless Storage Tank 6900 Liters', NULL, '6900', '', '', '', '', '', '', '', '', 0, 0, 1, 0, '', 0, '0000-00-00 00:00:00', '0000-00-00 00:00:00', NULL, ''),
(167, 'Bestank BSTR  7700', NULL, 50, NULL, 99419.40, 144000.00, 113575.87, 119254.66, 144000.00, 'Vertical Stainless Storage Tank 7700 Liters', NULL, '7700', '', '', '', '', '', '', '', '', 0, 0, 1, 0, '', 0, '0000-00-00 00:00:00', '0000-00-00 00:00:00', NULL, ''),
(168, 'Bestank BSTR  8000', NULL, 50, NULL, 115298.89, 167000.00, 131716.45, 138302.28, 167000.00, 'Vertical Stainless Storage Tank 8000 Liters', NULL, '8000', '', '', '', '', '', '', '', '', 0, 0, 1, 0, '', 0, '0000-00-00 00:00:00', '0000-00-00 00:00:00', NULL, ''),
(169, 'Bestank BSTR 10500', NULL, 50, NULL, 141534.56, 205000.00, 161687.86, 169772.26, 205000.00, 'Vertical Stainless Storage Tank 10500 Liters', NULL, '10500', '', '', '', '', '', '', '', '', 0, 0, 1, 0, '', 0, '0000-00-00 00:00:00', '0000-00-00 00:00:00', NULL, ''),
(170, 'Bestank BSTR 12800', NULL, 50, NULL, 172603.13, 250000.00, 197180.32, 207039.34, 250000.00, 'Vertical Stainless Storage Tank 12800 Liters', NULL, '12800', '', '', '', '', '', '', '', '', 0, 0, 1, 0, '', 0, '0000-00-00 00:00:00', '0000-00-00 00:00:00', NULL, ''),
(171, 'Bestank BSTR 15000', NULL, 50, NULL, 193315.50, 280000.00, 220841.96, 231884.06, 280000.00, 'Vertical Stainless Storage Tank 15000 Liters', NULL, '15000', '', '', '', '', '', '', '', '', 0, 0, 1, 0, '', 0, '0000-00-00 00:00:00', '0000-00-00 00:00:00', NULL, ''),
(173, 'Era HDPE Coupling 20mm 0.5"', NULL, 67, NULL, 35.00, 35.00, 49.00, 52.50, NULL, '', NULL, NULL, NULL, NULL, NULL, NULL, NULL, NULL, NULL, NULL, 0, 0, 1, 0, NULL, 0, '0000-00-00 00:00:00', '0000-00-00 00:00:00', NULL, ''),
(174, 'Era HDPE Coupling 25mm 0.75"', NULL, 67, NULL, 44.80, 44.80, 62.72, 67.20, NULL, '', NULL, NULL, NULL, NULL, NULL, NULL, NULL, NULL, NULL, NULL, 0, 0, 1, 0, NULL, 0, '0000-00-00 00:00:00', '0000-00-00 00:00:00', NULL, ''),
(175, 'Era HDPE Coupling 32mm 1"', NULL, 67, NULL, 53.20, 53.20, 74.48, 79.80, NULL, '', NULL, NULL, NULL, NULL, NULL, NULL, NULL, NULL, NULL, NULL, 0, 0, 1, 0, NULL, 0, '0000-00-00 00:00:00', '0000-00-00 00:00:00', NULL, ''),
(176, 'Era HDPE Coupling 40mm 1.25"', NULL, 67, NULL, 129.50, 129.50, 181.30, 194.25, NULL, '', NULL, NULL, NULL, NULL, NULL, NULL, NULL, NULL, NULL, NULL, 0, 0, 1, 0, NULL, 0, '0000-00-00 00:00:00', '0000-00-00 00:00:00', NULL, ''),
(177, 'Era HDPE Coupling 50mm 1.5"', NULL, 67, NULL, 239.00, 239.00, 334.60, 358.50, NULL, '', NULL, NULL, NULL, NULL, NULL, NULL, NULL, NULL, NULL, NULL, 0, 0, 1, 0, NULL, 0, '0000-00-00 00:00:00', '0000-00-00 00:00:00', NULL, ''),
(178, 'Era HDPE Coupling 63mm 2"', NULL, 67, NULL, 393.00, 393.00, 550.20, 589.50, NULL, '', NULL, NULL, NULL, NULL, NULL, NULL, NULL, NULL, NULL, NULL, 0, 0, 1, 0, NULL, 0, '0000-00-00 00:00:00', '0000-00-00 00:00:00', NULL, ''),
(179, 'Era HDPE Coupling 75mm 2.5"', NULL, 67, NULL, 816.00, 816.00, 1142.40, 1224.00, NULL, '', NULL, NULL, NULL, NULL, NULL, NULL, NULL, NULL, NULL, NULL, 0, 0, 1, 0, NULL, 0, '0000-00-00 00:00:00', '0000-00-00 00:00:00', NULL, ''),
(180, 'Era HDPE Coupling 90mm 3"', NULL, 67, NULL, 1275.00, 1275.00, 1785.00, 1912.50, NULL, '', NULL, NULL, NULL, NULL, NULL, NULL, NULL, NULL, NULL, NULL, 0, 0, 1, 0, NULL, 0, '0000-00-00 00:00:00', '0000-00-00 00:00:00', NULL, ''),
(181, 'Era HDPE Coupling 110mm 4"', NULL, 67, NULL, 1918.00, 1918.00, 2685.20, 2877.00, NULL, '', NULL, NULL, NULL, NULL, NULL, NULL, NULL, NULL, NULL, NULL, 0, 0, 1, 0, NULL, 0, '0000-00-00 00:00:00', '0000-00-00 00:00:00', NULL, ''),
(182, 'Era HDPE Tee 20mm 0.5"', NULL, 64, NULL, 48.30, 48.30, 67.62, 72.45, NULL, '', NULL, NULL, NULL, NULL, NULL, NULL, NULL, NULL, NULL, NULL, 0, 0, 1, 0, NULL, 0, '0000-00-00 00:00:00', '0000-00-00 00:00:00', NULL, ''),
(183, 'Era HDPE Tee 25mm 0.75"', NULL, 64, NULL, 65.10, 65.10, 91.14, 97.65, NULL, '', NULL, NULL, NULL, NULL, NULL, NULL, NULL, NULL, NULL, NULL, 0, 0, 1, 0, NULL, 0, '0000-00-00 00:00:00', '0000-00-00 00:00:00', NULL, ''),
(184, 'Era HDPE Tee 32mm 1"', NULL, 64, NULL, 88.20, 88.20, 123.48, 132.30, NULL, '', NULL, NULL, NULL, NULL, NULL, NULL, NULL, NULL, NULL, NULL, 0, 0, 1, 0, NULL, 0, '0000-00-00 00:00:00', '0000-00-00 00:00:00', NULL, ''),
(185, 'Era HDPE Tee 40mm 1.25"', NULL, 64, NULL, 252.00, 252.00, 352.80, 378.00, NULL, '', NULL, NULL, NULL, NULL, NULL, NULL, NULL, NULL, NULL, NULL, 0, 0, 1, 0, NULL, 0, '0000-00-00 00:00:00', '0000-00-00 00:00:00', NULL, ''),
(186, 'Era HDPE Tee 50mm 1.5"', NULL, 64, NULL, 435.00, 435.00, 609.00, 652.50, NULL, '', NULL, NULL, NULL, NULL, NULL, NULL, NULL, NULL, NULL, NULL, 0, 0, 1, 0, NULL, 0, '0000-00-00 00:00:00', '0000-00-00 00:00:00', NULL, ''),
(187, 'Era HDPE Tee 63mm 2"', NULL, 64, NULL, 578.00, 578.00, 809.20, 867.00, NULL, '', NULL, NULL, NULL, NULL, NULL, NULL, NULL, NULL, NULL, NULL, 0, 0, 1, 0, NULL, 0, '0000-00-00 00:00:00', '0000-00-00 00:00:00', NULL, ''),
(188, 'Era HDPE Tee 75mm 2.5"', NULL, 64, NULL, 1426.00, 1426.00, 1996.40, 2139.00, NULL, '', NULL, NULL, NULL, NULL, NULL, NULL, NULL, NULL, NULL, NULL, 0, 0, 1, 0, NULL, 0, '0000-00-00 00:00:00', '0000-00-00 00:00:00', NULL, ''),
(189, 'Era HDPE Tee 90mm 3"', NULL, 64, NULL, 1960.00, 1960.00, 2744.00, 2940.00, NULL, '', NULL, NULL, NULL, NULL, NULL, NULL, NULL, NULL, NULL, NULL, 0, 0, 1, 0, NULL, 0, '0000-00-00 00:00:00', '0000-00-00 00:00:00', NULL, ''),
(190, 'Era HDPE Tee 110mm 4"', NULL, 64, NULL, 2500.00, 2500.00, 3500.00, 3750.00, NULL, '', NULL, NULL, NULL, NULL, NULL, NULL, NULL, NULL, NULL, NULL, 0, 0, 1, 0, NULL, 0, '0000-00-00 00:00:00', '0000-00-00 00:00:00', NULL, ''),
(191, 'Era HDPE Elbow 20mm 0.5"', NULL, 63, NULL, 5.32, 34.30, 48.02, 51.45, NULL, '', NULL, NULL, NULL, NULL, NULL, NULL, NULL, NULL, NULL, NULL, 0, 0, 1, 0, NULL, 0, '0000-00-00 00:00:00', '0000-00-00 00:00:00', NULL, ''),
(192, 'Era HDPE Elbow 25mm 0.75"', NULL, 63, NULL, 50.40, 50.40, 70.56, 75.60, NULL, '', NULL, NULL, NULL, NULL, NULL, NULL, NULL, NULL, NULL, NULL, 0, 0, 1, 0, NULL, 0, '0000-00-00 00:00:00', '0000-00-00 00:00:00', NULL, ''),
(193, 'Era HDPE Elbow 32mm 1"', NULL, 63, NULL, 70.00, 70.00, 98.00, 105.00, NULL, '', NULL, NULL, NULL, NULL, NULL, NULL, NULL, NULL, NULL, NULL, 0, 0, 1, 0, NULL, 0, '0000-00-00 00:00:00', '0000-00-00 00:00:00', NULL, ''),
(194, 'Era HDPE Elbow 40mm 1.25"', NULL, 63, NULL, 163.10, 163.10, 228.34, 244.65, NULL, '', NULL, NULL, NULL, NULL, NULL, NULL, NULL, NULL, NULL, NULL, 0, 0, 1, 0, NULL, 0, '0000-00-00 00:00:00', '0000-00-00 00:00:00', NULL, ''),
(195, 'Era HDPE Elbow 50mm 1.5"', NULL, 63, NULL, 313.00, 313.00, 438.20, 469.50, NULL, '', NULL, NULL, NULL, NULL, NULL, NULL, NULL, NULL, NULL, NULL, 0, 0, 1, 0, NULL, 0, '0000-00-00 00:00:00', '0000-00-00 00:00:00', NULL, ''),
(196, 'Era HDPE Elbow 63mm 2"', NULL, 63, NULL, 404.00, 404.00, 565.60, 606.00, NULL, '', NULL, NULL, NULL, NULL, NULL, NULL, NULL, NULL, NULL, NULL, 0, 0, 1, 0, NULL, 0, '0000-00-00 00:00:00', '0000-00-00 00:00:00', NULL, ''),
(197, 'Era HDPE Elbow 75mm 2.5"', NULL, 63, NULL, 990.00, 990.00, 1386.00, 1485.00, NULL, '', NULL, NULL, NULL, NULL, NULL, NULL, NULL, NULL, NULL, NULL, 0, 0, 1, 0, NULL, 0, '0000-00-00 00:00:00', '0000-00-00 00:00:00', NULL, ''),
(198, 'Era HDPE Elbow 90mm 3"', NULL, 63, NULL, 1338.00, 1338.00, 1873.20, 2007.00, NULL, '', NULL, NULL, NULL, NULL, NULL, NULL, NULL, NULL, NULL, NULL, 0, 0, 1, 0, NULL, 0, '0000-00-00 00:00:00', '0000-00-00 00:00:00', NULL, ''),
(199, 'Era HDPE Elbow 110mm 4"', NULL, 63, NULL, 2091.00, 2091.00, 2927.40, 3136.50, NULL, '', NULL, NULL, NULL, NULL, NULL, NULL, NULL, NULL, NULL, NULL, 0, 0, 1, 0, NULL, 0, '0000-00-00 00:00:00', '0000-00-00 00:00:00', NULL, ''),
(200, 'Era HDPE Female Tee 20mm 0.5"', NULL, 55, NULL, 56.53, 39.90, 55.86, 59.85, NULL, '', NULL, NULL, NULL, NULL, NULL, NULL, NULL, NULL, NULL, NULL, 0, 0, 1, 0, NULL, 0, '0000-00-00 00:00:00', '0000-00-00 00:00:00', NULL, ''),
(201, 'Era HDPE Female Tee 25mm 0.75"', NULL, 55, NULL, 42.70, 42.70, 59.78, 64.05, NULL, '', NULL, NULL, NULL, NULL, NULL, NULL, NULL, NULL, NULL, NULL, 0, 0, 1, 0, NULL, 0, '0000-00-00 00:00:00', '0000-00-00 00:00:00', NULL, ''),
(202, 'Era HDPE Female Tee 32mm 1"', NULL, 55, NULL, 69.30, 69.30, 97.02, 103.95, NULL, '', NULL, NULL, NULL, NULL, NULL, NULL, NULL, NULL, NULL, NULL, 0, 0, 1, 0, NULL, 0, '0000-00-00 00:00:00', '0000-00-00 00:00:00', NULL, ''),
(203, 'Era HDPE Female Tee 40mm 1.25"', NULL, 55, NULL, 140.00, 140.00, 196.00, 210.00, NULL, '', NULL, NULL, NULL, NULL, NULL, NULL, NULL, NULL, NULL, NULL, 0, 0, 1, 0, NULL, 0, '0000-00-00 00:00:00', '0000-00-00 00:00:00', NULL, ''),
(204, 'Era HDPE Female Tee 50mm 1.5"', NULL, 55, NULL, 329.00, 329.00, 460.60, 493.50, NULL, '', NULL, NULL, NULL, NULL, NULL, NULL, NULL, NULL, NULL, NULL, 0, 0, 1, 0, NULL, 0, '0000-00-00 00:00:00', '0000-00-00 00:00:00', NULL, ''),
(205, 'Era HDPE Female Tee 63mm 2"', NULL, 55, NULL, 470.00, 470.00, 658.00, 705.00, NULL, '', NULL, NULL, NULL, NULL, NULL, NULL, NULL, NULL, NULL, NULL, 0, 0, 1, 0, NULL, 0, '0000-00-00 00:00:00', '0000-00-00 00:00:00', NULL, ''),
(206, 'Era HDPE Female Tee 75mm 2.5"', NULL, 55, NULL, 1038.00, 1038.00, 1453.20, 1557.00, NULL, '', NULL, NULL, NULL, NULL, NULL, NULL, NULL, NULL, NULL, NULL, 0, 0, 1, 0, NULL, 0, '0000-00-00 00:00:00', '0000-00-00 00:00:00', NULL, ''),
(207, 'Era HDPE Female Tee 90mm 3"', NULL, 55, NULL, 1387.00, 1387.00, 1941.80, 2080.50, NULL, '', NULL, NULL, NULL, NULL, NULL, NULL, NULL, NULL, NULL, NULL, 0, 0, 1, 0, NULL, 0, '0000-00-00 00:00:00', '0000-00-00 00:00:00', NULL, ''),
(208, 'Era HDPE Female Tee 110mm 4"', NULL, 55, NULL, 1968.00, 1968.00, 2755.20, 2952.00, NULL, '', NULL, NULL, NULL, NULL, NULL, NULL, NULL, NULL, NULL, NULL, 0, 0, 1, 0, NULL, 0, '0000-00-00 00:00:00', '0000-00-00 00:00:00', NULL, ''),
(209, 'Era HDPE Male Adapter 20mm 0.5"', NULL, 62, NULL, 81.80, 18.90, 37.80, 40.50, NULL, '', NULL, NULL, NULL, NULL, NULL, NULL, NULL, NULL, NULL, NULL, 0, 0, 1, 0, NULL, 0, '0000-00-00 00:00:00', '0000-00-00 00:00:00', NULL, ''),
(210, 'Era HDPE Male Adapter 25mm 0.75"', NULL, 62, NULL, 25.90, 25.90, 51.80, 55.50, NULL, '', NULL, NULL, NULL, NULL, NULL, NULL, NULL, NULL, NULL, NULL, 0, 0, 1, 0, NULL, 0, '0000-00-00 00:00:00', '0000-00-00 00:00:00', NULL, ''),
(211, 'Era HDPE Male Adapter 32mm 1"', NULL, 62, NULL, 37.10, 37.10, 74.20, 79.50, NULL, '', NULL, NULL, NULL, NULL, NULL, NULL, NULL, NULL, NULL, NULL, 0, 0, 1, 0, NULL, 0, '0000-00-00 00:00:00', '0000-00-00 00:00:00', NULL, ''),
(212, 'Era HDPE Male Adapter 40mm 1.25"', NULL, 62, NULL, 86.80, 86.80, 173.60, 186.00, NULL, '', NULL, NULL, NULL, NULL, NULL, NULL, NULL, NULL, NULL, NULL, 0, 0, 1, 0, NULL, 0, '0000-00-00 00:00:00', '0000-00-00 00:00:00', NULL, ''),
(213, 'Era HDPE Male Adapter 50mm 1.5"', NULL, 62, NULL, 151.00, 151.00, 211.40, 226.50, NULL, '', NULL, NULL, NULL, NULL, NULL, NULL, NULL, NULL, NULL, NULL, 0, 0, 1, 0, NULL, 0, '0000-00-00 00:00:00', '0000-00-00 00:00:00', NULL, ''),
(214, 'Era HDPE Male Adapter 63mm 2"', NULL, 62, NULL, 222.00, 222.00, 310.80, 333.00, NULL, '', NULL, NULL, NULL, NULL, NULL, NULL, NULL, NULL, NULL, NULL, 0, 0, 1, 0, NULL, 0, '0000-00-00 00:00:00', '0000-00-00 00:00:00', NULL, ''),
(215, 'Era HDPE Male Adapter 75mm 2.5"', NULL, 62, NULL, 466.00, 466.00, 652.40, 699.00, NULL, '', NULL, NULL, NULL, NULL, NULL, NULL, NULL, NULL, NULL, NULL, 0, 0, 1, 0, NULL, 0, '0000-00-00 00:00:00', '0000-00-00 00:00:00', NULL, ''),
(216, 'Era HDPE Male Adapter 90mm 3"', NULL, 62, NULL, 908.00, 908.00, 1271.20, 1362.00, NULL, '', NULL, NULL, NULL, NULL, NULL, NULL, NULL, NULL, NULL, NULL, 0, 0, 1, 0, NULL, 0, '0000-00-00 00:00:00', '0000-00-00 00:00:00', NULL, ''),
(217, 'Era HDPE Male Adapter 110mm 4"', NULL, 62, NULL, 1261.00, 1261.00, 1765.40, 1891.50, NULL, '', NULL, NULL, NULL, NULL, NULL, NULL, NULL, NULL, NULL, NULL, 0, 0, 1, 0, NULL, 0, '0000-00-00 00:00:00', '0000-00-00 00:00:00', NULL, ''),
(218, 'Era HDPE Female Threaded Adapter 20mm 0.5"', NULL, 56, NULL, 19.60, 19.60, 27.44, 29.40, NULL, '', NULL, NULL, NULL, NULL, NULL, NULL, NULL, NULL, NULL, NULL, 0, 0, 1, 0, NULL, 0, '0000-00-00 00:00:00', '0000-00-00 00:00:00', NULL, ''),
(219, 'Era HDPE Female Threaded Adapter 25mm 0.75"', NULL, 56, NULL, 28.70, 28.70, 40.18, 43.05, NULL, '', NULL, NULL, NULL, NULL, NULL, NULL, NULL, NULL, NULL, NULL, 0, 0, 1, 0, NULL, 0, '0000-00-00 00:00:00', '0000-00-00 00:00:00', NULL, ''),
(220, 'Era HDPE Female Threaded Adapter 32mm 1"', NULL, 56, NULL, 43.40, 43.40, 60.76, 65.10, NULL, '', NULL, NULL, NULL, NULL, NULL, NULL, NULL, NULL, NULL, NULL, 0, 0, 1, 0, NULL, 0, '0000-00-00 00:00:00', '0000-00-00 00:00:00', NULL, ''),
(221, 'Era HDPE Female Threaded Adapter 40mm 1.25"', NULL, 56, NULL, 67.90, 67.90, 95.06, 101.85, NULL, '', NULL, NULL, NULL, NULL, NULL, NULL, NULL, NULL, NULL, NULL, 0, 0, 1, 0, NULL, 0, '0000-00-00 00:00:00', '0000-00-00 00:00:00', NULL, ''),
(222, 'Era HDPE Female Threaded Adapter 50mm 1.5"', NULL, 56, NULL, 181.00, 181.00, 253.40, 271.50, NULL, '', NULL, NULL, NULL, NULL, NULL, NULL, NULL, NULL, NULL, NULL, 0, 0, 1, 0, NULL, 0, '0000-00-00 00:00:00', '0000-00-00 00:00:00', NULL, ''),
(223, 'Era HDPE Female Threaded Adapter 63mm 2"', NULL, 56, NULL, 312.00, 312.00, 436.80, 468.00, NULL, '', NULL, NULL, NULL, NULL, NULL, NULL, NULL, NULL, NULL, NULL, 0, 0, 1, 0, NULL, 0, '0000-00-00 00:00:00', '0000-00-00 00:00:00', NULL, ''),
(224, 'Era HDPE Female Threaded Adapter 75mm 2.5"', NULL, 56, NULL, 528.00, 528.00, 739.20, 792.00, NULL, '', NULL, NULL, NULL, NULL, NULL, NULL, NULL, NULL, NULL, NULL, 0, 0, 1, 0, NULL, 0, '0000-00-00 00:00:00', '0000-00-00 00:00:00', NULL, ''),
(225, 'Era HDPE Female Threaded Adapter 90mm 3"', NULL, 56, NULL, 1255.00, 1255.00, 1757.00, 1882.50, NULL, '', NULL, NULL, NULL, NULL, NULL, NULL, NULL, NULL, NULL, NULL, 0, 0, 1, 0, NULL, 0, '0000-00-00 00:00:00', '0000-00-00 00:00:00', NULL, ''),
(226, 'Era HDPE Female Threaded Adapter 110mm 4"', NULL, 56, NULL, 1450.00, 1450.00, 2030.00, 2175.00, NULL, '', NULL, NULL, NULL, NULL, NULL, NULL, NULL, NULL, NULL, NULL, 0, 0, 1, 0, NULL, 0, '0000-00-00 00:00:00', '0000-00-00 00:00:00', NULL, ''),
(227, 'Era HDPE Female Elbow 20mm 0.5"', NULL, 57, NULL, 58.52, 36.00, 50.40, 54.00, NULL, '', NULL, NULL, NULL, NULL, NULL, NULL, NULL, NULL, NULL, NULL, 0, 0, 1, 0, NULL, 0, '0000-00-00 00:00:00', '0000-00-00 00:00:00', NULL, ''),
(228, 'Era HDPE Female Elbow 25mm 0.75"', NULL, 57, NULL, 50.00, 50.00, 70.00, 75.00, NULL, '', NULL, NULL, NULL, NULL, NULL, NULL, NULL, NULL, NULL, NULL, 0, 0, 1, 0, NULL, 0, '0000-00-00 00:00:00', '0000-00-00 00:00:00', NULL, ''),
(229, 'Era HDPE Female Elbow 32mm 1"', NULL, 57, NULL, 75.00, 75.00, 105.00, 112.50, NULL, '', NULL, NULL, NULL, NULL, NULL, NULL, NULL, NULL, NULL, NULL, 0, 0, 1, 0, NULL, 0, '0000-00-00 00:00:00', '0000-00-00 00:00:00', NULL, ''),
(230, 'Era HDPE Female Elbow 40mm 1.25"', NULL, 57, NULL, 150.00, 150.00, 210.00, 225.00, NULL, '', NULL, NULL, NULL, NULL, NULL, NULL, NULL, NULL, NULL, NULL, 0, 0, 1, 0, NULL, 0, '0000-00-00 00:00:00', '0000-00-00 00:00:00', NULL, ''),
(231, 'Era HDPE Female Elbow 50mm 1.5"', NULL, 57, NULL, 216.00, 216.00, 302.40, 324.00, NULL, '', NULL, NULL, NULL, NULL, NULL, NULL, NULL, NULL, NULL, NULL, 0, 0, 1, 0, NULL, 0, '0000-00-00 00:00:00', '0000-00-00 00:00:00', NULL, ''),
(232, 'Era HDPE Female Elbow 63mm 2"', NULL, 57, NULL, 333.00, 333.00, 466.20, 499.50, NULL, '', NULL, NULL, NULL, NULL, NULL, NULL, NULL, NULL, NULL, NULL, 0, 0, 1, 0, NULL, 0, '0000-00-00 00:00:00', '0000-00-00 00:00:00', NULL, ''),
(233, 'Era HDPE Female Elbow 75mm 2.5"', NULL, 57, NULL, 654.00, 654.00, 915.60, 981.00, NULL, '', NULL, NULL, NULL, NULL, NULL, NULL, NULL, NULL, NULL, NULL, 0, 0, 1, 0, NULL, 0, '0000-00-00 00:00:00', '0000-00-00 00:00:00', NULL, ''),
(234, 'Era HDPE Female Elbow 90mm 3"', NULL, 57, NULL, 1644.00, 1644.00, 2301.60, 2466.00, NULL, '', NULL, NULL, NULL, NULL, NULL, NULL, NULL, NULL, NULL, NULL, 0, 0, 1, 0, NULL, 0, '0000-00-00 00:00:00', '0000-00-00 00:00:00', NULL, ''),
(235, 'Era HDPE Female Elbow 110mm 4"', NULL, 57, NULL, 1920.00, 1920.00, 2688.00, 2880.00, NULL, '', NULL, NULL, NULL, NULL, NULL, NULL, NULL, NULL, NULL, NULL, 0, 0, 1, 0, NULL, 0, '0000-00-00 00:00:00', '0000-00-00 00:00:00', NULL, ''),
(236, 'Era HDPE Male Tee 20mm 0.5"', NULL, 59, NULL, 38.50, 38.50, 77.00, 82.50, NULL, '', NULL, NULL, NULL, NULL, NULL, NULL, NULL, NULL, NULL, NULL, 0, 0, 1, 0, NULL, 0, '0000-00-00 00:00:00', '0000-00-00 00:00:00', NULL, ''),
(237, 'Era HDPE Male Tee 25mm 0.75"', NULL, 59, NULL, 42.70, 42.70, 85.40, 91.50, NULL, '', NULL, NULL, NULL, NULL, NULL, NULL, NULL, NULL, NULL, NULL, 0, 0, 1, 0, NULL, 0, '0000-00-00 00:00:00', '0000-00-00 00:00:00', NULL, ''),
(238, 'Era HDPE Male Tee 32mm 1"', NULL, 59, NULL, 69.30, 69.30, 138.60, 148.50, NULL, '', NULL, NULL, NULL, NULL, NULL, NULL, NULL, NULL, NULL, NULL, 0, 0, 1, 0, NULL, 0, '0000-00-00 00:00:00', '0000-00-00 00:00:00', NULL, ''),
(239, 'Era HDPE Male Tee 40mm 1.25"', NULL, 59, NULL, 166.60, 166.60, 333.20, 357.00, NULL, '', NULL, NULL, NULL, NULL, NULL, NULL, NULL, NULL, NULL, NULL, 0, 0, 1, 0, NULL, 0, '0000-00-00 00:00:00', '0000-00-00 00:00:00', NULL, ''),
(240, 'Era HDPE Male Tee 50mm 1.5"', NULL, 59, NULL, 349.00, 349.00, 488.60, 523.50, NULL, '', NULL, NULL, NULL, NULL, NULL, NULL, NULL, NULL, NULL, NULL, 0, 0, 1, 0, NULL, 0, '0000-00-00 00:00:00', '0000-00-00 00:00:00', NULL, ''),
(241, 'Era HDPE Male Tee 63mm 2"', NULL, 59, NULL, 247.00, 247.00, 345.80, 370.50, NULL, '', NULL, NULL, NULL, NULL, NULL, NULL, NULL, NULL, NULL, NULL, 0, 0, 1, 0, NULL, 0, '0000-00-00 00:00:00', '0000-00-00 00:00:00', NULL, ''),
(242, 'Era HDPE Male Tee 75mm 2.5"', NULL, 59, NULL, 1086.00, 1086.00, 1520.40, 1629.00, NULL, '', NULL, NULL, NULL, NULL, NULL, NULL, NULL, NULL, NULL, NULL, 0, 0, 1, 0, NULL, 0, '0000-00-00 00:00:00', '0000-00-00 00:00:00', NULL, ''),
(243, 'Era HDPE Male Tee 90mm 3"', NULL, 59, NULL, 1328.00, 1328.00, 1859.20, 1992.00, NULL, '', NULL, NULL, NULL, NULL, NULL, NULL, NULL, NULL, NULL, NULL, 0, 0, 1, 0, NULL, 0, '0000-00-00 00:00:00', '0000-00-00 00:00:00', NULL, ''),
(244, 'Era HDPE Male Tee 110mm 4"', NULL, 59, NULL, 1968.00, 1968.00, 2755.20, 2952.00, NULL, '', NULL, NULL, NULL, NULL, NULL, NULL, NULL, NULL, NULL, NULL, 0, 0, 1, 0, NULL, 0, '0000-00-00 00:00:00', '0000-00-00 00:00:00', NULL, ''),
(245, 'Saer Stainless Pump 0.5 HP M-94 +S&G', NULL, 40, NULL, 7790.00, 7790.00, 7790.00, 7790.00, NULL, '', NULL, '', '', '', '', '', '', '', '', '', 0, 0, 1, 0, '', 0, '0000-00-00 00:00:00', '0000-00-00 00:00:00', NULL, ''),
(246, 'Saer Stainless Pump 0.75 HP M-97 +S&G', NULL, 40, NULL, 8390.00, 8390.00, 8390.00, 8390.00, NULL, '', NULL, '', '', '', '', '', '', '', '', '', 0, 0, 1, 0, '', 0, '0000-00-00 00:00:00', '0000-00-00 00:00:00', NULL, ''),
(247, 'Saer Stainless Pump 1 HP M-99 +S&G', NULL, 40, NULL, 8450.00, 8450.00, 8450.00, 8450.00, NULL, '', NULL, '', '', '', '', '', '', '', '', '', 0, 0, 1, 0, '', 0, '0000-00-00 00:00:00', '0000-00-00 00:00:00', NULL, ''),
(248, 'Saer Booster Pump 0.5 HP SR50S +S&G', NULL, 40, NULL, 7790.00, 7790.00, 7790.00, 7790.00, NULL, '', NULL, '', '', '', '', '', '', '', '', '', 0, 0, 1, 0, '', 0, '0000-00-00 00:00:00', '0000-00-00 00:00:00', NULL, ''),
(249, 'Saer Booster Pump 0.75 HP SR75S +S&G', NULL, 40, NULL, 8390.00, 8390.00, 8390.00, 8390.00, NULL, '', NULL, '', '', '', '', '', '', '', '', '', 0, 0, 1, 0, '', 0, '0000-00-00 00:00:00', '0000-00-00 00:00:00', NULL, ''),
(250, 'Saer Booster Pump 1 HP SR100S +S&G', NULL, 40, NULL, 6422.00, 6422.00, 0.00, 8000.00, NULL, 'Saer Booster Pump 1 HP SR100S +S&G', NULL, '', '', '', '', '', '', '', '', '', 0, 0, 1, 0, '', 0, '0000-00-00 00:00:00', '0000-00-00 00:00:00', NULL, ''),
(251, 'Saer Convertible Pump 1.5 HP SR150C +S&G', NULL, 40, NULL, 12510.00, 12510.00, 0.00, 16460.00, NULL, 'Saer Convertible Pump 1.5 HP SR150C +S&G', NULL, '', '', '', '', '', '', '', '', '', 0, 0, 1, 0, '', 0, '0000-00-00 00:00:00', '0000-00-00 00:00:00', NULL, '');
INSERT INTO `product` (`id`, `name`, `brand_id`, `producttype_id`, `qty`, `minbuyprice`, `maxbuyprice`, `minsellprice`, `maxsellprice`, `baseprice`, `description`, `code`, `spec1`, `spec2`, `spec3`, `spec4`, `spec5`, `spec6`, `spec7`, `spec8`, `spec9`, `is_hidden`, `autocalcsellprice`, `autocalcbuyprice`, `monitored`, `barcode`, `is_service`, `created_at`, `updated_at`, `competitor_price`, `notes`) VALUES
(252, 'Saer Convertible Pump 2 HP SR200C +S&G', NULL, 40, NULL, 14060.00, 14060.00, 0.00, 18500.00, NULL, 'Saer Convertible Pump 2 HP SR200C +S&G', NULL, '', '', '', '', '', '', '', '', '', 0, 0, 1, 0, '', 0, '0000-00-00 00:00:00', '0000-00-00 00:00:00', NULL, ''),
(253, 'Saer Deepwell Pump 0.5 HP SR50D +S&G', NULL, 40, NULL, 9560.00, 9560.00, 9560.00, 9560.00, NULL, '', NULL, '', '', '', '', '', '', '', '', '', 0, 0, 1, 0, '', 0, '0000-00-00 00:00:00', '0000-00-00 00:00:00', NULL, ''),
(254, 'Saer Deepwell Pump 0.75 HP SR75D +S&G', NULL, 40, NULL, 9990.00, 9990.00, 9990.00, 9990.00, NULL, '', NULL, '', '', '', '', '', '', '', '', '', 0, 0, 1, 0, '', 0, '0000-00-00 00:00:00', '0000-00-00 00:00:00', NULL, ''),
(255, 'Saer Deepwell Pump 1 HP SR100D +S&G', NULL, 40, NULL, 7965.00, 7965.00, 0.00, 10800.00, NULL, 'Saer Deepwell Pump 1 HP SR100D +S&G', NULL, '', '', '', '', '', '', '', '', '', 0, 0, 1, 0, '', 0, '0000-00-00 00:00:00', '0000-00-00 00:00:00', NULL, ''),
(256, 'Kawasaki Power Sprayer Hose 1m', NULL, 37, NULL, 14.80, 14.80, 35.00, 35.00, NULL, '', NULL, '', '', '', '', '', '', '', '', '', 0, 0, 1, 0, '', 0, '0000-00-00 00:00:00', '0000-00-00 00:00:00', NULL, ''),
(257, 'Fujihama Duct Hose 2" 1m', NULL, 37, NULL, 18.00, 18.00, 30.60, 32.40, NULL, '', NULL, '', '', '', '', '', '', '', '', '', 0, 0, 1, 0, '', 0, '0000-00-00 00:00:00', '0000-00-00 00:00:00', NULL, ''),
(258, 'Fujihama Duct Hose 3" 1m', NULL, 37, NULL, 28.00, 28.00, 47.60, 50.40, NULL, '', NULL, '', '', '', '', '', '', '', '', '', 0, 0, 1, 0, '', 0, '0000-00-00 00:00:00', '0000-00-00 00:00:00', NULL, ''),
(259, 'MAqua 1HP water pump', NULL, 40, NULL, 1900.00, 2000.00, 0.00, 3200.00, NULL, 'M-Aqua 1HP water pump', NULL, '', '', '', '', '', '', '', '', '', 0, 0, 1, 0, '', 0, '0000-00-00 00:00:00', '0000-00-00 00:00:00', NULL, ''),
(260, 'Cavalier 1 HP Stainless Head JPS100L', NULL, 40, NULL, 2545.00, 2545.00, 0.00, 3900.00, NULL, 'Cavalier 1 HP Stainless Head JPS100L', NULL, '', '', '', '', '', '', '', '', '', 0, 0, 1, 0, '', 0, '0000-00-00 00:00:00', '0000-00-00 00:00:00', NULL, ''),
(261, 'Innova Centrifugal Pump 2HP NVC15', NULL, 40, NULL, 4000.00, 4000.00, 5600.00, 6000.00, NULL, '', NULL, '', '', '', '', '', '', '', '', '', 0, 0, 1, 0, '', 0, '0000-00-00 00:00:00', '0000-00-00 00:00:00', NULL, ''),
(262, 'Robin Engine EY20 5HP Gasoline', NULL, 47, NULL, 8500.00, 8500.00, 12750.00, 17000.00, NULL, 'Robin Engine EY20 5HP Gasoline', NULL, '', '', '', '', '', '', '', '', '', 0, 0, 1, 0, '', 0, '0000-00-00 00:00:00', '0000-00-00 00:00:00', NULL, ''),
(263, 'Berkeley Pump 0.5HP M-5HD', NULL, 40, NULL, 8500.00, 8500.00, 11900.00, 12750.00, NULL, '', NULL, '', '', '', '', '', '', '', '', '', 0, 0, 1, 0, '', 0, '0000-00-00 00:00:00', '0000-00-00 00:00:00', NULL, ''),
(264, 'Berkeley Pump 0.75HP M-7HD', NULL, 40, NULL, 12000.00, 12000.00, 16800.00, 18000.00, NULL, '', NULL, '', '', '', '', '', '', '', '', '', 0, 0, 1, 0, '', 0, '0000-00-00 00:00:00', '0000-00-00 00:00:00', NULL, ''),
(267, 'Yamada Pressure Switch for home pump (Malaysia)', NULL, 21, NULL, 700.00, 700.00, 1260.00, 1260.00, NULL, '', NULL, '', '', '', '', '', '', '', '', '', 0, 0, 1, 0, '', 0, '0000-00-00 00:00:00', '0000-00-00 00:00:00', NULL, ''),
(268, 'Mitsubishi Pressure Switch for Home Pump', NULL, 21, NULL, 700.00, 700.00, 1260.00, 1260.00, NULL, '', NULL, '', '', '', '', '', '', '', '', '', 0, 0, 1, 0, '', 0, '0000-00-00 00:00:00', '0000-00-00 00:00:00', NULL, ''),
(269, 'Goulds SJ15 1HP vertical set', NULL, 40, NULL, 26000.00, 26000.00, 0.00, 32500.00, NULL, 'Goulds SJ15 1HP vertical set', NULL, '', '', '', '', '', '', '', '', '', 0, 0, 1, 0, '', 0, '0000-00-00 00:00:00', '0000-00-00 00:00:00', NULL, ''),
(270, 'GI Elbow 0.25"', NULL, 88, NULL, 10.36, 10.36, 25.00, 40.00, NULL, '\r\nGI Elbow 0.25"', NULL, '', '', '', '', '', '', '', '', '', 0, 0, 1, 0, '', 0, '0000-00-00 00:00:00', '0000-00-00 00:00:00', NULL, ''),
(271, 'Supreme Tank 42 gals., SS-304#16', NULL, 41, NULL, 0.00, 0.00, 0.00, 6700.00, NULL, 'Supreme Tank 42 gals., SS-304#16', NULL, '', '', '', '', '', '', '', '', '', 0, 0, 1, 0, '', 0, '0000-00-00 00:00:00', '0000-00-00 00:00:00', NULL, NULL),
(272, 'Supreme Tank 82 gals., SS-304#16', NULL, 41, NULL, 0.00, 0.00, 0.00, 11500.00, NULL, 'Supreme Tank 82 gals., SS-304#16', NULL, '', '', '', '', '', '', '', '', '', 0, 0, 1, 0, '', 0, '0000-00-00 00:00:00', '0000-00-00 00:00:00', NULL, NULL),
(274, 'Coupled Stac PE45 + 21 Gals SS-304#16', NULL, 38, NULL, 0.00, 0.00, 0.00, 7000.00, NULL, 'Coupled Stac PE45 + 21 Gals SS-304#16', NULL, '', '', '', '', '', '', '', '', '', 0, 0, 1, 0, '', 0, '0000-00-00 00:00:00', '0000-00-00 00:00:00', NULL, NULL),
(275, 'Coupled Stac PE45 + 12 Gals SS-304#16', NULL, 38, NULL, 0.00, 0.00, 5500.00, 5500.00, NULL, 'Coupled Stac PE45 + 12 Gals SS-304#16', NULL, '', '', '', '', '', '', '', '', '', 0, 0, 1, 0, '', 0, '0000-00-00 00:00:00', '0000-00-00 00:00:00', NULL, NULL),
(276, 'Coupled Viva + 12 Gals SS-304#16', NULL, 38, NULL, 0.00, 0.00, 0.00, 6400.00, NULL, 'Coupled Viva + 12 Gals SS-304#16', NULL, '', '', '', '', '', '', '', '', '', 0, 0, 1, 0, '', 0, '0000-00-00 00:00:00', '0000-00-00 00:00:00', NULL, NULL),
(277, 'Coupled Viva + 21 Gals SS-304#16', NULL, 38, NULL, 0.00, 0.00, 0.00, 7900.00, NULL, 'Coupled Viva + 21 Gals SS-304#16', NULL, '', '', '', '', '', '', '', '', '', 0, 0, 1, 0, '', 0, '0000-00-00 00:00:00', '0000-00-00 00:00:00', NULL, NULL),
(278, 'Coupled Stac PE45 + Bladder Tank Horiz 6 Gals', NULL, 38, NULL, 0.00, 0.00, 0.00, 5300.00, NULL, 'coupled Stace PE45 + Bladder Tank Horiz 6 Gals', NULL, '', '', '', '', '', '', '', '', '', 0, 0, 1, 0, '', 0, '0000-00-00 00:00:00', '0000-00-00 00:00:00', NULL, NULL),
(279, 'Coupled Viva + Dynaflo Bladder PWN24L Horiz 6 Gals', NULL, 38, NULL, 0.00, 0.00, 0.00, 6200.00, NULL, 'coupled Viva + Bladder Tank Horiz 6 Gals', NULL, '', '', '', '', '', '', '', '', '', 0, 0, 1, 0, '', 0, '0000-00-00 00:00:00', '0000-00-00 00:00:00', NULL, NULL),
(280, 'Tomsteel 42 gals., SS-304#16', NULL, 41, 1.00, 0.00, 0.00, 6800.00, 6800.00, NULL, 'Tomsteel 42 gals., SS-304#16', NULL, '', '', '', '', '', '', '', '', '', 0, 0, 1, 0, '', 0, '0000-00-00 00:00:00', '0000-00-00 00:00:00', NULL, NULL),
(281, 'Saer Deepwell Adapter 2"', NULL, 21, NULL, 550.00, 550.00, 0.00, 0.00, NULL, 'Saer Deepwell Adapter 2"', NULL, '', '', '', '', '', '', '', '', '', 0, 0, 1, 0, '', 0, '0000-00-00 00:00:00', '0000-00-00 00:00:00', NULL, NULL),
(282, 'Supreme Tank 120 gals., SS304#12', NULL, 41, NULL, 22000.00, 22000.00, 30000.00, 35000.00, NULL, 'Supreme Tank 120 gals., SS304#12', NULL, '', '', '', '', '', '', '', '', '', 0, 0, 1, 0, '', 0, '0000-00-00 00:00:00', '0000-00-00 00:00:00', NULL, NULL),
(283, 'Water Check Water Filter 20SL- Carbon FIlter', NULL, 21, NULL, 350.00, 350.00, 450.00, 450.00, NULL, 'Water Check Water Filter 20SL- Carbon FIlter', NULL, '', '', '', '', '', '', '', '', '', 0, 0, 1, 0, '', 0, '0000-00-00 00:00:00', '0000-00-00 00:00:00', NULL, NULL),
(284, 'Pure Prime Water Filter 20SL- Cotton FIlte', NULL, 21, NULL, 200.00, 200.00, 250.00, 350.00, NULL, 'Pure PRime Water Filter 20SL- Cotton FIlte', NULL, '', '', '', '', '', '', '', '', '', 0, 0, 1, 0, '', 0, '0000-00-00 00:00:00', '0000-00-00 00:00:00', NULL, NULL),
(285, 'Square D (Schneider) Pressure Switch 120 - 90 PSI', NULL, 21, NULL, 1600.00, 1600.00, 0.00, 2600.00, NULL, 'Square D (Schneider) Pressure Switch 120 - 90 PSI', NULL, '', '', '', '', '', '', '', '', '', 0, 0, 1, 0, '', 0, '0000-00-00 00:00:00', '0000-00-00 00:00:00', NULL, NULL),
(287, 'GI Bushing 1.25"x0.75"', NULL, 83, NULL, 17.20, 17.20, 23.00, 27.00, NULL, 'GI Bushing 1.25"x0.75"', NULL, '', '', '', '', '', '', '', '', '', 0, 0, 1, 0, '', 0, '0000-00-00 00:00:00', '0000-00-00 00:00:00', NULL, NULL),
(288, 'Montana Bladder Tank VT/19  Vertical 5 Gal', NULL, 41, NULL, 1750.00, 1750.00, 0.00, 2700.00, NULL, 'Montana Bladder Tank VT/19  Vertical 5 Gal', NULL, '', '', '', '', '', '', '', '', '', 0, 0, 1, 0, '', 0, '0000-00-00 00:00:00', '0000-00-00 00:00:00', NULL, NULL),
(289, 'Daichi Submersible Pump Dewatering D-0521 0.5HP 1Phase ', NULL, 40, NULL, 5000.00, 5000.00, 7250.00, 7500.00, NULL, 'Daichi Submersible Pump Dewatering D-0521 0.5HP 1Phase ', NULL, '', '', '', '', '', '', '', '', '', 0, 0, 1, 0, '', 0, '0000-00-00 00:00:00', '0000-00-00 00:00:00', NULL, NULL),
(290, 'AEG Water Heater Single Point BS35E 350  KW', NULL, 49, NULL, 4043.20, 4043.20, 0.00, 5800.00, NULL, 'AEG Single Point BS35E 350  KW', NULL, '', '', '', '', '', '', '', '', '', 0, 0, 1, 0, '', 0, '0000-00-00 00:00:00', '0000-00-00 00:00:00', NULL, NULL),
(291, 'Daichi Submersible Pump Sewage S-1021P 1HP 1Phase', NULL, 40, NULL, 8330.00, 6600.00, 0.00, 11400.00, NULL, 'Daichi Submersible Pump Sewage S-1021P 1HP 1Phase', NULL, '', '', '', '', '', '', '', '', '', 0, 0, 1, 0, '', 0, '0000-00-00 00:00:00', '0000-00-00 00:00:00', NULL, NULL),
(292, 'Torus HDPE Pipe SDR11 Per Meter Blue 0.5"', NULL, 70, NULL, 13.88, 13.88, 0.00, 18.00, NULL, '', NULL, 'Blue', '0.5', '', '', '', '', '', '', '', 0, 0, 1, 0, '', 0, '0000-00-00 00:00:00', '0000-00-00 00:00:00', NULL, NULL),
(293, 'Cleaning Gun PSP11 1.5 Ft Straign Gun Green', NULL, 21, NULL, 120.00, 0.00, 200.00, 200.00, NULL, 'Cleaning Gun PSP11 1.5 Ft Straign Gun Green', NULL, '', '', '', '', '', '', '', '', '', 0, 0, 1, 0, '', 0, '0000-00-00 00:00:00', '0000-00-00 00:00:00', NULL, NULL),
(294, 'Torus HDPE Pipe SDR11 Per Meter Blue 0.75"', NULL, 70, NULL, 22.00, 22.00, 35.00, 35.00, NULL, '', NULL, 'Blue', '0.75', '', '', '', '', '', '', '', 0, 0, 1, 0, '', 0, '0000-00-00 00:00:00', '0000-00-00 00:00:00', NULL, NULL),
(295, 'APC Automatic Pump Control', NULL, 21, NULL, 1300.00, 1300.00, 2300.00, 2300.00, NULL, 'APC Automatic Pump Control', NULL, '', '', '', '', '', '', '', '', '', 0, 0, 1, 0, '', 0, '0000-00-00 00:00:00', '0000-00-00 00:00:00', NULL, NULL),
(296, 'DISCOUNT', NULL, 43, NULL, 0.00, 0.00, 0.00, 0.00, NULL, 'DISCOUNT', NULL, '', '', '', '', '', '', '', '', '', 0, 0, 1, 0, '', 0, '0000-00-00 00:00:00', '0000-00-00 00:00:00', NULL, NULL),
(297, 'Goulds Deepwell Adapter 2"', NULL, 21, NULL, 0.00, 0.00, 0.00, 0.00, NULL, 'Goulds Deepwell Adapter 2"\r\n', NULL, '', '', '', '', '', '', '', '', '', 0, 0, 1, 0, '', 0, '0000-00-00 00:00:00', '0000-00-00 00:00:00', NULL, NULL),
(298, 'Goulds Ejector 2"', NULL, 21, NULL, 0.00, 0.00, 0.00, 1500.00, NULL, 'Goulds Ejector 2"', NULL, '', '', '', '', '', '', '', '', '', 0, 0, 1, 0, '', 0, '0000-00-00 00:00:00', '0000-00-00 00:00:00', NULL, NULL),
(299, 'Torus HDPE Pipe SDR11 Per Meter Black 0.5"', NULL, 70, NULL, 13.88, 13.88, 18.00, 18.00, NULL, '', NULL, 'Black', '0.5', '', '', '', '', '', '', '', 0, 0, 1, 0, '', 0, '0000-00-00 00:00:00', '0000-00-00 00:00:00', NULL, NULL),
(300, 'Era HDPE Male Elbow 20mm 0.5"', NULL, 61, NULL, 24.50, 24.50, 54.00, 54.00, NULL, 'Era HDPE Male Elbow 20mm 0.5"', NULL, '', '', '', '', '', '', '', '', '', 0, 0, 1, 0, '', 0, '0000-00-00 00:00:00', '0000-00-00 00:00:00', NULL, NULL),
(302, 'Fujihama Diesel Engine Pump set KCD50C 5HP 2"x2"', NULL, 47, NULL, 10500.00, 10500.00, 14700.00, 15750.00, NULL, 'Fujihama Diesel Engine Pump set KCD50C 5HP 2"x2"', NULL, '', '', '', '', '', '', '', '', '', 0, 0, 1, 0, '', 0, '0000-00-00 00:00:00', '0000-00-00 00:00:00', NULL, NULL),
(303, 'Fujihama Diesel Engine Pump set KCD80C 7HP 3"x3"', NULL, 47, NULL, 12500.00, 12500.00, 17500.00, 18750.00, NULL, ' Fujihama Diesel Engine Pump set KCD80C 7HP 3x3', NULL, '', '', '', '', '', '', '', '', '', 0, 0, 1, 0, '', 0, '0000-00-00 00:00:00', '0000-00-00 00:00:00', NULL, NULL),
(304, 'Spraying Nozzle Orange', NULL, 21, NULL, 100.00, 100.00, 200.00, 350.00, NULL, 'Spraying Nozzle Orange', NULL, '', '', '', '', '', '', '', '', '', 0, 0, 1, 0, '', 0, '0000-00-00 00:00:00', '0000-00-00 00:00:00', NULL, NULL),
(305, 'Travino Pressure Washer TPW2100A', NULL, 21, NULL, 3400.00, 3400.00, 0.00, 5000.00, NULL, 'Travino Pressure Washer TPW2100A', NULL, '', '', '', '', '', '', '', '', '', 0, 0, 1, 0, '', 0, '0000-00-00 00:00:00', '0000-00-00 00:00:00', NULL, NULL),
(306, 'Pulley 19mm 2 grooves', NULL, 21, NULL, 120.00, 120.00, 0.00, 0.00, NULL, 'Pulley 19mm 2 grooves', NULL, '', '', '', '', '', '', '', '', '', 0, 0, 1, 0, '', 0, '0000-00-00 00:00:00', '0000-00-00 00:00:00', NULL, NULL),
(307, 'DynaFlo Bladder Tank DF24H Horizontal 6 Gals', NULL, 41, NULL, 1850.00, 1850.00, 3.50, 3000.00, NULL, 'DynaFlo Bladder Tank DF24H Horizontal 6 Gals', NULL, '', '', '', '', '', '', '', '', '', 0, 0, 1, 0, '', 0, '0000-00-00 00:00:00', '0000-00-00 00:00:00', NULL, NULL),
(308, 'Fujihama GASOLINE ENGINE 6.5HP kc168F-2C Low Speed', NULL, 47, NULL, 4100.00, 0.00, 0.00, 8500.00, NULL, 'Fujihama GASOLINE ENGINE 6.5HP kc168F-2C Low Speed', NULL, '', '', '', '', '', '', '', '', '', 0, 0, 1, 0, '', 0, '0000-00-00 00:00:00', '0000-00-00 00:00:00', NULL, NULL),
(309, 'Torus HDPE Pipe SDR11 Per Meter Black 1"', NULL, 70, NULL, 35.70, 35.70, 45.00, 45.00, NULL, '', NULL, 'Black', '1', '', '', '', '', '', '', '', 0, 0, 1, 0, '', 0, '0000-00-00 00:00:00', '0000-00-00 00:00:00', NULL, NULL),
(310, 'Torus HDPE Pipe SDR11 Per Meter Blue 1"', NULL, 70, NULL, 35.70, 35.70, 45.00, 45.00, NULL, '', NULL, 'Blue', '1', '', '', '', '', '', '', '', 0, 0, 1, 0, '', 0, '0000-00-00 00:00:00', '0000-00-00 00:00:00', NULL, NULL),
(311, 'Torus HDPE Pipe SDR11 Per Meter Black 0.75"', NULL, 70, NULL, 22.00, 22.00, 35.00, 35.00, NULL, '', NULL, 'Black', '0.75', '', '', '', '', '', '', '', 0, 0, 1, 0, '', 0, '0000-00-00 00:00:00', '0000-00-00 00:00:00', NULL, NULL),
(312, 'Era HDPE Male Elbow 32mm 1"', NULL, 61, NULL, 44.10, 44.10, 63.00, 63.00, NULL, 'Era HDPE Male Elbow 32mm 1"', NULL, '', '', '', '', '', '', '', '', '', 0, 0, 1, 0, '', 0, '0000-00-00 00:00:00', '0000-00-00 00:00:00', NULL, NULL),
(313, 'Last One Capacitor 20MFD x 450VAC', NULL, 21, NULL, 130.00, 130.00, 390.00, 390.00, NULL, 'Last One Capacitor 20MFD x 450VAC', NULL, '', '', '', '', '', '', '', '', '', 0, 0, 1, 0, '', 0, '0000-00-00 00:00:00', '0000-00-00 00:00:00', NULL, NULL),
(314, 'Shaftseal 13mm', NULL, 21, NULL, 80.00, 80.00, 350.00, 350.00, NULL, 'Shaftseal 13mm', NULL, '', '', '', '', '', '', '', '', '', 0, 0, 1, 0, '', 0, '0000-00-00 00:00:00', '0000-00-00 00:00:00', NULL, NULL),
(315, 'NSK Bearing 6202 DDU', NULL, 21, NULL, 74.00, 0.00, 150.00, 150.00, NULL, 'NSK Bearing 6202 DDU', NULL, '', '', '', '', '', '', '', '', '', 0, 0, 1, 0, '', 0, '0000-00-00 00:00:00', '0000-00-00 00:00:00', NULL, NULL),
(316, 'KOYO Bearing 6202 Rubber', NULL, 21, NULL, 73.50, 73.50, 0.00, 220.00, NULL, 'KOYO Bearing 6202 Rubber', NULL, '', '', '', '', '', '', '', '', '', 0, 0, 1, 0, '', 0, '0000-00-00 00:00:00', '0000-00-00 00:00:00', NULL, NULL),
(317, 'Shaftseal 12mm', NULL, 21, NULL, 65.00, 65.00, 0.00, 195.00, NULL, 'Shaftseal 12mm', NULL, '', '', '', '', '', '', '', '', '', 0, 0, 1, 0, '', 0, '0000-00-00 00:00:00', '0000-00-00 00:00:00', NULL, NULL),
(318, 'Last One Capacitor 12.5 MFD x 450VAC', NULL, 21, NULL, 110.00, 110.00, 0.00, 330.00, NULL, ' \r\nLast One Capacitor 12.5 MFD x 450VAC', NULL, '', '', '', '', '', '', '', '', '', 0, 0, 1, 0, '', 0, '0000-00-00 00:00:00', '0000-00-00 00:00:00', NULL, NULL),
(319, 'NTN Bearing 6201ZZ', NULL, 21, NULL, 55.00, 55.00, 0.00, 165.00, NULL, 'NTN Bearing 6201ZZ', NULL, '', '', '', '', '', '', '', '', '', 0, 0, 1, 0, '', 0, '0000-00-00 00:00:00', '0000-00-00 00:00:00', NULL, NULL),
(320, 'NSK Bearing 6202 ZZ', NULL, 21, NULL, 60.00, 60.00, 0.00, 180.00, NULL, 'NSK Bearing 6202 ZZ', NULL, '', '', '', '', '', '', '', '', '', 0, 0, 1, 0, '', 0, '0000-00-00 00:00:00', '0000-00-00 00:00:00', NULL, NULL),
(321, 'Daichi Impeller s-1021P', NULL, 21, NULL, 1022.00, 1022.00, 1800.00, 2500.00, NULL, 'Daichi Impeller s-1021P', NULL, '', '', '', '', '', '', '', '', '', 0, 0, 1, 0, '', 0, '0000-00-00 00:00:00', '0000-00-00 00:00:00', NULL, NULL),
(322, 'VAT', NULL, 43, NULL, 0.00, 0.00, 60.00, 60.00, NULL, 'VAT', NULL, '', '', '', '', '', '', '', '', '', 0, 0, 1, 0, '', 0, '0000-00-00 00:00:00', '0000-00-00 00:00:00', NULL, NULL),
(323, 'GI Bushing 0.75" x 0.25"', NULL, 83, NULL, 6.96, 6.96, 13.00, 13.00, NULL, 'GI Bushing .75" x .25"', NULL, '', '', '', '', '', '', '', '', '', 0, 0, 1, 0, '', 0, '0000-00-00 00:00:00', '0000-00-00 00:00:00', NULL, NULL),
(324, 'Labor 1', NULL, 43, NULL, 0.00, 0.00, 700.00, 800.00, NULL, 'Labor', NULL, '', '', '', '', '', '', '', '', '', 0, 0, 1, 0, '', 1, '0000-00-00 00:00:00', '0000-00-00 00:00:00', NULL, NULL),
(325, 'Labor 2', NULL, 43, NULL, 0.00, 0.00, 600.00, 700.00, NULL, 'Labor 2', NULL, '', '', '', '', '', '', '', '', '', 0, 0, 1, 0, '', 1, '0000-00-00 00:00:00', '0000-00-00 00:00:00', NULL, NULL),
(326, 'Labor 3', NULL, 43, NULL, 0.00, 0.00, 3500.00, 3500.00, NULL, 'Labor 3', NULL, '', '', '', '', '', '', '', '', '', 0, 0, 1, 0, '', 1, '0000-00-00 00:00:00', '0000-00-00 00:00:00', NULL, NULL),
(327, 'Generic Back Plate for Booster Pump', NULL, 21, NULL, 0.00, 0.00, 600.00, 600.00, NULL, 'Generic Back Plate for Booster Pump', NULL, '', '', '', '', '', '', '', '', '', 0, 0, 1, 0, '', 0, '0000-00-00 00:00:00', '0000-00-00 00:00:00', NULL, NULL),
(328, 'Corrugated Suction Hose 3" 1m CH3', NULL, 21, NULL, 0.00, 0.00, 260.00, 260.00, NULL, 'Corrugated Suction Hose 3" 1m CH3', NULL, '', '', '', '', '', '', '', '', '', 0, 0, 1, 0, '', 0, '0000-00-00 00:00:00', '0000-00-00 00:00:00', NULL, NULL),
(329, 'Aquaflo Diapgragm Tank PC366B 450ltrs', NULL, 41, NULL, 28998.75, 28998.75, 38000.00, 38000.00, NULL, 'Aquaflo Diapgragm Tank PC366B 119Ltrs 450Gal', NULL, '', '', '', '', '', '', '', '', '', 0, 0, 1, 0, '', 0, '0000-00-00 00:00:00', '0000-00-00 00:00:00', NULL, NULL),
(330, 'Era HDPE Male Elbow 25mm 0.5"', NULL, 61, NULL, 33.60, 33.60, 0.00, 0.00, NULL, 'Era HDPE Male Elbow 25mm 0.5"', NULL, '', '', '', '', '', '', '', '', '', 0, 0, 1, 0, '', 0, '0000-00-00 00:00:00', '0000-00-00 00:00:00', NULL, NULL),
(331, 'Era HDPE Male Elbow 40mm 0.5"', NULL, 61, NULL, 102.90, 102.90, 0.00, 0.00, NULL, 'Era HDPE Male Elbow 40mm 0.5"', NULL, '', '', '', '', '', '', '', '', '', 0, 0, 1, 0, '', 0, '0000-00-00 00:00:00', '0000-00-00 00:00:00', NULL, NULL),
(332, 'BigLite LED 3W Daylight', NULL, 45, NULL, 40.00, 40.00, 0.00, 65.00, NULL, 'Big Lite LED 3W Daylight', NULL, '', '', '', '', '', '', '', '', '', 0, 0, 1, 0, '', 0, '0000-00-00 00:00:00', '0000-00-00 00:00:00', NULL, NULL),
(333, 'BigLite LED 3W Warm White', NULL, 45, NULL, 40.00, 40.00, 0.00, 65.00, NULL, 'Big Lite LED 3W Warm White', NULL, '', '', '', '', '', '', '', '', '', 0, 0, 1, 0, '', 0, '0000-00-00 00:00:00', '0000-00-00 00:00:00', NULL, NULL),
(334, 'BigLite LED 5W Daylight', NULL, 45, NULL, 60.00, 60.00, 85.00, 85.00, NULL, 'Big Lite LED 5W Daylight', NULL, '', '', '', '', '', '', '', '', '', 0, 0, 1, 0, '', 0, '0000-00-00 00:00:00', '0000-00-00 00:00:00', NULL, NULL),
(335, 'BigLite LED 5W Warm White', NULL, 45, NULL, 60.00, 60.00, 0.00, 85.00, NULL, 'BigLite LED 5W Warm White', NULL, '', '', '', '', '', '', '', '', '', 0, 0, 1, 0, '', 0, '0000-00-00 00:00:00', '0000-00-00 00:00:00', NULL, NULL),
(336, 'Coupled Viva + Montana Bladder VT/19 Vertical 5 Gals', NULL, 38, NULL, 0.00, 0.00, 0.00, 6000.00, NULL, 'Coupled Viva + Montana Bladder VT/19 Vertical 5 Gals', NULL, '', '', '', '', '', '', '', '', '', 0, 0, 1, 0, '', 0, '0000-00-00 00:00:00', '0000-00-00 00:00:00', NULL, NULL),
(337, 'GI Cross Tee 0.75"', NULL, 90, NULL, 36.80, 39.10, 0.00, 0.00, NULL, 'GI Cross Tee 0.75"', NULL, '', '', '', '', '', '', '', '', '', 0, 0, 1, 0, '', 0, '0000-00-00 00:00:00', '0000-00-00 00:00:00', NULL, NULL),
(338, 'GI Tee 1"', NULL, 84, NULL, 21.60, 21.60, 0.00, 0.00, NULL, 'GI Tee 1"', NULL, '', '', '', '', '', '', '', '', '', 0, 0, 1, 0, '', 0, '0000-00-00 00:00:00', '0000-00-00 00:00:00', NULL, NULL),
(339, 'GI Nipple 0.75"x4', NULL, 87, NULL, 16.00, 16.00, 0.00, 0.00, NULL, 'GI Nipple 0.75"x4', NULL, '', '', '', '', '', '', '', '', '', 0, 0, 1, 0, '', 0, '0000-00-00 00:00:00', '0000-00-00 00:00:00', NULL, NULL),
(340, 'GI Elbow Reducer 1"x0.75"', NULL, 89, NULL, 0.00, 0.00, 0.00, 0.00, NULL, 'GI Elbow Reducer 1"x0.75"', NULL, '', '', '', '', '', '', '', '', '', 0, 0, 1, 0, '', 0, '0000-00-00 00:00:00', '0000-00-00 00:00:00', NULL, NULL),
(341, 'ERA PPR Male Adapter 40mm 1.25" White', NULL, 58, NULL, 332.50, 332.50, 425.00, 500.00, 1.00, 'ERA PPR Male Adapter 40mm 1.25"', NULL, '', '', '', '', '', '', '', '', '', 0, 0, 1, 0, '', 0, '0000-00-00 00:00:00', '0000-00-00 00:00:00', NULL, NULL),
(342, 'ERA PPR Tee Plain 40mm 1.25" White', NULL, 76, NULL, 37.24, 37.24, 0.00, 56.00, 1.00, 'ERA PPR Tee Plain 40mm 1.25" White', NULL, '', '', '', '', '', '', '', '', '', 0, 0, 1, 0, '', 0, '0000-00-00 00:00:00', '0000-00-00 00:00:00', NULL, NULL),
(343, 'ERA PPR Stop Valve 40mm 1.25" White', NULL, 75, NULL, 434.91, 434.91, 0.00, 654.00, 1.00, 'ERA PPR Stop Valve 40mm 1.25" White', NULL, '', '', '', '', '', '', '', '', '', 0, 0, 1, 0, '', 0, '0000-00-00 00:00:00', '0000-00-00 00:00:00', NULL, NULL),
(344, 'ERA PPR Stop Valve 20mm 0.5" White', NULL, 75, NULL, 147.63, 147.63, 0.00, 222.00, 1.00, 'ERA PPR Stop Valve 20mm 0.5" White', NULL, '', '', '', '', '', '', '', '', '', 0, 0, 1, 0, '', 0, '0000-00-00 00:00:00', '0000-00-00 00:00:00', NULL, NULL),
(345, 'ERA PPR Pipe PN16 20mm 0.5" white', NULL, 79, NULL, 125.69, 125.69, 0.00, 189.00, 1.00, 'ERA PPR Pipe PN16 20mm 0.5" White', NULL, '', '', '', '', '', '', '', '', '', 0, 0, 1, 0, '', 0, '0000-00-00 00:00:00', '0000-00-00 00:00:00', NULL, NULL),
(346, 'ERA PPR Pipe PN16 40mm 1.25" white', NULL, 79, NULL, 528.01, 528.01, 0.00, 794.00, 1.00, 'ERA PPR Pipe PN16 40mm 1.25" White', NULL, '', '', '', '', '', '', '', '', '', 0, 0, 1, 0, '', 0, '0000-00-00 00:00:00', '0000-00-00 00:00:00', NULL, NULL),
(347, 'ERA PPR Pipe PN16 32mm 1" White', NULL, 79, NULL, 305.24, 305.24, 0.00, 459.00, 1.00, 'ERA PPR Pipe PN16 32mm 1" White', NULL, '', '', '', '', '', '', '', '', '', 0, 0, 1, 0, '', 0, '0000-00-00 00:00:00', '0000-00-00 00:00:00', NULL, NULL),
(348, 'ERA PPR Elbow 20mm 0.5" White', NULL, 71, NULL, 5.32, 5.32, 6.80, 8.00, 1.00, 'ERA PPR Elbow 20mm 0.5" White', NULL, '', '', '', '', '', '', '', '', '', 0, 0, 1, 0, '', 0, '0000-00-00 00:00:00', '0000-00-00 00:00:00', NULL, NULL),
(349, 'ERA PPR Tee Plain 20mm 0.5" White', NULL, 76, NULL, 7.32, 7.32, 0.00, 11.00, 1.00, 'ERA PPR Tee Plain 20mm 0.5" White', NULL, '', '', '', '', '', '', '', '', '', 0, 0, 1, 0, '', 0, '0000-00-00 00:00:00', '0000-00-00 00:00:00', NULL, NULL),
(350, 'ERA PPR Female Elbow 20mm 0.5" White', NULL, 52, NULL, 58.52, 58.52, 0.00, 88.00, 1.00, 'ERA PPR Female Elbow 20mm 0.5"', NULL, '', '', '', '', '', '', '', '', '', 0, 0, 1, 0, '', 0, '0000-00-00 00:00:00', '0000-00-00 00:00:00', NULL, NULL),
(351, 'ERA PPR Coupling Reducer 1.25"x1" (40mmx32mm) White', NULL, 73, NULL, 13.30, 13.30, 0.00, 20.00, 1.00, 'ERA PPR Reducer 1.25"x1" (40mmx32mm) White', NULL, '', '', '', '', '', '', '', '', '', 0, 0, 1, 0, '', 0, '0000-00-00 00:00:00', '0000-00-00 00:00:00', NULL, NULL),
(352, 'ERA PPR Coupling 20mm 0.5" White', NULL, 72, NULL, 3.33, 3.33, 0.00, 5.00, 1.00, 'ERA PPR Coupling 20mm 0.5" White', NULL, '', '', '', '', '', '', '', '', '', 0, 0, 1, 0, '', 0, '0000-00-00 00:00:00', '0000-00-00 00:00:00', NULL, NULL),
(353, 'GI Nipple 1.25"x6"', NULL, 87, NULL, 59.40, 59.40, 0.00, 0.00, NULL, 'GI Nipple 1.25"x6"', NULL, '', '', '', '', '', '', '', '', '', 0, 0, 1, 0, '', 0, '0000-00-00 00:00:00', '0000-00-00 00:00:00', NULL, NULL),
(354, 'GI Socket Reducer 1.25 x 1"', NULL, 86, NULL, 20.00, 20.00, 0.00, 0.00, NULL, 'GI Socket Reducer 1.25 x 1"', NULL, '', '', '', '', '', '', '', '', '', 0, 0, 1, 0, '', 0, '0000-00-00 00:00:00', '0000-00-00 00:00:00', NULL, NULL),
(355, 'Stac 1.5HP Booster PUmps', NULL, 40, NULL, 0.00, 0.00, 0.00, 0.00, NULL, 'Stac 1.5HP Booster PUmps', NULL, '', '', '', '', '', '', '', '', '', 0, 0, 1, 0, '', 0, '0000-00-00 00:00:00', '0000-00-00 00:00:00', NULL, NULL),
(356, 'ERA Fusion Machine 0.5"x1"', NULL, 21, NULL, 3990.00, 3990.00, 0.00, 6000.00, NULL, 'ERA Fusion Machine', NULL, '', '', '', '', '', '', '', '', '', 0, 0, 1, 0, '', 0, '0000-00-00 00:00:00', '0000-00-00 00:00:00', NULL, NULL),
(357, 'Jupiter Check Valve 1"', NULL, 39, NULL, 433.00, 433.00, 874.50, 874.50, NULL, 'Jupiter Check Valve 1"', NULL, '', '', '', '', '', '', '', '', '', 0, 0, 1, 0, '', 0, '0000-00-00 00:00:00', '0000-00-00 00:00:00', NULL, NULL),
(358, 'ERA PPR Male Adapter 32mm 1" White', NULL, 58, NULL, 262.01, 262.01, 450.00, 394.00, 1.00, 'ERA PPR Male Adapter 32mm 1" White', NULL, '', '', '', '', '', '', '', '', '', 0, 0, 1, 0, '', 0, '0000-00-00 00:00:00', '0000-00-00 00:00:00', NULL, NULL),
(359, 'ERA PPR Female Adapter 32mm 1" White', NULL, 53, NULL, 213.47, 213.47, 0.00, 321.00, 1.00, 'ERA PPR Female Adapter 32mm 1" White', NULL, '', '', '', '', '', '', '', '', '', 0, 0, 1, 0, '', 0, '0000-00-00 00:00:00', '0000-00-00 00:00:00', NULL, NULL),
(360, 'ERA PPR Tee Plain 32mm 1" White', NULL, 76, NULL, 21.28, 21.28, 27.20, 32.00, 1.00, 'ERA PPR Tee Plain 32mm 1" White', NULL, '', '', '', '', '', '', '', '', '', 0, 0, 1, 0, '', 0, '0000-00-00 00:00:00', '0000-00-00 00:00:00', NULL, NULL),
(361, 'ERA PPR Stop Valve 32mm 1" White', NULL, 75, NULL, 324.52, 324.52, 0.00, 488.00, 1.00, 'ERA PPR Stop Valve 32mm 1" White', NULL, '', '', '', '', '', '', '', '', '', 0, 0, 1, 0, '', 0, '0000-00-00 00:00:00', '0000-00-00 00:00:00', NULL, NULL),
(362, 'ERA PPR Elbow 32mm 1" White', NULL, 71, NULL, 15.30, 15.30, 0.00, 23.00, 1.00, 'ERA PPR Elbow 32mm 1" White', NULL, '', '', '', '', '', '', '', '', '', 0, 0, 1, 0, '', 0, '0000-00-00 00:00:00', '0000-00-00 00:00:00', NULL, NULL),
(363, 'ERA PPR Coupling 32mm 1" White', NULL, 72, NULL, 8.65, 8.65, 0.00, 13.00, 1.00, ' ERA PPR Coupling 32mm 1" White', NULL, '', '', '', '', '', '', '', '', '', 0, 0, 1, 0, '', 0, '0000-00-00 00:00:00', '0000-00-00 00:00:00', NULL, NULL),
(364, 'ERA PPR Pipe PN20 32mm 1" white', NULL, 80, NULL, 364.20, 364.20, 0.00, 548.00, 1.00, 'ERA PPR PN20 32mm 1" White', NULL, '', '', '', '', '', '', '', '', '', 0, 0, 1, 0, '', 0, '0000-00-00 00:00:00', '0000-00-00 00:00:00', NULL, NULL),
(365, 'ERA PPR Female Tee 32mm 1" White', NULL, 54, NULL, 266.67, 266.67, 401.00, 401.00, 1.00, 'ERA PPR Female Tee 32mm 1" White', NULL, '', '', '', '', '', '', '', '', '', 0, 0, 1, 0, '', 0, '0000-00-00 00:00:00', '0000-00-00 00:00:00', NULL, NULL),
(366, 'GI Bushing 1"x0.25"', NULL, 83, NULL, 10.40, 10.40, 22.00, 22.00, NULL, 'GI Bushing 1"x0.25"', NULL, '', '', '', '', '', '', '', '', '', 0, 0, 1, 0, '', 0, '0000-00-00 00:00:00', '0000-00-00 00:00:00', NULL, NULL),
(367, 'Miles Teflon 1"', NULL, 21, NULL, 3.50, 8.50, 20.00, 20.00, NULL, 'Miles Teflon 1"', NULL, '', '', '', '', '', '', '', '', '', 0, 0, 1, 0, '', 0, '0000-00-00 00:00:00', '0000-00-00 00:00:00', NULL, NULL),
(368, 'ERA PPR Union Patente 1" White', NULL, 78, NULL, 57.19, 57.19, 0.00, 86.00, 1.00, 'ERA PPR Union Patente 1" White', NULL, '', '', '', '', '', '', '', '', '', 0, 0, 1, 0, '', 0, '0000-00-00 00:00:00', '0000-00-00 00:00:00', NULL, NULL),
(369, 'Goulds Impeller 2K61 Brass', NULL, 21, NULL, 792.00, 792.00, 5.00, 2500.00, NULL, 'Goulds Impeller 2K61 Brass', NULL, '', '', '', '', '', '', '', '', '', 0, 0, 1, 0, '', 0, '0000-00-00 00:00:00', '0000-00-00 00:00:00', NULL, NULL),
(370, 'Goulds Guide Vane 3K67 Brass', NULL, 21, NULL, 960.00, 960.00, 2500.00, 2500.00, NULL, 'Goulds 3K61 Brass', NULL, '', '', '', '', '', '', '', '', '', 0, 0, 1, 0, '', 0, '0000-00-00 00:00:00', '0000-00-00 00:00:00', NULL, NULL),
(371, 'BMI Capacitore 161-193uf x 125Vac', NULL, 21, NULL, 112.32, 112.32, 336.00, 336.00, NULL, 'BMI Capacitore 161-193uf x 125Vac', NULL, '', '', '', '', '', '', '', '', '', 0, 0, 1, 0, '', 0, '0000-00-00 00:00:00', '0000-00-00 00:00:00', NULL, NULL),
(372, 'Goulds Diaphragm 5K21', NULL, 21, NULL, 180.00, 180.00, 360.00, 360.00, NULL, 'Goulds Diaphragm 5K21', NULL, '', '', '', '', '', '', '', '', '', 0, 0, 1, 0, '', 0, '0000-00-00 00:00:00', '0000-00-00 00:00:00', NULL, NULL),
(373, 'Goulds Seal Ring J10S', NULL, 21, NULL, 90.00, 90.00, 180.00, 180.00, NULL, 'Goulds Seal Ring J10S', NULL, '', '', '', '', '', '', '', '', '', 0, 0, 1, 0, '', 0, '0000-00-00 00:00:00', '0000-00-00 00:00:00', NULL, NULL),
(374, 'Shaftseal 5/8mm', NULL, 21, NULL, 120.00, 120.00, 0.00, 250.00, NULL, 'Shaftseal 5/8mm', NULL, '', '', '', '', '', '', '', '', '', 0, 0, 1, 0, '', 0, '0000-00-00 00:00:00', '0000-00-00 00:00:00', NULL, NULL),
(375, 'GI Bushing 1.25"x1"', NULL, 83, NULL, 17.20, 17.20, 0.00, 0.00, NULL, 'GI Bushing 1.25"x1"', NULL, '', '', '', '', '', '', '', '', '', 0, 0, 1, 0, '', 0, '0000-00-00 00:00:00', '0000-00-00 00:00:00', NULL, NULL),
(376, 'ERA PPR Tee Reducer 1"x0.5" (32mmx20mm) white', NULL, 77, NULL, 15.96, 15.96, 0.00, 24.00, 1.00, 'ERA PPR Tee Reducer 1"x0.5" (32mmx20mm) white', NULL, '', '', '', '', '', '', '', '', '', 0, 0, 1, 0, '', 0, '0000-00-00 00:00:00', '0000-00-00 00:00:00', NULL, NULL),
(377, 'Unidex Fusion Machine 1.25"x2"', NULL, 21, NULL, 2300.00, 2300.00, 3900.00, 3900.00, NULL, 'Unidex Fusion Machine 1.25"x2"', NULL, '', '', '', '', '', '', '', '', '', 0, 0, 1, 0, '', 0, '0000-00-00 00:00:00', '0000-00-00 00:00:00', NULL, NULL),
(378, 'Stac Pump Head 1.5 hp', NULL, 21, NULL, 0.00, 0.00, 0.00, 0.00, NULL, 'STAC PUMP HEAD 1.5 hp', NULL, '', '', '', '', '', '', '', '', '', 0, 0, 1, 0, '', 0, '0000-00-00 00:00:00', '0000-00-00 00:00:00', NULL, NULL),
(379, 'Shaftseal 15mm', NULL, 21, NULL, 200.00, 200.00, 0.00, 0.00, NULL, 'Shaft Seal 15mm', NULL, '', '', '', '', '', '', '', '', '', 0, 0, 1, 0, '', 0, '0000-00-00 00:00:00', '0000-00-00 00:00:00', NULL, NULL),
(380, 'Power Sprayer FIttings - Male', NULL, 21, NULL, 20.00, 75.00, 75.00, 75.00, NULL, 'Power Sprayer FIttings - Male', NULL, '', '', '', '', '', '', '', '', '', 0, 0, 1, 0, '', 0, '0000-00-00 00:00:00', '0000-00-00 00:00:00', NULL, NULL),
(381, 'Power Sprayer FIttings - Female', NULL, 21, NULL, 10.00, 75.00, 75.00, 75.00, NULL, 'Power Sprayer FIttings - Female', NULL, '', '', '', '', '', '', '', '', '', 0, 0, 1, 0, '', 0, '0000-00-00 00:00:00', '0000-00-00 00:00:00', NULL, NULL),
(382, 'Coupled Eurostar DJM100 + Dynaflo Bladder PWN24L Horiz 6 Gals', NULL, 38, NULL, 0.00, 0.00, 0.00, 10500.00, NULL, 'Coupled Eurostar DJM100 + Dynaflo Bladder PWN24L Horiz 6 Gals', NULL, '', '', '', '', '', '', '', '', '', 0, 0, 1, 0, '', 0, '0000-00-00 00:00:00', '0000-00-00 00:00:00', NULL, NULL),
(383, 'Yamato Power Sprayer 25mm YM-25', NULL, 40, NULL, 1833.00, 1833.00, 0.00, 2800.00, NULL, 'Yamato Power Sprayer 25mm YM-25', NULL, '', '', '', '', '', '', '', '', '', 0, 0, 1, 0, '', 0, '0000-00-00 00:00:00', '0000-00-00 00:00:00', NULL, NULL),
(384, 'CYD YD-A706 6W Daylight Round Raised', NULL, 45, NULL, 300.00, 300.00, 0.00, 390.00, NULL, 'CYD YD-A706 6W Daylight', NULL, '', '', '', '', '', '', '', '', '', 0, 0, 1, 0, '', 0, '0000-00-00 00:00:00', '0000-00-00 00:00:00', NULL, NULL),
(385, 'CYD YD-A706 6W Warm White Round Raised', NULL, 45, NULL, 300.00, 300.00, 0.00, 390.00, NULL, 'CYD YD-A706 6W Warm White', NULL, '', '', '', '', '', '', '', '', '', 0, 0, 1, 0, '', 0, '0000-00-00 00:00:00', '0000-00-00 00:00:00', NULL, NULL),
(386, 'CYD YD-A707 12W Daylight Round Raised', NULL, 45, NULL, 600.00, 600.00, 0.00, 780.00, NULL, 'CYD YD-A707 12W Daylight', NULL, '', '', '', '', '', '', '', '', '', 0, 0, 1, 0, '', 0, '0000-00-00 00:00:00', '0000-00-00 00:00:00', NULL, NULL),
(387, 'CYD YD-A707 12W Warm White Round Raised', NULL, 45, NULL, 300.00, 600.00, 0.00, 780.00, NULL, 'CYD YD-A707 12W Warm White', NULL, '', '', '', '', '', '', '', '', '', 0, 0, 1, 0, '', 0, '0000-00-00 00:00:00', '0000-00-00 00:00:00', NULL, NULL),
(388, 'CYD YD-A708 18W Daylight Round Raised', NULL, 45, NULL, 720.00, 720.00, 0.00, 936.00, NULL, 'CYD YD-A708 18W Daylight', NULL, '', '', '', '', '', '', '', '', '', 0, 0, 1, 0, '', 0, '0000-00-00 00:00:00', '0000-00-00 00:00:00', NULL, NULL),
(389, 'CYD YD-A708 18W Warm White Round Raised', NULL, 45, NULL, 720.00, 720.00, 0.00, 936.00, NULL, 'CYD YD-A708 18W Warm White', NULL, '', '', '', '', '', '', '', '', '', 0, 0, 1, 0, '', 0, '0000-00-00 00:00:00', '0000-00-00 00:00:00', NULL, NULL),
(390, 'CYD YD-A730 6W Daylight Square Raised', NULL, 45, NULL, 300.00, 300.00, 0.00, 390.00, NULL, 'CYD YD-A730 6W Daylight', NULL, '', '', '', '', '', '', '', '', '', 0, 0, 1, 0, '', 0, '0000-00-00 00:00:00', '0000-00-00 00:00:00', NULL, NULL),
(391, 'CYD YD-A730 6W Warm White Square Raised', NULL, 45, NULL, 300.00, 300.00, 0.00, 390.00, NULL, 'CYD YD-A730 6W Warm White', NULL, '', '', '', '', '', '', '', '', '', 0, 0, 1, 0, '', 0, '0000-00-00 00:00:00', '0000-00-00 00:00:00', NULL, NULL),
(392, 'CYD YD-A731 12W Warm White Square Raised', NULL, 45, NULL, 600.00, 600.00, 0.00, 780.00, NULL, 'CYD YD-A731 12W Warm White', NULL, '', '', '', '', '', '', '', '', '', 0, 0, 1, 0, '', 0, '0000-00-00 00:00:00', '0000-00-00 00:00:00', NULL, NULL),
(393, 'CYD YD-A731 12W Daylight Square Raised', NULL, 45, NULL, 600.00, 600.00, 0.00, 780.00, NULL, 'CYD YD-A731 12W Daylight', NULL, '', '', '', '', '', '', '', '', '', 0, 0, 1, 0, '', 0, '0000-00-00 00:00:00', '0000-00-00 00:00:00', NULL, NULL),
(394, 'CYD YD-A732 18W Warm White Square Raised', NULL, 45, NULL, 720.00, 720.00, 0.00, 936.00, NULL, 'CYD YD-A732 18W Warm White', NULL, '', '', '', '', '', '', '', '', '', 0, 0, 1, 0, '', 0, '0000-00-00 00:00:00', '0000-00-00 00:00:00', NULL, NULL),
(395, 'CYD YD-A732 18W Daylight Square Raised', NULL, 45, NULL, 720.00, 720.00, 0.00, 936.00, NULL, 'CYD YD-A732 18W Daylight', NULL, '', '', '', '', '', '', '', '', '', 0, 0, 1, 0, '', 0, '0000-00-00 00:00:00', '0000-00-00 00:00:00', NULL, NULL),
(396, 'CYD YD-706-3 3W Warm White Round Embeded', NULL, 45, NULL, 180.00, 180.00, 234.00, 234.00, NULL, 'CYD YD-706-3 3W Warm White', NULL, '', '', '', '', '', '', '', '', '', 0, 0, 1, 0, '', 0, '0000-00-00 00:00:00', '0000-00-00 00:00:00', NULL, NULL),
(397, 'CYD YD-706-3 3W Daylight Round Embedded', NULL, 45, NULL, 180.00, 180.00, 0.00, 234.00, NULL, 'CYD YD-706-3 3W Daylight', NULL, '', '', '', '', '', '', '', '', '', 0, 0, 1, 0, '', 0, '0000-00-00 00:00:00', '0000-00-00 00:00:00', NULL, NULL),
(398, 'CYD YD-706-6 6W Warm White Round Embedded', NULL, 45, NULL, 300.00, 300.00, 0.00, 390.00, NULL, 'CYD YD-706-6 6W Warm White', NULL, '', '', '', '', '', '', '', '', '', 0, 0, 1, 0, '', 0, '0000-00-00 00:00:00', '0000-00-00 00:00:00', NULL, NULL),
(399, 'CYD YD-706-6 6W Daylight Round Embedded', NULL, 45, NULL, 300.00, 300.00, 390.00, 390.00, NULL, 'CYD YD-706-6 6W White', NULL, '', '', '', '', '', '', '', '', '', 0, 0, 1, 0, '', 0, '0000-00-00 00:00:00', '0000-00-00 00:00:00', NULL, NULL),
(400, 'CYD YD-707-12 12W Warm White Round Embedded', NULL, 45, NULL, 420.00, 420.00, 0.00, 546.00, NULL, 'CYD YD-707-12 12W Warm White', NULL, '', '', '', '', '', '', '', '', '', 0, 0, 1, 0, '', 0, '0000-00-00 00:00:00', '0000-00-00 00:00:00', NULL, NULL),
(401, 'CYD YD-707-12 12W Daylight Round Embedded', NULL, 45, NULL, 420.00, 420.00, 0.00, 546.00, NULL, 'CYD YD-707-12 12W White', NULL, '', '', '', '', '', '', '', '', '', 0, 0, 1, 0, '', 0, '0000-00-00 00:00:00', '0000-00-00 00:00:00', NULL, NULL),
(402, 'CYD YD-708-18 18W Daylight Round Embedded', NULL, 45, NULL, 600.00, 600.00, 0.00, 780.00, NULL, 'CYD YD-708-18 18W White', NULL, '', '', '', '', '', '', '', '', '', 0, 0, 1, 0, '', 0, '0000-00-00 00:00:00', '0000-00-00 00:00:00', NULL, NULL),
(403, 'CYD YD-708-18 18W Warm White Round Embeded', NULL, 45, NULL, 600.00, 600.00, 0.00, 780.00, NULL, 'CYD YD-708-18 18W Warm White', NULL, '', '', '', '', '', '', '', '', '', 0, 0, 1, 0, '', 0, '0000-00-00 00:00:00', '0000-00-00 00:00:00', NULL, NULL),
(404, 'CYD YD-730-3D 3W Daylight Square Embedded', NULL, 45, NULL, 180.00, 180.00, 0.00, 234.00, NULL, 'CYD YD-730-3D 3W Daylight', NULL, '', '', '', '', '', '', '', '', '', 0, 0, 1, 0, '', 0, '0000-00-00 00:00:00', '0000-00-00 00:00:00', NULL, NULL),
(405, 'CYD YD-730-3D 3W Warm White Square Embedded', NULL, 45, NULL, 180.00, 180.00, 0.00, 234.00, NULL, 'CYD YD-730-3D 3W Warm White', NULL, '', '', '', '', '', '', '', '', '', 0, 0, 1, 0, '', 0, '0000-00-00 00:00:00', '0000-00-00 00:00:00', NULL, NULL),
(406, 'CYD YD-730-6D 6W Daylight Square Embedded', NULL, 45, NULL, 300.00, 300.00, 0.00, 390.00, NULL, 'CYD YD-730-6D 6W Daylight', NULL, '', '', '', '', '', '', '', '', '', 0, 0, 1, 0, '', 0, '0000-00-00 00:00:00', '0000-00-00 00:00:00', NULL, NULL),
(407, 'CYD YD-730-6D 6W Warm White Square Embedded', NULL, 45, NULL, 300.00, 300.00, 0.00, 390.00, NULL, 'CYD YD-730-6D 6W Warm White', NULL, '', '', '', '', '', '', '', '', '', 0, 0, 1, 0, '', 0, '0000-00-00 00:00:00', '0000-00-00 00:00:00', NULL, NULL),
(408, 'CYD YD-731-12D 12W Daylight Square Embedded', NULL, 45, NULL, 420.00, 420.00, 0.00, 546.00, NULL, 'CYD YD-731-12D 12W Daylight', NULL, '', '', '', '', '', '', '', '', '', 0, 0, 1, 0, '', 0, '0000-00-00 00:00:00', '0000-00-00 00:00:00', NULL, NULL),
(409, 'CYD YD-731-12D 12W Warm White Square Embedded', NULL, 45, NULL, 420.00, 420.00, 0.00, 546.00, NULL, 'CYD YD-731-12D 12W Warm White', NULL, '', '', '', '', '', '', '', '', '', 0, 0, 1, 0, '', 0, '0000-00-00 00:00:00', '0000-00-00 00:00:00', NULL, NULL),
(410, 'CYD YD-732-18D 18W Warm White Square Embedded', NULL, 45, NULL, 600.00, 600.00, 0.00, 780.00, NULL, 'CYD YD-732-18D 18W Warm White', NULL, '', '', '', '', '', '', '', '', '', 0, 0, 1, 0, '', 0, '0000-00-00 00:00:00', '0000-00-00 00:00:00', NULL, NULL),
(411, 'CYD YD-732-18D 18W Daylight Square Embedded', NULL, 45, NULL, 600.00, 600.00, 0.00, 780.00, NULL, 'CYD YD-732-18D 18W Daylight', NULL, '', '', '', '', '', '', '', '', '', 0, 0, 1, 0, '', 0, '0000-00-00 00:00:00', '0000-00-00 00:00:00', NULL, NULL),
(412, 'Claro Spot 3W Warm White, White Housing', NULL, 45, NULL, 255.00, 255.00, 294.50, 310.00, NULL, 'Claro Spot 3W Warm White White Housing', NULL, '', '', '', '', '', '', '', '', '', 0, 0, 1, 0, '', 0, '0000-00-00 00:00:00', '0000-00-00 00:00:00', NULL, NULL),
(413, 'Claro Spot 5W Daylight, White Housing', NULL, 45, NULL, 377.50, 377.50, 408.50, 408.50, NULL, 'Claro Spot 5W White White Housing', NULL, '', '', '', '', '', '', '', '', '', 0, 0, 1, 0, '', 0, '0000-00-00 00:00:00', '0000-00-00 00:00:00', NULL, NULL),
(414, 'Claro Spot 5W Warm White, White Housing', NULL, 45, NULL, 377.50, 377.50, 450.00, 450.00, NULL, '\r\nClaro Spot 5W Warm White, White Housing', NULL, '', '', '', '', '', '', '', '', '', 0, 0, 1, 0, '', 0, '0000-00-00 00:00:00', '0000-00-00 00:00:00', NULL, NULL),
(415, 'Claro Spot 3W Daylight, White Housing', NULL, 45, NULL, 255.00, 255.00, 0.00, 340.00, NULL, 'Claro Spot 3W White, White Housing', NULL, '', '', '', '', '', '', '', '', '', 0, 0, 1, 0, '', 0, '0000-00-00 00:00:00', '0000-00-00 00:00:00', NULL, NULL),
(416, 'Goulds Submersible 25GS10', NULL, 40, NULL, 3661.20, 3661.20, 10500.00, 10500.00, NULL, 'Goulds Submersible 25GS10', NULL, '', '', '', '', '', '', '', '', '', 0, 0, 1, 0, '', 0, '0000-00-00 00:00:00', '0000-00-00 00:00:00', NULL, NULL),
(417, 'A. O. Smith Water Heater ECS-30 30 Gals', NULL, 49, NULL, 20100.00, 26800.00, 26800.00, 26800.00, NULL, 'A. O. Smith Water Heater ECS-30 30 Gals', NULL, '', '', '', '', '', '', '', '', '', 0, 0, 1, 0, '', 0, '0000-00-00 00:00:00', '0000-00-00 00:00:00', NULL, NULL),
(419, 'GV Ball Valve	1.25"', NULL, 39, NULL, 403.20, 403.20, 0.00, 0.00, NULL, 'GV Ball Valve	1.25"', NULL, '', '', '', '', '', '', '', '', '', 0, 0, 1, 0, '', 0, '0000-00-00 00:00:00', '0000-00-00 00:00:00', NULL, NULL),
(420, 'Koten Safety Breaker KSB 2P 20A', NULL, 45, NULL, 360.00, 380.00, 0.00, 470.00, NULL, 'Koten KSB 2P 20A', NULL, '', '', '', '', '', '', '', '', '', 0, 0, 1, 0, '', 0, '0000-00-00 00:00:00', '0000-00-00 00:00:00', NULL, NULL),
(421, 'Omni Universal Outlet w/ Ground WWG-203', NULL, 45, NULL, 11.56, 11.56, 0.00, 0.00, NULL, 'Omni WWG-203 Universal Outlet w/ Ground', NULL, '', '', '', '', '', '', '', '', '', 0, 0, 1, 0, '', 0, '0000-00-00 00:00:00', '0000-00-00 00:00:00', NULL, NULL),
(422, 'Omni 1 Gang Plate WWP-111', NULL, 45, NULL, 67.31, 67.31, 0.00, 0.00, NULL, 'Omni 1 Gang Plate WWP-111', NULL, '', '', '', '', '', '', '', '', '', 0, 0, 1, 0, '', 0, '0000-00-00 00:00:00', '0000-00-00 00:00:00', NULL, NULL),
(423, 'Koten Safety Breaker KSB-S 2P 20A', NULL, 45, NULL, 480.00, 480.00, 0.00, 580.00, NULL, 'Koten Safety Breaker KSB-S 2P 20A', NULL, '', '', '', '', '', '', '', '', '', 0, 0, 1, 0, '', 0, '0000-00-00 00:00:00', '0000-00-00 00:00:00', NULL, NULL),
(424, 'Koten Safety Breaker KSB-S 2P 30A', NULL, 45, NULL, 480.00, 480.00, 0.00, 580.00, NULL, 'Koten Safety Breaker KSB-S 2P 30A', NULL, '', '', '', '', '', '', '', '', '', 0, 0, 1, 0, '', 0, '0000-00-00 00:00:00', '0000-00-00 00:00:00', NULL, NULL),
(425, 'Koten Safety Breaker KSB 2P 30A', NULL, 45, NULL, 360.00, 360.00, 0.00, 470.00, NULL, 'Koten Safety Breaker KSB 2P 30A', NULL, '', '', '', '', '', '', '', '', '', 0, 0, 1, 0, '', 0, '0000-00-00 00:00:00', '0000-00-00 00:00:00', NULL, NULL),
(426, 'Claro Spot 7W Daylight, White Housing', NULL, 45, NULL, 502.50, 502.50, 0.00, 0.00, NULL, 'Claro Spot 7W Daylight, White Housing', NULL, '', '', '', '', '', '', '', '', '', 0, 0, 1, 0, '', 0, '0000-00-00 00:00:00', '0000-00-00 00:00:00', NULL, NULL),
(427, 'Claro Spot 7W Warm White, White Housing', NULL, 45, NULL, 502.50, 502.50, 0.00, 0.00, NULL, 'Claro Spot 7W Warm White, White Housing', NULL, '', '', '', '', '', '', '', '', '', 0, 0, 1, 0, '', 0, '0000-00-00 00:00:00', '0000-00-00 00:00:00', NULL, NULL),
(428, 'Claro Spot 9W Warm White, White Housing', NULL, 45, NULL, 675.00, 675.00, 0.00, 0.00, NULL, 'Claro Spot 9W Warm White, White Housing', NULL, '', '', '', '', '', '', '', '', '', 0, 0, 1, 0, '', 0, '0000-00-00 00:00:00', '0000-00-00 00:00:00', NULL, NULL),
(429, 'Firstank FTR 500 Vertical Storage Tank 500L 130Gal', NULL, 41, NULL, 5685.75, 9500.00, 0.00, 6650.00, NULL, 'Firstank FTR 500 Vertical Storage Tank 500L 130Gal', NULL, '', '', '', '', '', '', '', '', '', 0, 0, 1, 0, '', 0, '0000-00-00 00:00:00', '0000-00-00 00:00:00', NULL, NULL),
(430, 'Firstank FTR 1000 Vertical Storage Tank 1000L 275Gal', NULL, 41, NULL, 9695.97, 16200.00, 0.00, 11340.00, NULL, 'Firstank FTR 1000 Vertical Storage Tank 1000L 275Gal', NULL, '', '', '', '', '', '', '', '', '', 0, 0, 1, 0, '', 0, '0000-00-00 00:00:00', '0000-00-00 00:00:00', NULL, NULL),
(431, 'Firstank FTH 1000 Horizontal Storage Tank 1000L 275Gal', NULL, 41, NULL, 0.00, 0.00, 0.00, 12950.00, NULL, 'Firstank FTH 1000 Horizontal Storage Tank 1000L 275Gal', NULL, '', '', '', '', '', '', '', '', '', 0, 0, 1, 0, '', 0, '0000-00-00 00:00:00', '0000-00-00 00:00:00', NULL, NULL),
(432, 'Firstank FTH 500 Horizontal Storage Tank 500L 130Gal', NULL, 41, NULL, 8100.26, 0.00, 0.00, 9100.00, NULL, 'Firstank FTH 500 Horizontal Storage Tank 500L 130Gal', NULL, '', '', '', '', '', '', '', '', '', 0, 0, 1, 0, '', 0, '0000-00-00 00:00:00', '0000-00-00 00:00:00', NULL, NULL),
(433, 'Montana Bladder Tank CF/19 Horizontal 5 Gal', NULL, 41, NULL, 1820.00, 0.00, 2900.00, 2900.00, NULL, 'Montana Bladder Tank CF/19 Horizontal 5 Gal', NULL, '', '', '', '', '', '', '', '', '', 0, 0, 1, 0, '', 0, '0000-00-00 00:00:00', '0000-00-00 00:00:00', NULL, NULL),
(434, 'BigLite LED 7W Daylight ', NULL, 45, NULL, 95.00, 95.00, 0.00, 153.90, NULL, ' 	BigLite LED 7W Daylight ', NULL, '', '', '', '', '', '', '', '', '', 0, 0, 1, 0, '', 0, '0000-00-00 00:00:00', '0000-00-00 00:00:00', NULL, NULL),
(435, 'BigLite LED 9W Daylight ', NULL, 45, NULL, 110.00, 110.00, 0.00, 178.00, NULL, 'BigLite LED 9W Daylight ', NULL, '', '', '', '', '', '', '', '', '', 0, 0, 1, 0, '', 0, '0000-00-00 00:00:00', '0000-00-00 00:00:00', NULL, NULL),
(436, 'BigLite LED 7W Warm White', NULL, 45, NULL, 95.00, 95.00, 0.00, 153.90, NULL, 'BigLite LED 7W Warm White', NULL, '', '', '', '', '', '', '', '', '', 0, 0, 1, 0, '', 0, '0000-00-00 00:00:00', '0000-00-00 00:00:00', NULL, NULL),
(437, 'BigLite LED 9W Warm White', NULL, 45, NULL, 110.00, 110.00, 0.00, 178.00, NULL, 'BigLite LED 9W Warm White', NULL, '', '', '', '', '', '', '', '', '', 0, 0, 1, 0, '', 0, '0000-00-00 00:00:00', '0000-00-00 00:00:00', NULL, NULL),
(438, 'Claro Spot 3W Daylight, Silver Housing', NULL, 45, NULL, 232.50, 232.50, 0.00, 0.00, NULL, 'Claro Spot 3W Daylight, Silver Housing', NULL, '', '', '', '', '', '', '', '', '', 0, 0, 1, 0, '', 0, '0000-00-00 00:00:00', '0000-00-00 00:00:00', NULL, NULL),
(439, 'Claro Spot 3W Warm White, Silver Housing', NULL, 45, NULL, 232.50, 232.50, 0.00, 0.00, NULL, 'Claro Spot 3W Warm White, Silver Housing', NULL, '', '', '', '', '', '', '', '', '', 0, 0, 1, 0, '', 0, '0000-00-00 00:00:00', '0000-00-00 00:00:00', NULL, NULL),
(440, 'Claro Spot 5W Daylight, Silver Housing', NULL, 45, NULL, 322.50, 322.50, 0.00, 0.00, NULL, 'Claro Spot 5W Daylight, Silver Housing', NULL, '', '', '', '', '', '', '', '', '', 0, 0, 1, 0, '', 0, '0000-00-00 00:00:00', '0000-00-00 00:00:00', NULL, NULL),
(441, 'Claro Spot 7W Daylight, Silver Housing', NULL, 45, NULL, 487.50, 487.50, 0.00, 0.00, NULL, 'Claro Spot 7W Daylight, Silver Housing', NULL, '', '', '', '', '', '', '', '', '', 0, 0, 1, 0, '', 0, '0000-00-00 00:00:00', '0000-00-00 00:00:00', NULL, NULL),
(442, 'Claro Spot 9W Daylight, Silver Housing', NULL, 45, NULL, 637.50, 637.50, 0.00, 0.00, NULL, 'Claro Spot 9W Daylight, Silver Housing', NULL, '', '', '', '', '', '', '', '', '', 0, 0, 1, 0, '', 0, '0000-00-00 00:00:00', '0000-00-00 00:00:00', NULL, NULL),
(443, 'Claro Spot 5W Warm White, Silver Housing', NULL, 45, NULL, 322.50, 322.50, 0.00, 0.00, NULL, 'Claro Spot 5W Warm White, Silver Housing', NULL, '', '', '', '', '', '', '', '', '', 0, 0, 1, 0, '', 0, '0000-00-00 00:00:00', '0000-00-00 00:00:00', NULL, NULL),
(444, 'Claro Spot 7W Warm White, Silver Housing', NULL, 45, NULL, 487.50, 487.50, 0.00, 0.00, NULL, 'Claro Spot 7W Warm White, Silver Housing', NULL, '', '', '', '', '', '', '', '', '', 0, 0, 1, 0, '', 0, '0000-00-00 00:00:00', '0000-00-00 00:00:00', NULL, NULL),
(445, 'Claro Spot 9W Warm White, Silver Housing', NULL, 45, NULL, 637.50, 637.50, 0.00, 0.00, NULL, 'Claro Spot 9W Warm White, Silver Housing', NULL, '', '', '', '', '', '', '', '', '', 0, 0, 1, 0, '', 0, '0000-00-00 00:00:00', '0000-00-00 00:00:00', NULL, NULL),
(446, 'Claro Spot 12W Daylight, Silver Housing', NULL, 45, NULL, 690.00, 690.00, 0.00, 0.00, NULL, 'Claro Spot 12W Daylight, Silver Housing', NULL, '', '', '', '', '', '', '', '', '', 0, 0, 1, 0, '', 0, '0000-00-00 00:00:00', '0000-00-00 00:00:00', NULL, NULL),
(447, 'Claro Spot 12W Warm White, Silver Housing', NULL, 45, NULL, 690.00, 690.00, 0.00, 0.00, NULL, 'Claro Spot 12W Warm White, Silver Housing', NULL, '', '', '', '', '', '', '', '', '', 0, 0, 1, 0, '', 0, '0000-00-00 00:00:00', '0000-00-00 00:00:00', NULL, NULL),
(450, 'ERA PPR Pipe PN20 20mm 0.5" white ', NULL, 80, NULL, 146.30, 0.00, 220.00, 220.00, 1.00, 'ERA PPR Pipe PN20 0.5"x4m white (2.8mm)', NULL, '', '', '', '', '', '', '', '', '', 0, 0, 1, 0, '', 0, '0000-00-00 00:00:00', '0000-00-00 00:00:00', NULL, NULL),
(451, 'ERA PPR Pipe PN20 20mm 0.5" green', NULL, 80, NULL, 146.30, 0.00, 220.00, 220.00, 1.00, 'ERA PPR Pipe PN20 0.5"x4m green (2.8mm)', NULL, '', '', '', '', '', '', '', '', '', 0, 0, 1, 0, '', 0, '0000-00-00 00:00:00', '0000-00-00 00:00:00', NULL, NULL),
(452, 'ERA PPR Coupling 20mm 0.5" green', NULL, 72, NULL, 3.33, 3.33, 5.00, 5.00, 1.00, 'ERA PPR Coupling 20mm 0.5" green', NULL, '', '', '', '', '', '', '', '', '', 0, 0, 1, 0, '', 0, '0000-00-00 00:00:00', '0000-00-00 00:00:00', NULL, NULL),
(453, 'ERA PPR Coupling 32mm 1" green', NULL, 72, NULL, 8.65, 0.00, 0.00, 13.00, 1.00, 'ERA PPR Coupling 32mm 1" green', NULL, '', '', '', '', '', '', '', '', '', 0, 0, 1, 0, '', 0, '0000-00-00 00:00:00', '0000-00-00 00:00:00', NULL, NULL),
(454, 'ERA PPR Elbow 20mm 0.5" green', NULL, 71, NULL, 5.32, 0.00, 0.00, 8.00, 1.00, 'ERA PPR Elbow 20mm 0.5" green', NULL, '', '', '', '', '', '', '', '', '', 0, 0, 1, 0, '', 0, '0000-00-00 00:00:00', '0000-00-00 00:00:00', NULL, NULL),
(455, 'ERA PPR Elbow 32mm 1" green', NULL, 71, NULL, 15.30, 15.30, 0.00, 23.00, 1.00, 'ERA PPR Elbow 32mm 1" green', NULL, '', '', '', '', '', '', '', '', '', 0, 0, 1, 0, '', 0, '0000-00-00 00:00:00', '0000-00-00 00:00:00', NULL, NULL),
(456, 'ERA PPR Female Adapter 32mm 1" green', NULL, 53, NULL, 0.00, 0.00, 0.00, 394.00, 1.00, 'ERA PPR Female Adapter 32mm 1" green', NULL, '', '', '', '', '', '', '', '', '', 0, 0, 1, 0, '', 0, '0000-00-00 00:00:00', '0000-00-00 00:00:00', NULL, NULL),
(457, 'ERA PPR Female Elbow 20mm 0.5" green', NULL, 52, NULL, 58.52, 58.52, 88.00, 88.00, 1.00, 'ERA PPR Female Elbow 20mm 0.5" green', NULL, '', '', '', '', '', '', '', '', '', 0, 0, 1, 0, '', 0, '0000-00-00 00:00:00', '0000-00-00 00:00:00', NULL, NULL),
(458, 'ERA PPR Female Tee 32mm 1" green', NULL, 54, NULL, 0.00, 0.00, 0.00, 0.00, 1.00, NULL, NULL, NULL, NULL, NULL, NULL, NULL, NULL, NULL, NULL, NULL, 0, 0, 1, 0, NULL, 0, '0000-00-00 00:00:00', '0000-00-00 00:00:00', NULL, NULL),
(459, 'ERA PPR Male Adapter 32mm 1" green', NULL, 58, NULL, 262.01, 0.00, 0.00, 394.00, 1.00, 'ERA PPR Male Adapter 32mm 1" green', NULL, '', '', '', '', '', '', '', '', '', 0, 0, 1, 0, '', 0, '0000-00-00 00:00:00', '0000-00-00 00:00:00', NULL, NULL),
(460, 'ERA PPR Male Adapter 40mm 1.25" green', NULL, 58, NULL, 0.00, 0.00, 0.00, 0.00, 1.00, NULL, NULL, NULL, NULL, NULL, NULL, NULL, NULL, NULL, NULL, NULL, 0, 0, 1, 0, NULL, 0, '0000-00-00 00:00:00', '0000-00-00 00:00:00', NULL, NULL),
(461, 'ERA PPR Pipe PN16 20mm 0.5" green', NULL, 79, NULL, 125.69, 125.69, 0.00, 189.00, 1.00, 'ERA PPR Pipe PN16 20mm 0.5" green', NULL, '', '', '', '', '', '', '', '', '', 0, 0, 1, 0, '', 0, '0000-00-00 00:00:00', '0000-00-00 00:00:00', NULL, NULL);
INSERT INTO `product` (`id`, `name`, `brand_id`, `producttype_id`, `qty`, `minbuyprice`, `maxbuyprice`, `minsellprice`, `maxsellprice`, `baseprice`, `description`, `code`, `spec1`, `spec2`, `spec3`, `spec4`, `spec5`, `spec6`, `spec7`, `spec8`, `spec9`, `is_hidden`, `autocalcsellprice`, `autocalcbuyprice`, `monitored`, `barcode`, `is_service`, `created_at`, `updated_at`, `competitor_price`, `notes`) VALUES
(462, 'ERA PPR Pipe PN16 32mm 1" green', NULL, 79, NULL, 305.24, 305.24, 0.00, 459.00, 1.00, 'ERA PPR Pipe PN16 32mm 1" green', NULL, '', '', '', '', '', '', '', '', '', 0, 0, 1, 0, '', 0, '0000-00-00 00:00:00', '0000-00-00 00:00:00', NULL, NULL),
(463, 'ERA PPR Pipe PN16 40mm 1.25" green', NULL, 79, NULL, 528.01, 528.01, 0.00, 794.00, 1.00, 'ERA PPR Pipe PN16 40mm 1.25" green', NULL, '', '', '', '', '', '', '', '', '', 0, 0, 1, 0, '', 0, '0000-00-00 00:00:00', '0000-00-00 00:00:00', NULL, NULL),
(464, 'ERA PPR Pipe PN20 32mm 1" green', NULL, 80, NULL, 364.20, 364.20, 0.00, 548.00, 1.00, 'ERA PPR PN20 32mm 1" green', NULL, '', '', '', '', '', '', '', '', '', 0, 0, 1, 0, '', 0, '0000-00-00 00:00:00', '0000-00-00 00:00:00', NULL, NULL),
(465, 'ERA PPR Reducer 40mmx1" green', NULL, 73, NULL, 0.00, 0.00, 0.00, 0.00, 1.00, 'ERA PPR Reducer 40mmx1" green', '', '', '', '', '', '', '', '', '', '', 0, 0, 1, 0, '', 0, '0000-00-00 00:00:00', '0000-00-00 00:00:00', NULL, ''),
(466, 'ERA PPR Stop Valve 20mm 0.5" green', NULL, 75, NULL, 147.63, 0.00, 0.00, 222.00, 1.00, 'ERA PPR Stop Valve 20mm 0.5" green', NULL, '', '', '', '', '', '', '', '', '', 0, 0, 1, 0, '', 0, '0000-00-00 00:00:00', '0000-00-00 00:00:00', NULL, NULL),
(467, 'ERA PPR Stop Valve 32mm 1" green', NULL, 75, NULL, 324.52, 0.00, 488.00, 488.00, 1.00, 'ERA PPR Stop Valve 32mm 1" green', NULL, '', '', '', '', '', '', '', '', '', 0, 0, 1, 0, '', 0, '0000-00-00 00:00:00', '0000-00-00 00:00:00', NULL, NULL),
(468, 'ERA PPR Stop Valve 40mm 1.25" green', NULL, 75, NULL, 0.00, 0.00, 0.00, 0.00, 1.00, NULL, NULL, NULL, NULL, NULL, NULL, NULL, NULL, NULL, NULL, NULL, 0, 0, 1, 0, NULL, 0, '0000-00-00 00:00:00', '0000-00-00 00:00:00', NULL, NULL),
(469, 'ERA PPR Tee Plain 20mm 0.5" green', NULL, 76, NULL, 7.32, 7.32, 11.00, 11.00, 1.00, 'ERA PPR Tee Plain 20mm 0.5" green', NULL, '', '', '', '', '', '', '', '', '', 0, 0, 1, 0, '', 0, '0000-00-00 00:00:00', '0000-00-00 00:00:00', NULL, NULL),
(470, 'ERA PPR Tee Plain 32mm 1" green', NULL, 76, NULL, 21.28, 0.00, 0.00, 32.00, 1.00, 'ERA PPR Tee Plain 32mm 1" green', NULL, '', '', '', '', '', '', '', '', '', 0, 0, 1, 0, '', 0, '0000-00-00 00:00:00', '0000-00-00 00:00:00', NULL, NULL),
(471, 'ERA PPR Tee Plain 40mm 1.25" green', NULL, 76, NULL, 0.00, 0.00, 0.00, 0.00, 1.00, NULL, NULL, NULL, NULL, NULL, NULL, NULL, NULL, NULL, NULL, NULL, 0, 0, 1, 0, NULL, 0, '0000-00-00 00:00:00', '0000-00-00 00:00:00', NULL, NULL),
(472, 'ERA PPR Tee Reducer 1"x0.5" (32mmx20mm) green', NULL, 77, NULL, 15.96, 15.96, 0.00, 24.00, 1.00, 'ERA PPR Tee Reducer 32mmx0.5" green', NULL, '', '', '', '', '', '', '', '', '', 0, 0, 1, 0, '', 0, '0000-00-00 00:00:00', '0000-00-00 00:00:00', NULL, NULL),
(473, 'ERA PPR Union Patente 1" green', NULL, 78, NULL, 57.19, 0.00, 0.00, 86.00, 1.00, 'ERA PPR Union Patente 1" green', NULL, '', '', '', '', '', '', '', '', '', 0, 0, 1, 0, '', 0, '0000-00-00 00:00:00', '0000-00-00 00:00:00', NULL, NULL),
(474, 'ERA PPR Male Adapter 20mm 0.5" White', NULL, 58, NULL, 81.80, 0.00, 0.00, 123.00, 1.00, 'ERA PPR Male Adapter 20mm 0.5" White', NULL, '', '', '', '', '', '', '', '', '', 0, 0, 1, 0, '', 0, '0000-00-00 00:00:00', '0000-00-00 00:00:00', NULL, NULL),
(475, 'ERA PPR Male Adapter 20mm 0.5" Green', NULL, 58, NULL, 81.80, 0.00, 123.00, 123.00, 1.00, 'ERA PPR Male Adapter 20mm 0.5" Green', NULL, '', '', '', '', '', '', '', '', '', 0, 0, 1, 0, '', 0, '0000-00-00 00:00:00', '0000-00-00 00:00:00', NULL, NULL),
(476, 'ERA PPR Female Tee 20mm 0.5" White', NULL, 54, NULL, 56.53, 0.00, 0.00, 85.00, 1.00, 'ERA PPR Female Tee 20mm 0.5" White', NULL, '', '', '', '', '', '', '', '', '', 0, 0, 1, 0, '', 0, '0000-00-00 00:00:00', '0000-00-00 00:00:00', NULL, NULL),
(477, 'ERA PPR Female Tee 20mm 0.5" Green', NULL, 54, NULL, 56.53, 0.00, 85.00, 85.00, 1.00, 'ERA PPR Female Tee 20mm 0.5" Green', NULL, '', '', '', '', '', '', '', '', '', 0, 0, 1, 0, '', 0, '0000-00-00 00:00:00', '0000-00-00 00:00:00', NULL, NULL),
(478, 'ERA PPR Coupling Reducer 1"x0.5" (32mmx20mm) green', NULL, 73, NULL, 7.30, 0.00, 0.00, 11.00, 1.00, 'ERA PPR Reducer 1"x0.5" (32mmx20mm) green', NULL, '', '', '', '', '', '', '', '', '', 0, 0, 1, 0, '', 0, '0000-00-00 00:00:00', '0000-00-00 00:00:00', NULL, NULL),
(479, 'ERA PPR Coupling Reducer 1"x0.5" (32mmx20mm) white', NULL, 73, NULL, 0.00, 0.00, 0.00, 11.00, 1.00, 'ERA PPR Reducer 1"x0.5" (32mmx20mm) white', NULL, '', '', '', '', '', '', '', '', '', 0, 0, 1, 0, '', 0, '0000-00-00 00:00:00', '0000-00-00 00:00:00', NULL, NULL),
(480, 'ERA PPR Elbow 32mm 1" green 45deg', NULL, 71, NULL, 13.30, 0.00, 0.00, 20.00, 1.00, 'ERA PPR Elbow 32mm 1" green 45deg', NULL, '', '', '', '', '', '', '', '', '', 0, 0, 1, 0, '', 0, '0000-00-00 00:00:00', '0000-00-00 00:00:00', NULL, NULL),
(482, 'ERA PPR Elbow 32mm 1" white 45deg', NULL, 71, NULL, 0.00, 0.00, 0.00, 20.00, 1.00, 'ERA PPR Elbow 32mm 1" white 45deg', NULL, '', '', '', '', '', '', '', '', '', 0, 0, 1, 0, '', 0, '0000-00-00 00:00:00', '0000-00-00 00:00:00', NULL, NULL),
(483, 'Cleaning Gun 1.5 Ft Straign Gun Yellow', NULL, 21, NULL, 0.00, 0.00, 0.00, 700.00, NULL, 'power sprayer gun', NULL, '', '', '', '', '', '', '', '', '', 0, 0, 1, 0, '', 0, '0000-00-00 00:00:00', '0000-00-00 00:00:00', NULL, NULL),
(484, 'Daichi Submersible Pump Sewage S-3033P 3HP 3PH', NULL, 40, NULL, 16500.00, 16500.00, 0.00, 19800.00, NULL, 'Daichi Submersible Pump Sewage S-3033P 3HP 3PH', NULL, '', '', '', '', '', '', '', '', '', 0, 0, 1, 0, '', 0, '0000-00-00 00:00:00', '0000-00-00 00:00:00', NULL, NULL),
(485, 'Repair', NULL, 1, NULL, 0.00, 0.00, 0.00, 0.00, NULL, 'Repair', NULL, '', '', '', '', '', '', '', '', '', 0, 0, 1, 0, '', 0, '0000-00-00 00:00:00', '0000-00-00 00:00:00', NULL, NULL),
(486, 'Duraflex THHN 2.0 Black # 14', NULL, 48, NULL, 1647.00, 0.00, 0.00, 1910.52, NULL, 'Duraflex THHN 2.0 Black', NULL, '', '', '', '', '', '', '', '', '', 0, 0, 1, 0, '', 0, '0000-00-00 00:00:00', '0000-00-00 00:00:00', NULL, NULL),
(487, 'Duraflex THHN 3.5 Black  # 12', NULL, 48, NULL, 2416.00, 0.00, 0.00, 2802.56, NULL, 'Duraflex THHN 3.5 Black', NULL, '', '', '', '', '', '', '', '', '', 0, 0, 1, 0, '', 0, '0000-00-00 00:00:00', '0000-00-00 00:00:00', NULL, NULL),
(488, 'PhelpsDodge THHN 2.0 Black', NULL, 45, NULL, 1863.00, 0.00, 0.00, 0.00, NULL, 'PhelpsDodge THHN 2.0 Black', NULL, '', '', '', '', '', '', '', '', '', 0, 0, 1, 0, '', 0, '0000-00-00 00:00:00', '0000-00-00 00:00:00', NULL, NULL),
(489, 'PhelpsDodge THHN 3.5 Black', NULL, 48, NULL, 2732.00, 0.00, 0.00, 0.00, NULL, 'PhelpsDodge THHN 3.5 Black', NULL, '', '', '', '', '', '', '', '', '', 0, 0, 1, 0, '', 0, '0000-00-00 00:00:00', '0000-00-00 00:00:00', NULL, NULL),
(490, 'Franklin 1 HP 1 PH', NULL, 5, NULL, 13000.00, 10575.00, 0.00, 0.00, 0.00, 'Franklin 1 HP 1 PH', NULL, '', '', '', '', '', '', '', '', '', 0, 0, 1, 0, '', 0, '0000-00-00 00:00:00', '0000-00-00 00:00:00', NULL, NULL),
(491, 'Stairs Submersible Pump 1 HP SP 2507 (Stainless Impeller)', NULL, 40, NULL, 0.00, 3882.00, 0.00, 0.00, NULL, 'Stairs 1 HP SP 2507 (Stainless Impeller)', NULL, '', '', '', '', '', '', '', '', '', 0, 0, 1, 0, '', 0, '0000-00-00 00:00:00', '0000-00-00 00:00:00', NULL, NULL),
(492, 'Franklin Control Box 1HP ', NULL, 21, NULL, 2800.00, 0.00, 0.00, 0.00, NULL, 'Franklin Control Box 1HP ', NULL, '', '', '', '', '', '', '', '', '', 0, 0, 1, 0, '', 0, '0000-00-00 00:00:00', '0000-00-00 00:00:00', NULL, NULL),
(493, 'ACME Submersible Cable # 10', NULL, 21, NULL, 303.70, 0.00, 0.00, 0.00, NULL, 'ACME Submersible Cable # 10', NULL, '', '', '', '', '', '', '', '', '', 0, 0, 1, 0, '', 0, '0000-00-00 00:00:00', '0000-00-00 00:00:00', NULL, NULL),
(494, 'Control Panel Submersible Deepwell Duplex Type 1HP 1PH ', NULL, 21, NULL, 16800.00, 0.00, 0.00, 0.00, NULL, 'Control Panel Submersible Deepwell Duplex Type 1HP 1PH ', NULL, '', '', '', '', '', '', '', '', '', 0, 0, 1, 0, '', 0, '0000-00-00 00:00:00', '0000-00-00 00:00:00', NULL, NULL),
(495, 'Corrugated Suction Hose 2" 1m CH2', NULL, 21, NULL, 0.00, 0.00, 0.00, 200.00, NULL, 'Corrugated Suction Hose 2" 1m CH2', NULL, '', '', '', '', '', '', '', '', '', 0, 0, 1, 0, '', 0, '0000-00-00 00:00:00', '0000-00-00 00:00:00', NULL, NULL),
(496, 'Mabuhay Christmas Lights DL 100L', NULL, 45, NULL, 150.00, 0.00, 0.00, 200.00, NULL, 'Mabuhay Christmas Lights DL 100L', NULL, '', '', '', '', '', '', '', '', '', 0, 0, 1, 0, '', 0, '0000-00-00 00:00:00', '0000-00-00 00:00:00', NULL, NULL),
(497, 'Mabuhay Christmas Lights WW 100L', NULL, 45, NULL, 150.00, 0.00, 0.00, 200.00, NULL, 'Mabuhay Christmas Lights WW 100L', NULL, '', '', '', '', '', '', '', '', '', 0, 0, 1, 0, '', 0, '0000-00-00 00:00:00', '0000-00-00 00:00:00', NULL, NULL),
(498, 'ERA PPR Pipe PN16 25mm 0.75" green', NULL, 79, NULL, 188.86, 0.00, 0.00, 0.00, 1.00, 'ERA PPR Pipe PN16 25mm 0.75" green', NULL, '', '', '', '', '', '', '', '', '', 0, 0, 1, 0, '', 0, '0000-00-00 00:00:00', '0000-00-00 00:00:00', NULL, NULL),
(499, 'BigLite LED Flood Ligth 30 W', NULL, 45, NULL, 900.00, 900.00, 0.00, 1440.00, NULL, 'BigLite LED Flood Ligth 30 W', NULL, '', '', '', '', '', '', '', '', '', 0, 0, 1, 0, '', 0, '0000-00-00 00:00:00', '0000-00-00 00:00:00', NULL, NULL),
(500, 'Stairs Horizontal MultiStage CHB2-50 1HP, 1PH', NULL, 40, NULL, 9520.00, 9520.00, 0.00, 14520.00, NULL, 'Stairs Horizontal MultiStage CHB2-50 1HP, 1PH', NULL, '', '', '', '', '', '', '', '', '', 0, 0, 1, 0, '', 0, '0000-00-00 00:00:00', '0000-00-00 00:00:00', NULL, NULL),
(501, 'Square D (Schneider) Pressure Switch 60 - 40 PSI', NULL, 21, NULL, 1300.00, 1300.00, 0.00, 2300.00, NULL, 'Square D (Schneider) Pressure Switch 60 - 40 PSI', NULL, '', '', '', '', '', '', '', '', '', 0, 0, 1, 0, '', 0, '0000-00-00 00:00:00', '0000-00-00 00:00:00', NULL, NULL),
(502, 'PW electrode', NULL, 21, NULL, 350.00, 350.00, 0.00, 700.00, NULL, 'PW electrode', NULL, '', '', '', '', '', '', '', '', '', 0, 0, 1, 0, '', 0, '0000-00-00 00:00:00', '0000-00-00 00:00:00', NULL, NULL),
(503, 'Stairs Submersible Pump M-SP 2507', NULL, 40, NULL, 3882.00, 0.00, 0.00, 0.00, NULL, 'Stairs Submersible Pump M-SP 2507', NULL, '', '', '', '', '', '', '', '', '', 0, 0, 1, 0, '', 0, '0000-00-00 00:00:00', '0000-00-00 00:00:00', NULL, NULL),
(504, '3M Rubber Tape # 2323', NULL, 21, NULL, 390.00, 0.00, 0.00, 550.00, NULL, '3M Rubber Tape # 2323', NULL, '', '', '', '', '', '', '', '', '', 0, 0, 1, 0, '', 0, '0000-00-00 00:00:00', '0000-00-00 00:00:00', NULL, NULL),
(505, '3M Plastic Tape # 33', NULL, 21, NULL, 260.00, 0.00, 0.00, 450.00, NULL, '3M Plastic Tape # 33', NULL, '', '', '', '', '', '', '', '', '', 0, 0, 1, 0, '', 0, '0000-00-00 00:00:00', '0000-00-00 00:00:00', NULL, NULL),
(506, 'Sunny Duct Hose 4x4" 100 m', NULL, 21, NULL, 3700.00, 0.00, 0.00, 4800.00, NULL, 'Sunny Duct Hose 4" 100 Mtrs', NULL, '', '', '', '', '', '', '', '', '', 0, 0, 1, 0, '', 0, '0000-00-00 00:00:00', '0000-00-00 00:00:00', NULL, NULL),
(507, 'Sunny Duct Hose 4" 1 Mtr', NULL, 21, NULL, 0.00, 0.00, 0.00, 65.00, NULL, 'Sunny Duct Hose 4" 1 Mtr', NULL, '', '', '', '', '', '', '', '', '', 0, 0, 1, 0, '', 0, '0000-00-00 00:00:00', '0000-00-00 00:00:00', NULL, NULL),
(508, 'Square D (USA) Pressure Switch 20 - 40 PSI', NULL, 21, NULL, 0.00, 0.00, 0.00, 500.00, NULL, 'Square D (USA) Pressure Switch 20 - 40 PSI', NULL, '', '', '', '', '', '', '', '', '', 0, 0, 1, 0, '', 0, '0000-00-00 00:00:00', '0000-00-00 00:00:00', NULL, NULL),
(509, 'Sunny Duct Hose 3" 1 Mtr', NULL, 21, NULL, 0.00, 0.00, 0.00, 50.40, NULL, 'Sunny Duct Hose 3" 1 Mtr', NULL, '', '', '', '', '', '', '', '', '', 0, 0, 1, 0, '', 0, '0000-00-00 00:00:00', '0000-00-00 00:00:00', NULL, NULL),
(510, 'Hose Clamp 3"', NULL, 21, NULL, 0.00, 0.00, 0.00, 40.00, NULL, 'Hose Clamp 3"', NULL, '', '', '', '', '', '', '', '', '', 0, 0, 1, 0, '', 0, '0000-00-00 00:00:00', '0000-00-00 00:00:00', NULL, NULL),
(511, 'Hose Clamp 4"', NULL, 21, NULL, 0.00, 0.00, 0.00, 47.00, NULL, 'Hose Clamp 4"', NULL, '', '', '', '', '', '', '', '', '', 0, 0, 1, 0, '', 0, '0000-00-00 00:00:00', '0000-00-00 00:00:00', NULL, NULL),
(512, 'Bestank HBST2000 Horizontal', NULL, 51, NULL, 23404.90, 0.00, 0.00, 27374.25, NULL, 'Bestank HBST2000 Horizontal', '', '', '', '', '', '', '', '', '', '', 0, 0, 1, 0, '', 0, NULL, NULL, NULL, ''),
(513, 'Sunny Duct Hose 3x3 100 m', NULL, 21, NULL, 2800.00, 0.00, 0.00, 4000.00, NULL, 'Sunny Duct Hose 3x3 100 m', NULL, '', '', '', '', '', '', '', '', '', 0, 0, 1, 0, '', 0, '0000-00-00 00:00:00', '0000-00-00 00:00:00', NULL, NULL),
(515, 'Speroni CAM 100', NULL, 40, NULL, 5165.00, 0.00, 0.00, 7500.00, NULL, 'Speroni CAM 100', NULL, '', '', '', '', '', '', '', '', '', 0, 0, 1, 0, '', 0, NULL, NULL, NULL, ''),
(516, 'Stairs Horizontal MultiStage CHB2-60 1.5 HP, 1PH', NULL, 40, NULL, 10200.00, 0.00, 0.00, 0.00, NULL, ' Stairs Horizontal MultiStage CHB2-60 1.5 HP, 1PH', NULL, '', '', '', '', '', '', '', '', '', 0, 0, 1, 0, '', 0, '0000-00-00 00:00:00', '0000-00-00 00:00:00', NULL, NULL),
(517, 'Water Check Water Filter WCB-05 10" Activated Carbon', NULL, 21, NULL, 200.00, 0.00, 0.00, 400.00, NULL, 'Water Check Water Filter 10" Activated Carbon', NULL, '', '', '', '', '', '', '', '', '', 0, 0, 1, 0, '', 0, '0000-00-00 00:00:00', '0000-00-00 00:00:00', NULL, NULL),
(518, 'Water Check Water Filter PB-05 10" Sediment Filter Washable', NULL, 21, NULL, 100.00, 0.00, 0.00, 200.00, NULL, 'Water Check Water Filter 10" Sediment Filter Washable', NULL, '', '', '', '', '', '', '', '', '', 0, 0, 1, 0, '', 0, '0000-00-00 00:00:00', '0000-00-00 00:00:00', NULL, NULL),
(519, 'BigLite LED Flood Ligth 10 W DL', NULL, 45, NULL, 440.00, 0.00, 0.00, 750.00, NULL, 'BigLite LED Flood Ligth 10 W DL', NULL, '', '', '', '', '', '', '', '', '', 0, 0, 1, 0, '', 0, '0000-00-00 00:00:00', '0000-00-00 00:00:00', NULL, NULL),
(520, 'BigLite LED Flood Ligth 20 W DL', NULL, 45, NULL, 800.00, 0.00, 0.00, 1280.00, NULL, 'BigLite LED Flood Ligth 20 W DL', NULL, '', '', '', '', '', '', '', '', '', 0, 0, 1, 0, '', 0, '0000-00-00 00:00:00', '0000-00-00 00:00:00', NULL, NULL),
(521, 'BigLite LED Flood Ligth 50 W DL', NULL, 45, NULL, 1440.00, 0.00, 0.00, 2304.00, NULL, 'BigLite LED Flood Ligth 50 W DL', NULL, '', '', '', '', '', '', '', '', '', 0, 0, 1, 0, '', 0, '0000-00-00 00:00:00', '0000-00-00 00:00:00', NULL, NULL),
(522, 'GE Plugin In 40 Amp  2 Pole', NULL, 21, NULL, 602.00, 0.00, 0.00, 0.00, NULL, 'GE Plugin In 40 Amp  2 Pole', NULL, '', '', '', '', '', '', '', '', '', 0, 0, 1, 0, '', 0, '0000-00-00 00:00:00', '0000-00-00 00:00:00', NULL, NULL),
(523, 'Supreme Tank 42 gals., SS-304#14', NULL, 41, NULL, 7000.00, 0.00, 0.00, 10500.00, NULL, 'Supreme Tank 42 gals., SS-304#14', NULL, '', '', '', '', '', '', '', '', '', 0, 0, 1, 0, '', 0, '0000-00-00 00:00:00', '0000-00-00 00:00:00', NULL, NULL),
(524, 'coupled Speroni CAM100 + 21 Gals SS-304#16', NULL, 43, NULL, 0.00, 0.00, 11700.00, 12500.00, NULL, 'coupled Speroni CAM100 + 21 Gals SS-304#16', NULL, '', '', '', '', '', '', '', '', '', 0, 0, 1, 0, '', 0, '0000-00-00 00:00:00', '0000-00-00 00:00:00', NULL, NULL),
(525, 'Goulds GT20 2HP 1PH', NULL, 40, NULL, 18725.00, 0.00, 0.00, 25000.00, NULL, 'Goulds GT20 2HP 1PH', NULL, '', '', '', '', '', '', '', '', '', 0, 0, 1, 0, '', 0, '0000-00-00 00:00:00', '0000-00-00 00:00:00', NULL, NULL),
(526, 'Dynaflo Bladder Tank SDF50010V Vertical 132 GAL, 500 LTRS', NULL, 41, NULL, 30089.00, 0.00, 0.00, 42089.00, NULL, 'Dynaflo SDF50010V Vertical 132 GAL, 500 LTRS', NULL, '', '', '', '', '', '', '', '', '', 0, 0, 1, 0, '', 0, '0000-00-00 00:00:00', '0000-00-00 00:00:00', NULL, NULL),
(527, 'Fuji Magnetic Switch w/ Eclosure 12-18 AMPS', NULL, 21, NULL, 2205.00, 0.00, 0.00, 2976.00, NULL, 'Fuji Magnetic Switch w/ Eclosure 12-18 AMPS', NULL, '', '', '', '', '', '', '', '', '', 0, 0, 1, 0, '', 0, '0000-00-00 00:00:00', '0000-00-00 00:00:00', NULL, NULL),
(528, 'Solderless Connector 1000mcm', NULL, 21, NULL, 0.00, 0.00, 0.00, 1500.00, NULL, 'Solderless Connector 1000mcm', NULL, '', '', '', '', '', '', '', '', '', 0, 0, 1, 0, '', 0, '0000-00-00 00:00:00', '0000-00-00 00:00:00', NULL, NULL),
(529, 'ERA PPR End Cap 25mm 0.75" green', NULL, 74, NULL, 5.32, 0.00, 0.00, 8.00, 1.00, 'ERA PPR End Cap 25mm 0.75" green', NULL, '', '', '', '', '', '', '', '', '', 0, 0, 1, 0, '', 0, '0000-00-00 00:00:00', '0000-00-00 00:00:00', NULL, NULL),
(530, 'ERA PPR Shower Valve 20mm 0.5" green', NULL, 82, NULL, 324.52, 0.00, 0.00, 488.00, 1.00, 'ERA PPR Shower Valve 20mm 0.5" green', NULL, '', '', '', '', '', '', '', '', '', 0, 0, 1, 0, '', 0, '0000-00-00 00:00:00', '0000-00-00 00:00:00', NULL, NULL),
(531, 'ERA PPR Male Plug 20mm 0.5" green', NULL, 60, NULL, 3.33, 0.00, 0.00, 5.00, 1.00, 'ERA PPR Male Plug 20mm 0.5" green', NULL, '', '', '', '', '', '', '', '', '', 0, 0, 1, 0, '', 0, '0000-00-00 00:00:00', '0000-00-00 00:00:00', NULL, NULL),
(532, 'ERA PPR Tee Reducer 3/4"x0.5" (25mmx20mm) green', NULL, 77, NULL, 10.64, 0.00, 0.00, 16.00, 1.00, 'ERA PPR Tee Reducer 25mmx0.5" green', NULL, '', '', '', '', '', '', '', '', '', 0, 0, 1, 0, '', 0, '0000-00-00 00:00:00', '0000-00-00 00:00:00', NULL, NULL),
(533, 'ERA PPR Elbow 25mm 0.75" green', NULL, 71, NULL, 9.98, 0.00, 0.00, 15.00, 1.00, 'ERA PPR Elbow 25mm 0.75" green', NULL, '', '', '', '', '', '', '', '', '', 0, 0, 1, 0, '', 0, '0000-00-00 00:00:00', '0000-00-00 00:00:00', NULL, NULL),
(534, 'ERA PPR Coupling Reducer 0.75"x0.5" (25mmx20mm) green', NULL, 73, NULL, 5.32, 0.00, 0.00, 8.00, 1.00, 'ERA PPR Coupling Reducer 0.75"x0.5" (25mmx20mm) green', NULL, '', '', '', '', '', '', '', '', '', 0, 0, 1, 0, '', 0, '0000-00-00 00:00:00', '0000-00-00 00:00:00', NULL, NULL),
(535, 'Power Sprayer Ball Valve', NULL, 21, NULL, 85.00, 0.00, 0.00, 180.00, NULL, 'Aircompressor Ball Valve', NULL, '', '', '', '', '', '', '', '', '', 0, 0, 1, 0, '', 0, '0000-00-00 00:00:00', '0000-00-00 00:00:00', NULL, NULL),
(536, 'Pure Prime Water Filter 20SL- Carbon FIlter', NULL, 21, NULL, 350.00, 0.00, 0.00, 470.00, NULL, 'Pure Prime Water Filter 20SL- Carbon FIlter', NULL, '', '', '', '', '', '', '', '', '', 0, 0, 1, 0, '', 0, '0000-00-00 00:00:00', '0000-00-00 00:00:00', NULL, NULL),
(537, 'Water Check Water Filter 20SL- Plain FIlter 5 Micron', NULL, 21, NULL, 100.00, 0.00, 0.00, 250.00, NULL, 'Water Check Water Filter 20SL- Plain FIlter 5 Micron', NULL, '', '', '', '', '', '', '', '', '', 0, 0, 1, 0, '', 0, '0000-00-00 00:00:00', '0000-00-00 00:00:00', NULL, NULL),
(538, 'coupled Speroni CAM100 + 12 Gals SS-304#16', NULL, 38, NULL, 0.00, 0.00, 10080.00, 10800.00, NULL, 'coupled Speroni CAM100 + 12 Gals SS-304#16', NULL, '', '', '', '', '', '', '', '', '', 0, 0, 1, 0, '', 0, '0000-00-00 00:00:00', '0000-00-00 00:00:00', NULL, NULL),
(539, 'Bestank BSTR 20000', NULL, 91, NULL, 0.00, 0.00, 0.00, 0.00, 100.00, 'Vertical Stainless Storage Tank 20000 Liters', '', '20000', '4000', '', '', '', '', '', '', '', 0, 0, 1, 0, '', 0, NULL, NULL, NULL, '');

-- --------------------------------------------------------

--
-- Table structure for table `productcategory`
--

CREATE TABLE IF NOT EXISTS `productcategory` (
  `id` int(11) NOT NULL AUTO_INCREMENT,
  `name` varchar(20) DEFAULT NULL,
  `producttype_id` int(11) NOT NULL,
  PRIMARY KEY (`id`),
  KEY `producttype_id_idx` (`producttype_id`)
) ENGINE=InnoDB DEFAULT CHARSET=latin1 AUTO_INCREMENT=1 ;

-- --------------------------------------------------------

--
-- Table structure for table `producttype`
--

CREATE TABLE IF NOT EXISTS `producttype` (
  `id` int(11) NOT NULL AUTO_INCREMENT,
  `name` varchar(50) DEFAULT NULL,
  `description` varchar(100) DEFAULT NULL,
  `parent_id` int(11) DEFAULT NULL,
  `priority` int(11) DEFAULT NULL,
  `product_name_format` varchar(100) DEFAULT NULL,
  `product_description_format` varchar(100) DEFAULT NULL,
  `max_buy_formula` varchar(100) DEFAULT NULL,
  `min_buy_formula` varchar(100) DEFAULT NULL,
  `max_sell_formula` varchar(100) DEFAULT NULL,
  `min_sell_formula` varchar(100) DEFAULT NULL,
  `base_formula` varchar(100) DEFAULT NULL,
  `speccount` int(11) NOT NULL DEFAULT '0',
  `spec1` varchar(30) DEFAULT NULL,
  `spec2` varchar(30) DEFAULT NULL,
  `spec3` varchar(30) DEFAULT NULL,
  `spec4` varchar(30) DEFAULT NULL,
  `spec5` varchar(30) DEFAULT NULL,
  `spec6` varchar(30) DEFAULT NULL,
  `spec7` varchar(30) DEFAULT NULL,
  `spec8` varchar(30) DEFAULT NULL,
  `spec9` varchar(30) DEFAULT NULL,
  `path_ids` varchar(20) DEFAULT NULL,
  `path` varchar(50) DEFAULT NULL,
  `status` enum('OK','Update Required') NOT NULL DEFAULT 'Update Required',
  `notes` text,
  PRIMARY KEY (`id`),
  KEY `parent_id` (`parent_id`)
) ENGINE=InnoDB  DEFAULT CHARSET=latin1 AUTO_INCREMENT=93 ;

--
-- Dumping data for table `producttype`
--

INSERT INTO `producttype` (`id`, `name`, `description`, `parent_id`, `priority`, `product_name_format`, `product_description_format`, `max_buy_formula`, `min_buy_formula`, `max_sell_formula`, `min_sell_formula`, `base_formula`, `speccount`, `spec1`, `spec2`, `spec3`, `spec4`, `spec5`, `spec6`, `spec7`, `spec8`, `spec9`, `path_ids`, `path`, `status`, `notes`) VALUES
(1, ' Misc', NULL, 1, NULL, '', NULL, NULL, NULL, NULL, NULL, NULL, 0, '', '', '', '', '', NULL, NULL, NULL, NULL, '1', ' Misc', 'Update Required', ''),
(5, 'Electric Motor', '', 1, 8, ' ', ' ', ' ', ' ', 'base less 15', 'base * 3', '0', 1, '', '', '', '', '', '', '', '', '', '1 5', ' Misc > Electric Motor', 'Update Required', ''),
(21, 'Accessories', '', 1, 2, '', NULL, NULL, NULL, NULL, NULL, NULL, 0, '', '', '', '', '', '', '', '', '', '21', 'Accessories', 'Update Required', ''),
(37, 'KGen', '', 1, 18, '', NULL, NULL, NULL, NULL, NULL, NULL, 0, '', '', '', '', '', '', '', '', '', '37', 'KGen', 'Update Required', ''),
(38, 'Sets', '', 1, 28, '', NULL, NULL, NULL, NULL, NULL, NULL, 0, '', '', '', '', '', '', '', '', '', '38', 'Sets', 'Update Required', ''),
(39, 'Valves', '', 1, 32, '', NULL, NULL, NULL, NULL, NULL, NULL, 0, '', '', '', '', '', '', '', '', '', '39', 'Valves', 'Update Required', ''),
(40, 'Pumps', '', 1, 26, '', NULL, NULL, NULL, NULL, NULL, NULL, 0, '', '', '', '', '', '', '', '', '', '40', 'Pumps', 'Update Required', ''),
(41, 'Tanks', '', 1, 30, '', NULL, NULL, NULL, NULL, NULL, NULL, 0, '', '', '', '', '', '', '', '', '', '41', 'Tanks', 'Update Required', ''),
(42, 'HDPE', '', 1, 14, '', NULL, NULL, NULL, NULL, NULL, NULL, 0, '', '', '', '', '', '', '', '', '', '42', 'HDPE', 'Update Required', ''),
(43, 'Others', '', 1, 22, '', NULL, NULL, NULL, NULL, NULL, NULL, 0, '', '', '', '', '', '', '', '', '', '43', 'Others', 'Update Required', ''),
(44, 'GI Fittings', '', 1, 12, '', NULL, NULL, NULL, NULL, NULL, NULL, 0, '', '', '', '', '', '', '', '', '', '44', 'GI Fittings', 'Update Required', ''),
(45, 'Lights', '', 1, 20, '', NULL, NULL, NULL, NULL, NULL, NULL, 0, '', '', '', '', '', '', '', '', '', '45', 'Lights', 'Update Required', ''),
(46, 'PPR', '', 1, 24, '', '', '', '', '', '', '1', 0, '', '', '', '', '', '', '', '', '', '1 46', ' Misc > PPR', 'Update Required', ''),
(47, 'Engine', '', 1, 10, '', NULL, NULL, NULL, NULL, NULL, NULL, 0, '', '', '', '', '', '', '', '', '', '47', 'Engine', 'Update Required', ''),
(48, 'Wire', '', 1, 34, '', NULL, NULL, NULL, NULL, NULL, NULL, 0, '', '', '', '', '', '', '', '', '', '48', 'Wire', 'Update Required', ''),
(49, 'Heater', '', 1, 16, '', NULL, NULL, NULL, NULL, NULL, NULL, 0, '', '', '', '', '', '', '', '', '', '49', 'Heater', 'Update Required', ''),
(50, 'Bestank BSTR', 'Vertical Stainless Storage Tank', 1, 4, 'producttype+pad+6+liters', 'producttypedesc+ +liters+ +''Liters', NULL, NULL, NULL, NULL, NULL, 2, 'Liters', 'Gallons', '', '', '', '', '', '', '', '1 50', ' Misc > Bestank BSTR', 'Update Required', ''),
(51, 'Bestank HBST', 'Horizontal Stainless Storage Tank', 1, 6, '', NULL, NULL, NULL, NULL, NULL, NULL, 2, 'Liters', 'Gallons', '', '', '', '', '', '', '', '1 51', ' Misc > Bestank HBST', 'Update Required', ''),
(52, 'ERA PPR Female Elbow', '', 46, 12, '', '', '', '', '', '', '1', 1, 'Size', '', '', '', '', '', '', '', '', '1 46 52', ' Misc > PPR > ERA PPR Female Elbow', 'Update Required', ''),
(53, 'ERA PPR Female Adapter', '', 46, 10, '', '', '', '', '', '', '1', 1, 'Size', '', '', '', '', '', '', '', '', '1 46 53', ' Misc > PPR > ERA PPR Female Adapter', 'Update Required', ''),
(54, 'ERA PPR Female Tee', '', 46, 14, '', '', '', '', '', '', '1', 1, 'Size', '', '', '', '', '', '', '', '', '1 46 54', ' Misc > PPR > ERA PPR Female Tee', 'Update Required', ''),
(55, 'Era HDPE Female Tee', '', 42, 10, '', '', '', '', '', '', '', 1, 'Size', '', '', '', '', '', '', '', '', '1 46 55', ' Misc > PPR > Era HDPE Female Tee', 'Update Required', ''),
(56, 'Era HDPE Female Threaded Adapter', '', 42, 12, '', '', '', '', '', '', '', 1, 'Size', '', '', '', '', '', '', '', '', '1 46 56', ' Misc > PPR > Era HDPE Female Threaded Adapter', 'Update Required', ''),
(57, 'Era HDPE Female Elbow', '', 42, 8, '', '', '', '', '', '', '', 1, 'Size', '', '', '', '', '', '', '', '', '1 46 57', ' Misc > PPR > Era HDPE Female Elbow', 'Update Required', ''),
(58, 'ERA PPR Male Adapter', '', 46, 16, '', '', '', '', '', '', '1', 1, 'Size', '', '', '', '', '', '', '', '', '1 46 58', ' Misc > PPR > ERA PPR Male Adapter', 'Update Required', ''),
(59, 'Era HDPE Male Tee', '', 42, 18, '', '', '', '', '', '', '', 1, 'Size', '', '', '', '', '', '', '', '', '1 46 59', ' Misc > PPR > Era HDPE Male Tee', 'Update Required', ''),
(60, 'ERA PPR Male Plug', '', 46, 18, '', '', '', '', '', '', '1', 1, 'Size', '', '', '', '', '', '', '', '', '1 46 60', ' Misc > PPR > ERA PPR Male Plug', 'Update Required', ''),
(61, 'ERA HDPE Male Elbow', '', 42, 16, '', '', '', '', '', '', '', 1, 'Size', '', '', '', '', '', '', '', '', '1 46 61', ' Misc > PPR > ERA HDPE Male Elbow', 'Update Required', ''),
(62, 'ERA HDPE Male Adapter', '', 42, 14, '', '', '', '', '', '', '', 1, 'Size', '', '', '', '', '', '', '', '', '1 46 62', ' Misc > PPR > ERA HDPE Male Adapter', 'Update Required', ''),
(63, 'Era HDPE Elbow', '', 42, 6, '', '', '', '', '', '', '', 0, '', '', '', '', '', '', '', '', '', '1 42 63', ' Misc > HDPE > Era HDPE Elbow', 'Update Required', ''),
(64, 'Era HDPE Tee', '', 42, 22, '', '', '', '', '', '', '', 0, '', '', '', '', '', '', '', '', '', '1 42 64', ' Misc > HDPE > Era HDPE Tee', 'Update Required', ''),
(65, 'Era HDPE Tee Reducer', '', 42, 24, '', '', '', '', '', '', '', 0, '', '', '', '', '', '', '', '', '', '1 42 65', ' Misc > HDPE > Era HDPE Tee Reducer', 'Update Required', ''),
(66, 'Era HDPE Reducer', '', 42, 20, '', '', '', '', '', '', '', 0, '', '', '', '', '', '', '', '', '', '1 42 66', ' Misc > HDPE > Era HDPE Reducer', 'Update Required', ''),
(67, 'Era HDPE Coupling', '', 42, 4, '', '', '', '', '', '', '', 0, '', '', '', '', '', '', '', '', '', '1 42 67', ' Misc > HDPE > Era HDPE Coupling', 'Update Required', ''),
(68, 'Era HDPE Cap', '', 42, 2, '', '', '', '', '', '', '', 0, '', '', '', '', '', '', '', '', '', '1 42 68', ' Misc > HDPE > Era HDPE Cap', 'Update Required', ''),
(69, 'Torus HDPE Pipe SDR11 Roll', '', 42, 28, 'producttype+ +color+ +diameter+"', '', '', '', '', '', '', 2, 'Color', 'Diameter', '', '', '', '', '', '', '', '1 42 69', ' Misc > HDPE > Torus HDPE Pipe SDR11 Roll', 'Update Required', ''),
(70, 'Torus HDPE Pipe SDR11 Per Meter', '', 42, 26, 'producttype+ +color+ +diameter+"', '', '', '', '', '', '', 2, 'Color', 'Diameter', '', '', '', '', '', '', '', '1 42 70', ' Misc > HDPE > Torus HDPE Pipe SDR11 Per Meter', 'Update Required', ''),
(71, 'ERA PPR Elbow', '', 46, 6, '', '', '', '', '', '', '1', 0, '', '', '', '', '', '', '', '', '', '1 46 71', ' Misc > PPR > ERA PPR Elbow', 'Update Required', ''),
(72, 'ERA PPR Coupling', NULL, 46, 2, NULL, NULL, NULL, NULL, NULL, NULL, '1', 0, NULL, NULL, NULL, NULL, NULL, NULL, NULL, NULL, NULL, NULL, NULL, 'Update Required', NULL),
(73, 'ERA PPR Coupling Reducer', NULL, 46, 4, NULL, NULL, NULL, NULL, NULL, NULL, '1', 0, NULL, NULL, NULL, NULL, NULL, NULL, NULL, NULL, NULL, NULL, NULL, 'Update Required', NULL),
(74, 'ERA PPR End Cap', NULL, 46, 8, NULL, NULL, NULL, NULL, NULL, NULL, '1', 0, NULL, NULL, NULL, NULL, NULL, NULL, NULL, NULL, NULL, NULL, NULL, 'Update Required', NULL),
(75, 'ERA PPR Stop Valve', NULL, 46, 28, NULL, NULL, NULL, NULL, NULL, NULL, '1', 0, NULL, NULL, NULL, NULL, NULL, NULL, NULL, NULL, NULL, NULL, NULL, 'Update Required', NULL),
(76, 'ERA PPR Tee Plain', NULL, 46, 30, NULL, NULL, NULL, NULL, NULL, NULL, '1', 0, NULL, NULL, NULL, NULL, NULL, NULL, NULL, NULL, NULL, NULL, NULL, 'Update Required', NULL),
(77, 'ERA PPR Tee Reducer', NULL, 46, 32, NULL, NULL, NULL, NULL, NULL, NULL, '1', 0, NULL, NULL, NULL, NULL, NULL, NULL, NULL, NULL, NULL, NULL, NULL, 'Update Required', NULL),
(78, 'ERA PPR Union Patente', NULL, 46, 34, NULL, NULL, NULL, NULL, NULL, NULL, '1', 0, NULL, NULL, NULL, NULL, NULL, NULL, NULL, NULL, NULL, NULL, NULL, 'Update Required', NULL),
(79, 'ERA PPR Pipe PN16', NULL, 46, 20, NULL, NULL, NULL, NULL, NULL, NULL, '1', 0, NULL, NULL, NULL, NULL, NULL, NULL, NULL, NULL, NULL, NULL, NULL, 'Update Required', NULL),
(80, 'ERA PPR Pipe PN20', NULL, 46, 22, NULL, NULL, NULL, NULL, NULL, NULL, '1', 0, NULL, NULL, NULL, NULL, NULL, NULL, NULL, NULL, NULL, NULL, NULL, 'Update Required', NULL),
(81, 'ERA PPR Pipe PN25', NULL, 46, 24, NULL, NULL, NULL, NULL, NULL, NULL, '1', 0, NULL, NULL, NULL, NULL, NULL, NULL, NULL, NULL, NULL, NULL, NULL, 'Update Required', NULL),
(82, 'ERA PPR Shower Valve', NULL, 46, 26, NULL, NULL, NULL, NULL, NULL, NULL, '1', 0, NULL, NULL, NULL, NULL, NULL, NULL, NULL, NULL, NULL, NULL, NULL, 'Update Required', NULL),
(83, 'GI Bushing', NULL, 44, NULL, NULL, NULL, NULL, NULL, NULL, NULL, NULL, 0, NULL, NULL, NULL, NULL, NULL, NULL, NULL, NULL, NULL, NULL, NULL, 'Update Required', NULL),
(84, 'GI Tee', NULL, 44, NULL, NULL, NULL, NULL, NULL, NULL, NULL, NULL, 0, NULL, NULL, NULL, NULL, NULL, NULL, NULL, NULL, NULL, NULL, NULL, 'Update Required', NULL),
(85, 'GI Plug', NULL, 44, NULL, NULL, NULL, NULL, NULL, NULL, NULL, NULL, 0, NULL, NULL, NULL, NULL, NULL, NULL, NULL, NULL, NULL, NULL, NULL, 'Update Required', NULL),
(86, 'GI Socket Reducer', NULL, 44, NULL, NULL, NULL, NULL, NULL, NULL, NULL, NULL, 0, NULL, NULL, NULL, NULL, NULL, NULL, NULL, NULL, NULL, NULL, NULL, 'Update Required', NULL),
(87, 'GI Nipple', NULL, 44, NULL, NULL, NULL, NULL, NULL, NULL, NULL, NULL, 0, NULL, NULL, NULL, NULL, NULL, NULL, NULL, NULL, NULL, NULL, NULL, 'Update Required', NULL),
(88, 'GI Elbow', NULL, 44, NULL, NULL, NULL, NULL, NULL, NULL, NULL, NULL, 0, NULL, NULL, NULL, NULL, NULL, NULL, NULL, NULL, NULL, NULL, NULL, 'Update Required', NULL),
(89, 'GI Elbow Reducer', NULL, 44, NULL, NULL, NULL, NULL, NULL, NULL, NULL, NULL, 0, NULL, NULL, NULL, NULL, NULL, NULL, NULL, NULL, NULL, NULL, NULL, 'Update Required', NULL),
(90, 'GI Cross Tee', NULL, 44, NULL, NULL, NULL, NULL, NULL, NULL, NULL, NULL, 0, NULL, NULL, NULL, NULL, NULL, NULL, NULL, NULL, NULL, NULL, NULL, 'Update Required', NULL),
(91, 'Unitank', NULL, 1, NULL, NULL, NULL, NULL, NULL, NULL, NULL, NULL, 0, NULL, NULL, NULL, NULL, NULL, NULL, NULL, NULL, NULL, NULL, NULL, 'Update Required', NULL),
(92, 'S-Tank', NULL, 1, NULL, NULL, NULL, NULL, NULL, NULL, NULL, NULL, 0, NULL, NULL, NULL, NULL, NULL, NULL, NULL, NULL, NULL, NULL, NULL, 'Update Required', NULL);

-- --------------------------------------------------------

--
-- Table structure for table `profitdetail`
--

CREATE TABLE IF NOT EXISTS `profitdetail` (
  `id` int(11) NOT NULL AUTO_INCREMENT,
  `product_id` int(11) NOT NULL,
  `invoice_id` int(11) NOT NULL,
  `purchase_id` int(11) NOT NULL,
  `invoicedetail_id` int(11) NOT NULL,
  `purchasedetail_id` int(11) NOT NULL,
  `invoicedate` date NOT NULL,
  `purchasedate` date NOT NULL,
  `buyprice` decimal(10,2) NOT NULL,
  `sellprice` decimal(10,2) NOT NULL,
  `profitperunit` decimal(10,2) NOT NULL,
  `profitrate` decimal(10,2) NOT NULL,
  `qty` decimal(10,2) NOT NULL,
  `profit` decimal(10,2) NOT NULL,
  PRIMARY KEY (`id`),
  KEY `product_id` (`product_id`),
  KEY `invoice_id` (`invoice_id`),
  KEY `purchase_id` (`purchase_id`),
  KEY `invoicedetail_id` (`invoicedetail_id`),
  KEY `purchasedetail_id` (`purchasedetail_id`)
) ENGINE=InnoDB DEFAULT CHARSET=latin1 AUTO_INCREMENT=1 ;

-- --------------------------------------------------------

--
-- Table structure for table `purchase`
--

CREATE TABLE IF NOT EXISTS `purchase` (
  `id` int(11) NOT NULL AUTO_INCREMENT,
  `pono` varchar(10) NOT NULL,
  `invno` varchar(20) DEFAULT NULL,
  `total` decimal(10,2) DEFAULT NULL,
  `memo` text,
  `tax` decimal(10,2) DEFAULT NULL,
  `vendor_id` int(11) NOT NULL,
  `vendor_name` varchar(50) DEFAULT NULL,
  `terms_id` int(11) DEFAULT NULL,
  `employee_id` int(11) NOT NULL,
  `template_id` int(11) NOT NULL,
  `date` date NOT NULL,
  `datereceived` date DEFAULT NULL,
  `duedate` date DEFAULT NULL,
  `vendor_invoice` varchar(25) DEFAULT NULL,
  `discrate` varchar(30) DEFAULT NULL,
  `discamt` decimal(10,2) NOT NULL DEFAULT '0.00',
  `status` enum('Pending','Paid','Cancelled') NOT NULL DEFAULT 'Pending',
  `type` enum('Account','Cash','Cheque','Other') NOT NULL DEFAULT 'Account',
  `cash` decimal(10,2) NOT NULL DEFAULT '0.00',
  `cheque` decimal(10,2) NOT NULL DEFAULT '0.00',
  `credit` decimal(10,2) NOT NULL DEFAULT '0.00',
  `chequeno` varchar(20) DEFAULT NULL,
  `chequedate` date DEFAULT NULL,
  `balance` decimal(10,2) DEFAULT NULL,
  `chequedata` varchar(100) DEFAULT NULL,
  `is_inspected` tinyint(4) NOT NULL DEFAULT '0',
  PRIMARY KEY (`id`),
  UNIQUE KEY `pono` (`pono`),
  KEY `employee_id_idx` (`employee_id`),
  KEY `terms_id_idx` (`terms_id`),
  KEY `template_id_idx` (`template_id`),
  KEY `vendor_id_idx` (`vendor_id`)
) ENGINE=InnoDB  DEFAULT CHARSET=latin1 AUTO_INCREMENT=128 ;

--
-- Dumping data for table `purchase`
--

INSERT INTO `purchase` (`id`, `pono`, `invno`, `total`, `memo`, `tax`, `vendor_id`, `vendor_name`, `terms_id`, `employee_id`, `template_id`, `date`, `datereceived`, `duedate`, `vendor_invoice`, `discrate`, `discamt`, `status`, `type`, `cash`, `cheque`, `credit`, `chequeno`, `chequedate`, `balance`, `chequedata`, `is_inspected`) VALUES
(1, '65702', '', 19891.80, '', NULL, 2, '', NULL, 2, 1, '2015-07-11', '2015-07-11', NULL, '21940', '', 0.00, 'Pending', 'Account', 0.00, 0.00, 19891.80, '', NULL, 19891.80, '', 1),
(2, '65705', '', 36000.00, '', NULL, 2, '', NULL, 2, 1, '2015-07-14', '2015-07-14', NULL, '21945', '', 0.00, 'Pending', 'Account', 0.00, 0.00, 36000.00, '', NULL, 36000.00, '', 0),
(3, '21322', '', 21000.00, '', NULL, 2, '', NULL, 2, 1, '2015-06-22', '2015-06-22', NULL, '', '', 0.00, 'Pending', 'Account', 0.00, 0.00, 21000.00, '', NULL, 21000.00, '', 1),
(4, '21890', '', 4138.40, '', NULL, 2, '', NULL, 2, 1, '2015-07-15', '2015-07-15', NULL, '', '', 0.00, 'Pending', 'Account', 0.00, 0.00, 4138.40, '', NULL, 4138.40, '', 1),
(6, '65701', '', 31172.58, '', NULL, 2, '', NULL, 2, 1, '2015-07-03', '2015-07-03', NULL, '', '', 0.00, 'Pending', 'Account', 0.00, 0.00, 31172.58, '', NULL, 31172.58, '', 1),
(7, '21853', '', 118250.00, '', NULL, 2, '', NULL, 2, 1, '2015-07-15', '2015-07-15', NULL, '', '', 0.00, 'Pending', 'Account', 0.00, 0.00, 118250.00, '', NULL, 118250.00, '', 1),
(8, '21855', '', 26690.00, '', NULL, 2, '', NULL, 2, 1, '2015-07-15', '2015-07-15', NULL, '', '', 0.00, 'Pending', 'Account', 0.00, 0.00, 26690.00, '', NULL, 26690.00, '', 1),
(9, '21857', '', 104700.00, '', NULL, 2, '', NULL, 2, 1, '2015-07-15', '2015-07-15', NULL, '', '', 0.00, 'Pending', 'Account', 0.00, 0.00, 104700.00, '', NULL, 104700.00, '', 1),
(10, '21858', '', 8700.00, '', NULL, 2, '', NULL, 2, 1, '2015-07-15', '2015-07-15', NULL, '', '', 0.00, 'Pending', 'Account', 0.00, 0.00, 8700.00, '', NULL, 8700.00, '', 1),
(11, '21859', '', 26444.40, '', NULL, 2, '', NULL, 2, 1, '2015-07-15', '2015-07-15', NULL, '', '', 0.00, 'Pending', 'Account', 0.00, 0.00, 26444.40, '', NULL, 26444.40, '', 1),
(12, '21862', '', 7091.00, '', NULL, 2, '', NULL, 2, 1, '2015-07-15', '2015-07-15', NULL, '', '', 0.00, 'Pending', 'Account', 0.00, 0.00, 7091.00, '', NULL, 7091.00, '', 1),
(13, '21863', '', 31040.39, '', NULL, 2, '', NULL, 2, 1, '2015-07-15', '2015-07-15', NULL, '', '', 0.00, 'Pending', 'Account', 0.00, 0.00, 31040.39, '', NULL, 31040.39, '', 1),
(14, '21864', '', 7693.00, '', NULL, 2, '', NULL, 2, 1, '2015-07-15', '2015-07-15', NULL, '', '', 0.00, 'Pending', 'Account', 0.00, 0.00, 7693.00, '', NULL, 7693.00, '', 1),
(15, '21865', '', 8267.00, '', NULL, 2, '', NULL, 2, 1, '2015-07-15', '2015-07-15', NULL, '', '', 0.00, 'Pending', 'Account', 0.00, 0.00, 8267.00, '', NULL, 8267.00, '', 1),
(16, '21861', '', 169090.00, 'J15S is originally 2 units, 1 unit J15S is defective, returned to manila', NULL, 2, '', NULL, 2, 1, '2015-07-15', '2015-07-15', NULL, '', '', 0.00, 'Pending', 'Account', 0.00, 0.00, 169090.00, '', NULL, 169090.00, '', 0),
(18, '65703', '', 55135.00, '', NULL, 2, '', NULL, 2, 1, '2015-07-11', '2015-07-20', NULL, '21946', '', 0.00, 'Pending', 'Account', 0.00, 0.00, 55135.00, '', NULL, 55135.00, '', 1),
(19, '22217', '', 0.00, '', NULL, 2, '', NULL, 2, 1, '2015-07-23', '2015-07-26', NULL, '', '', 0.00, 'Pending', 'Account', 0.00, 0.00, 0.00, '', NULL, 0.00, '', 0),
(21, '21892', '', 4722.52, '', NULL, 2, '', NULL, 2, 1, '2015-07-27', '2015-07-27', NULL, '', '', 0.00, 'Pending', 'Account', 0.00, 0.00, 4722.52, '', NULL, 4722.52, '', 1),
(22, '65717', '', 78620.32, '', NULL, 2, '', NULL, 2, 1, '2015-06-30', '2015-06-30', NULL, '', '', 0.00, 'Pending', 'Account', 0.00, 0.00, 78620.32, '', NULL, 78620.32, '', 1),
(23, '65715', '', 16787.35, '', NULL, 2, '', NULL, 2, 1, '2015-08-10', '2015-08-13', NULL, '21467', '', 0.00, 'Pending', 'Account', 0.00, 0.00, 16787.35, '', NULL, 16787.35, '', 1),
(24, '65712', '', 24890.64, '', NULL, 2, '', NULL, 2, 1, '2015-08-10', '2015-08-13', NULL, '21466', '', 0.00, 'Pending', 'Account', 0.00, 0.00, 24890.64, '', NULL, 24890.64, '', 1),
(25, '65706', '', 25261.05, '', NULL, 2, '', NULL, 2, 1, '2015-07-24', '2015-08-03', NULL, '22280', '', 0.00, 'Pending', 'Account', 0.00, 0.00, 25261.05, '', NULL, 25261.05, '', 1),
(26, '65710', '', 8500.00, 'Bestank from Cebu', NULL, 2, '', NULL, 2, 1, '2015-08-07', '2015-08-17', NULL, '23960', '', 0.00, 'Pending', 'Account', 0.00, 0.00, 8500.00, '', NULL, 8500.00, '', 1),
(27, '65711', '', 13200.00, 'Delivered by Bestank Cebu', NULL, 2, '', NULL, 2, 1, '2015-08-07', '2015-08-17', NULL, '23960', '', 0.00, 'Pending', 'Account', 0.00, 0.00, 13200.00, '', NULL, 13200.00, '', 1),
(28, '65708', '', 1400.00, 'Sold to CI # 460 Dated 7/23/2015', NULL, 2, '', NULL, 1, 1, '2015-08-23', '2015-08-23', NULL, '22271', '', 0.00, 'Pending', 'Account', 0.00, 0.00, 1400.00, '', NULL, 1400.00, '', 1),
(29, '65704', '', 88336.00, '', NULL, 2, '', NULL, 2, 1, '2015-07-11', '2015-08-23', NULL, '21946', '', 0.00, 'Pending', 'Account', 0.00, 0.00, 88336.00, '', NULL, 88336.00, '', 1),
(30, '65713', '', 33500.00, '', NULL, 2, '', NULL, 2, 1, '2015-08-10', '2015-08-24', NULL, '21488', '', 0.00, 'Pending', 'Account', 0.00, 0.00, 33500.00, '', NULL, 33500.00, '', 1),
(31, '65720', '', 5550.00, '', NULL, 2, '', NULL, 2, 1, '2015-08-14', '2015-08-24', NULL, '21491', '', 0.00, 'Pending', 'Account', 0.00, 0.00, 5550.00, '', NULL, 5550.00, '', 1),
(32, '65718', '', 240.00, '', NULL, 2, '', NULL, 2, 1, '2015-08-14', '2015-08-24', NULL, '21494', '', 0.00, 'Pending', 'Account', 0.00, 0.00, 240.00, '', NULL, 240.00, '', 1),
(33, '65716', '', 20000.00, '', NULL, 2, '', NULL, 2, 1, '2015-08-11', '2015-08-24', NULL, '21490', '', 0.00, 'Pending', 'Account', 0.00, 0.00, 20000.00, '', NULL, 20000.00, '', 1),
(34, '65714', '', 6800.00, '', NULL, 2, '', NULL, 2, 1, '2015-08-10', '2015-08-24', NULL, '21489', '', 0.00, 'Pending', 'Account', 0.00, 0.00, 6800.00, '', NULL, 6800.00, '', 1),
(35, '65721', '', 8440.00, '', NULL, 2, '', NULL, 2, 1, '2015-08-15', '2015-08-24', NULL, '21495', '', 0.00, 'Pending', 'Account', 0.00, 0.00, 8440.00, '', NULL, 8440.00, '', 1),
(36, '65723', '', 14895.68, '', NULL, 2, '', NULL, 2, 1, '2015-08-19', '2015-08-24', NULL, '21501', '', 0.00, 'Pending', 'Account', 0.00, 0.00, 14895.68, '', NULL, 14895.68, '', 1),
(37, '65722', '', 48194.35, '', NULL, 2, '', NULL, 2, 1, '2015-08-17', '2015-08-24', NULL, '21496', '', 0.00, 'Pending', 'Account', 0.00, 0.00, 48194.35, '', NULL, 48194.35, '', 0),
(38, '65729', '', 2750.00, '', NULL, 2, '', NULL, 2, 1, '2015-08-29', '2015-08-29', NULL, '21539', '', 0.00, 'Pending', 'Account', 0.00, 0.00, 2750.00, '', NULL, 2750.00, '', 1),
(39, '65732', '', 1419.50, '', NULL, 2, '', NULL, 2, 1, '2015-08-26', '2015-08-31', NULL, '21526', '', 0.00, 'Pending', 'Account', 0.00, 0.00, 1419.50, '', NULL, 1419.50, '', 1),
(40, '65731', '', 350.00, '', NULL, 2, '', NULL, 2, 1, '2015-08-26', '2015-08-31', NULL, '21523', '', 0.00, 'Pending', 'Account', 0.00, 0.00, 350.00, '', NULL, 350.00, '', 1),
(41, '65730', '', 2044.00, '', NULL, 2, '', NULL, 2, 1, '2015-08-31', '2015-08-31', NULL, '21540', '', 0.00, 'Pending', 'Account', 0.00, 0.00, 2044.00, '', NULL, 2044.00, '', 1),
(42, '65726', '', 68122.80, 'Inter office # 21532, 21533', NULL, 2, '', NULL, 2, 1, '2015-08-25', '2015-08-31', NULL, '21532', '', 0.00, 'Pending', 'Account', 0.00, 0.00, 68122.80, '', NULL, 68122.80, '', 1),
(43, '65739', '', 18641.13, '', NULL, 2, '', NULL, 2, 1, '2015-08-25', '2015-09-03', NULL, '24103', '', 0.00, 'Pending', 'Account', 0.00, 0.00, 18641.13, '', NULL, 18641.13, '', 1),
(44, '65728', '', 13117.82, 'Delivered by Bestank', NULL, 2, '', NULL, 2, 1, '2015-09-02', '2015-09-03', NULL, '24199', '', 0.00, 'Pending', 'Account', 0.00, 0.00, 13117.82, '', NULL, 13117.82, '', 1),
(45, '21515', '', 6909.00, '', NULL, 2, '', NULL, 2, 1, '2015-09-05', '2015-09-05', NULL, '', '', 0.00, 'Pending', 'Account', 0.00, 0.00, 6909.00, '', NULL, 6909.00, '', 1),
(46, '65724', '', 146.24, '', NULL, 2, '', NULL, 2, 1, '2015-08-21', '2015-08-28', NULL, '21536', '', 0.00, 'Pending', 'Account', 0.00, 0.00, 146.24, '', NULL, 146.24, '', 1),
(47, '65709', '', 1324.50, '', NULL, 2, '', NULL, 2, 1, '2015-08-07', '2015-08-08', NULL, '21461', '', 0.00, 'Pending', 'Account', 0.00, 0.00, 1324.50, '', NULL, 1324.50, '', 1),
(48, '65744', '', 169220.00, '', NULL, 3, '', NULL, 2, 1, '2015-08-28', '2015-08-28', NULL, '62161', '', 0.00, 'Pending', 'Account', 0.00, 0.00, 169220.00, '', NULL, 169220.00, '', 0),
(49, '21524', '', 552.72, 'Brought By Lucio for Dynaflo Bladder Tank coupled\r\n', NULL, 2, '', NULL, 2, 1, '2015-09-08', '2015-09-08', NULL, '21524', '', 0.00, 'Pending', 'Account', 0.00, 0.00, 552.72, '', NULL, 552.72, '', 0),
(50, '65733', '', 28998.75, '', NULL, 2, '', NULL, 2, 1, '2015-09-02', '2015-09-09', NULL, '21551', '', 0.00, 'Pending', 'Account', 0.00, 0.00, 28998.75, '', NULL, 28998.75, '', 1),
(51, '65737', '', 2347.45, '', NULL, 2, '', NULL, 2, 1, '2015-09-02', '2015-09-09', NULL, '21556', '', 0.00, 'Pending', 'Account', 0.00, 0.00, 2347.45, '', NULL, 2347.45, '', 1),
(52, '65736', '', 7202.20, '', NULL, 2, '', NULL, 2, 1, '2015-09-02', '2015-09-09', NULL, '21555', '', 0.00, 'Pending', 'Account', 0.00, 0.00, 7202.20, '', NULL, 7202.20, '', 1),
(53, '65738', '', 0.00, '', NULL, 2, '', NULL, 2, 1, '2015-09-03', '2015-09-09', NULL, '21557', '', 0.00, 'Pending', 'Account', 0.00, 0.00, 0.00, '', NULL, 0.00, '', 1),
(54, '65742', '', 79.40, '', NULL, 2, '', NULL, 2, 1, '2015-09-04', '2015-09-09', NULL, '21563', '', 0.00, 'Pending', 'Account', 0.00, 0.00, 79.40, '', NULL, 79.40, '', 0),
(55, '65741', '', 19260.96, '', NULL, 2, '', NULL, 2, 1, '2015-09-03', '2015-09-09', NULL, '21561', '', 0.00, 'Pending', 'Account', 0.00, 0.00, 19260.96, '', NULL, 19260.96, '', 1),
(56, '65740', '', 114.38, '', NULL, 2, '', NULL, 2, 1, '2015-09-03', '2015-09-12', NULL, '21560', '', 0.00, 'Pending', 'Account', 0.00, 0.00, 114.38, '', NULL, 114.38, '', 1),
(57, '65743', '', 11288.80, '', NULL, 2, '', NULL, 2, 1, '2015-09-05', '2015-09-14', NULL, '21567', '', 0.00, 'Pending', 'Account', 0.00, 0.00, 11288.80, '', NULL, 11288.80, '', 0),
(58, '65735', '', 678.56, 'Sold to Kyle Go\r\n', NULL, 2, '', NULL, 2, 1, '2015-09-02', '2015-09-12', NULL, '21554', '', 0.00, 'Pending', 'Account', 0.00, 0.00, 678.56, '', NULL, 678.56, '', 1),
(59, '65734', '', 3681.28, '', NULL, 2, '', NULL, 2, 1, '2015-09-02', '2015-09-12', NULL, '21553', '', 0.00, 'Pending', 'Account', 0.00, 0.00, 3681.28, '', NULL, 3681.28, '', 0),
(60, '65747', '', 0.00, 'Old items to be resold', NULL, 4, '', NULL, 2, 1, '2015-09-17', '2015-09-17', NULL, '', '', 0.00, 'Pending', 'Account', 0.00, 0.00, 0.00, '', NULL, 0.00, '', 1),
(61, '65745', '', 43383.59, 'Delivery from Bestank Cebu', NULL, 2, '', NULL, 2, 1, '2015-09-15', '2015-09-18', NULL, '24476', '', 0.00, 'Pending', 'Account', 0.00, 0.00, 43383.59, '', NULL, 43383.59, '', 1),
(62, '000000', NULL, NULL, NULL, NULL, 1, NULL, NULL, 1, 1, '2016-01-01', NULL, NULL, NULL, NULL, 0.00, 'Pending', 'Account', 0.00, 0.00, 0.00, NULL, NULL, NULL, NULL, 0),
(63, '65748', '', 2500.00, '', NULL, 2, '', NULL, 2, 1, '2015-09-19', '2015-09-21', NULL, '21952', '', 0.00, 'Pending', 'Account', 0.00, 0.00, 2500.00, '', NULL, 2500.00, '', 1),
(64, '65749', '', 150.00, '', NULL, 2, '', NULL, 2, 1, '2015-09-22', '2015-09-22', NULL, '', '', 0.00, 'Pending', 'Account', 0.00, 0.00, 150.00, '', NULL, 150.00, '', 1),
(65, '65750', '', 20163.00, '10 units + 1 free unit, Total 11', NULL, 5, '', NULL, 2, 1, '2015-09-23', '2015-09-23', NULL, '', '', 0.00, 'Pending', 'Account', 0.00, 0.00, 20163.00, '', NULL, 20163.00, '', 1),
(66, '21597', '', 180.00, '', NULL, 2, '', NULL, 2, 1, '2015-09-23', '2015-09-21', NULL, '65749', '', 0.00, 'Pending', 'Account', 0.00, 0.00, 180.00, '', NULL, 180.00, '', 0),
(67, '66501', '', 3661.20, '', NULL, 2, '', NULL, 2, 1, '2015-09-25', '2015-09-29', NULL, '21653', '', 0.00, 'Pending', 'Account', 0.00, 0.00, 3661.20, '', NULL, 3661.20, '', 1),
(68, '21656', '', 47392.01, '', NULL, 2, '', NULL, 2, 2, '2015-09-28', '2015-10-03', NULL, '', '', 0.00, 'Pending', 'Account', 0.00, 0.00, 47392.01, '', NULL, 47392.01, '', 0),
(69, '21659', '', 7973.60, '', NULL, 2, '', NULL, 2, 2, '2015-09-29', '2015-10-03', NULL, '', '', 0.00, 'Pending', 'Account', 0.00, 0.00, 7973.60, '', NULL, 7973.60, '', 0),
(70, '21660', '', 2600.00, '', NULL, 2, '', NULL, 2, 2, '2015-09-29', '2015-10-03', NULL, '', '', 0.00, 'Pending', 'Account', 0.00, 0.00, 2600.00, '', NULL, 2600.00, '', 0),
(71, '21655', '', 4632.90, '', NULL, 2, '', NULL, 2, 2, '2015-09-29', '2015-10-03', NULL, '', '', 0.00, 'Pending', 'Account', 0.00, 0.00, 4632.90, '', NULL, 4632.90, '', 0),
(72, '66551', '', 2308.70, 'Omni Gang Plates and Outlets Returned', NULL, 3, '', NULL, 2, 3, '2015-09-29', '2015-10-02', NULL, '62170', '', 0.00, 'Pending', 'Account', 0.00, 0.00, 2308.70, '', NULL, 2308.70, '', 1),
(73, '66504', '', 6240.00, '', NULL, 3, '', NULL, 2, 3, '2015-09-30', '2015-10-02', NULL, '62171', '', 0.00, 'Pending', 'Account', 0.00, 0.00, 6240.00, '', NULL, 6240.00, '', 1),
(74, '21661', '', 490.00, '', NULL, 2, '', NULL, 2, 2, '2015-09-30', '2015-10-02', NULL, '', '', 0.00, 'Pending', 'Account', 0.00, 0.00, 490.00, '', NULL, 490.00, '', 0),
(75, '21658', '', 900.00, '', NULL, 2, '', NULL, 2, 2, '2015-09-29', '2015-10-02', NULL, '', '', 0.00, 'Pending', 'Account', 0.00, 0.00, 900.00, '', NULL, 900.00, '', 0),
(76, '21584', '', 218670.00, '', NULL, 2, '', NULL, 2, 2, '2015-10-26', '2015-10-02', NULL, '', '', 0.00, 'Pending', 'Account', 0.00, 0.00, 218670.00, '', NULL, 218670.00, '', 0),
(77, '66508', '', 116519.10, '', NULL, 2, '', NULL, 2, 1, '2015-10-03', '2015-10-08', NULL, '', '', 0.00, 'Pending', 'Account', 0.00, 0.00, 116519.10, '', NULL, 116519.10, '', 0),
(78, '66507', '', 0.00, '', NULL, 2, '', NULL, 2, 1, '2015-10-03', '2015-10-09', NULL, '', '', 0.00, 'Pending', 'Account', 0.00, 0.00, 0.00, '', NULL, 0.00, '', 0),
(79, '21680', '000118', 2126.08, '', NULL, 2, '', NULL, 1, 2, '2015-10-12', '2015-10-16', NULL, '', '', 0.00, 'Pending', 'Account', 0.00, 0.00, 2126.08, '', NULL, 2126.08, '', 0),
(80, '21688', '000117', 10588.18, '', NULL, 2, '', NULL, 2, 2, '2015-10-12', '2015-10-16', NULL, '', '', 0.00, 'Pending', 'Account', 0.00, 0.00, 10588.18, '', NULL, 10588.18, '', 0),
(82, '66513', '', 3208.16, '', NULL, 2, '', NULL, 2, 1, '2015-10-19', '2015-10-19', NULL, '', '', 0.00, 'Pending', 'Account', 0.00, 0.00, 3208.16, '', NULL, 3208.16, '', 1),
(83, '66514', '', 4416.60, 'Sold to Ryan Ibanez', NULL, 2, '', NULL, 2, 1, '2015-10-19', '2015-10-19', NULL, '', '', 0.00, 'Pending', 'Account', 0.00, 0.00, 4416.60, '', NULL, 4416.60, '', 1),
(84, '66515', '', 49500.00, '', NULL, 2, '', NULL, 2, 1, '2015-10-10', '2015-10-15', NULL, '21687', '', 0.00, 'Pending', 'Account', 0.00, 0.00, 49500.00, '', NULL, 49500.00, '', 0),
(85, '21689', '', 1529.20, '', NULL, 2, '', NULL, 2, 1, '2015-10-19', '2015-10-19', NULL, '', '', 0.00, 'Pending', 'Account', 0.00, 0.00, 1529.20, '', NULL, 1529.20, '', 0),
(86, '66520', '', 4088.60, '', NULL, 2, '', NULL, 2, 1, '2015-10-17', '2015-10-21', NULL, 'interoffice 21705', '', 0.00, 'Pending', 'Account', 0.00, 0.00, 4088.60, '', NULL, 4088.60, '', 0),
(88, '24863', '', 0.00, '', NULL, 2, '', NULL, 2, 1, '2015-10-14', '2015-10-14', NULL, '', '', 0.00, 'Pending', 'Account', 0.00, 0.00, 0.00, '', NULL, 0.00, '', 0),
(89, '66524', '', 0.00, '', NULL, 2, '', NULL, 2, 2, '2015-10-27', '2015-10-27', NULL, '21690', '', 0.00, 'Pending', 'Account', 0.00, 0.00, 0.00, '', NULL, 0.00, '', 0),
(90, 'C20151027', '', 0.00, '', NULL, 1, '', NULL, 2, 1, '2015-10-27', '2015-10-27', NULL, '', '', 0.00, 'Pending', 'Account', 0.00, 0.00, 0.00, '', NULL, 0.00, '', 0),
(91, '66506', '', 30300.00, '', NULL, 2, '', NULL, 2, 1, '2015-10-05', '2015-10-05', NULL, '21674', '', 0.00, 'Pending', 'Account', 0.00, 0.00, 30300.00, '', NULL, 30300.00, '', 0),
(92, '65746', '', 2545.00, '', NULL, 2, '', NULL, 2, 2, '2015-10-28', '2015-10-28', NULL, '21578', '', 0.00, 'Pending', 'Account', 0.00, 0.00, 2545.00, '', NULL, 2545.00, '', 0),
(93, '66518', '', 20556.00, '', NULL, 3, '', NULL, 2, 2, '2015-10-13', '2015-10-30', NULL, '62173', '', 0.00, 'Pending', 'Account', 0.00, 0.00, 20556.00, '', NULL, 20556.00, '', 1),
(94, '66516', '', 115500.00, '', NULL, 2, '', NULL, 2, 1, '2015-10-10', '2015-10-15', NULL, '21697', '', 0.00, 'Pending', 'Account', 0.00, 0.00, 115500.00, '', NULL, 115500.00, '', 0),
(95, '66529', '', 3000.00, '', NULL, 3, '', NULL, 2, 1, '2015-10-31', '2015-11-02', NULL, '', '', 0.00, 'Pending', 'Account', 0.00, 0.00, 3000.00, '', NULL, 3000.00, '', 1),
(96, '66528', '', 48479.85, '', NULL, 2, '', NULL, 2, 1, '2015-10-14', '2015-10-14', NULL, '005976', '', 0.00, 'Pending', 'Account', 0.00, 0.00, 48479.85, '', NULL, 48479.85, '', 1),
(97, '66534', '', 18168.00, '', NULL, 2, '', NULL, 2, 1, '2015-10-27', '2015-11-06', NULL, '21724', '', 0.00, 'Pending', 'Account', 0.00, 0.00, 18168.00, '', NULL, 18168.00, '', 1),
(98, '66523', '', 3145.50, '', NULL, 2, '', NULL, 2, 1, '2015-10-27', '2015-11-06', NULL, '21722', '', 0.00, 'Pending', 'Account', 0.00, 0.00, 3145.50, '', NULL, 3145.50, '', 1),
(99, '66525', '', 8100.00, '', NULL, 3, '', NULL, 2, 1, '2015-10-29', '2015-11-02', NULL, '62174', '', 0.00, 'Pending', 'Account', 0.00, 0.00, 8100.00, '', NULL, 8100.00, '', 1),
(101, '66535', '', 4500.00, '', NULL, 3, '', NULL, 2, 1, '2015-11-07', '2015-11-12', NULL, '62176', '', 0.00, 'Pending', 'Account', 0.00, 0.00, 4500.00, '', NULL, 4500.00, '', 1),
(102, '66531', '', 9520.00, 'Customer Vince Millanes', NULL, 2, '', NULL, 2, 1, '2015-11-05', '2015-11-12', NULL, '22052', '', 0.00, 'Pending', 'Account', 0.00, 0.00, 9520.00, '', NULL, 9520.00, '', 1),
(103, '66541', '', 3400.00, '', NULL, 2, '', NULL, 2, 1, '2015-11-07', '2015-11-12', NULL, '22053', '', 0.00, 'Pending', 'Account', 0.00, 0.00, 3400.00, '', NULL, 3400.00, '', 1),
(104, '66530', '', 59199.81, '', NULL, 2, '', NULL, 2, 1, '2015-11-04', '2015-11-12', NULL, '22051', '', 0.00, 'Pending', 'Account', 0.00, 0.00, 59199.81, '', NULL, 59199.81, '', 1),
(105, '66542', '', 1300.00, '', NULL, 2, '', NULL, 2, 1, '2015-11-07', '2015-11-12', NULL, '22056', '', 0.00, 'Pending', 'Account', 0.00, 0.00, 1300.00, '', NULL, 1300.00, '', 1),
(106, '65727', '', 1300.00, 'Sold to CI # 00026 Ryce D More, Item Pick up in Manila Paid in Tacloban', NULL, 2, '', NULL, 2, 1, '2015-08-21', '2015-08-21', NULL, '', '', 0.00, 'Pending', 'Account', 0.00, 0.00, 1300.00, '', NULL, 1300.00, '', 0),
(107, '66539', '', 23114.45, '', NULL, 2, '', NULL, 2, 1, '2015-11-11', '2015-11-14', NULL, '22065', '', 0.00, 'Pending', 'Account', 0.00, 0.00, 23114.45, '', NULL, 23114.45, '', 1),
(108, '66526', '', 113274.93, '', NULL, 2, '', NULL, 2, 1, '2015-11-11', '2015-11-14', NULL, '22061', '', 0.00, 'Pending', 'Account', 0.00, 0.00, 113274.93, '', NULL, 113274.93, '', 1),
(109, '66533', '', 10200.00, 'Sodl to DJ Concrete', NULL, 2, '', NULL, 2, 1, '2015-11-05', '2015-11-14', NULL, '22060', '', 0.00, 'Pending', 'Account', 0.00, 0.00, 10200.00, '', NULL, 10200.00, '', 0),
(110, '66537', '', 3000.00, '', NULL, 2, '', NULL, 2, 1, '2015-11-07', '2015-11-14', NULL, '22059', '', 0.00, 'Pending', 'Account', 0.00, 0.00, 3000.00, '', NULL, 3000.00, '', 0),
(111, '66540', '', 2549.00, '', NULL, 2, '', NULL, 2, 1, '2015-11-11', '2015-11-14', NULL, '22066', '', 0.00, 'Pending', 'Account', 0.00, 0.00, 2549.00, '', NULL, 2549.00, '', 1),
(112, '66544', '', 4500.00, '', NULL, 3, '', NULL, 2, 1, '2015-11-22', '2015-11-26', NULL, '62177', '', 0.00, 'Pending', 'Account', 0.00, 0.00, 4500.00, '', NULL, 4500.00, '', 1),
(113, '66550', '', 1042.00, '', NULL, 3, '', NULL, 2, 1, '2015-11-25', '2015-11-26', NULL, '62179', '', 0.00, 'Pending', 'Account', 0.00, 0.00, 1042.00, '', NULL, 1042.00, '', 0),
(115, '66549', '', 10740.00, '', NULL, 3, '', NULL, 2, 1, '2015-11-30', '2015-11-30', NULL, '62178', '', 0.00, 'Pending', 'Account', 0.00, 0.00, 10740.00, '', NULL, 10740.00, '', 1),
(116, '66545', '', 67539.00, 'Sold to Ayu Builders', NULL, 2, '', NULL, 2, 1, '2015-11-26', '2015-12-07', NULL, '22083', '', 0.00, 'Pending', 'Account', 0.00, 0.00, 67539.00, '', NULL, 67539.00, '', 1),
(117, '66553', '', 4804.00, '', NULL, 2, '', NULL, 2, 1, '2015-11-28', '2015-12-07', NULL, '22084', '', 0.00, 'Pending', 'Account', 0.00, 0.00, 4804.00, '', NULL, 4804.00, '', 1),
(118, '66548', '', 23404.90, 'Sold to Doven Sabulao', NULL, 2, '', NULL, 2, 1, '2015-11-30', '2015-12-07', NULL, '25482', '', 0.00, 'Pending', 'Account', 0.00, 0.00, 23404.90, '', NULL, 23404.90, '', 1),
(119, '66752', '', 16660.00, '', NULL, 2, '', NULL, 2, 1, '2015-12-02', '2015-12-07', NULL, '22085', '', 0.00, 'Pending', 'Account', 0.00, 0.00, 16660.00, '', NULL, 16660.00, '', 1),
(120, '66547', '', 36729.90, 'BSTR 1500 arrived 12/7/15\r\nBSTR 2000 arrived 11/28/15', NULL, 2, '', NULL, 2, 1, '2015-11-30', '2015-12-07', NULL, '25481', '', 0.00, 'Pending', 'Account', 0.00, 0.00, 36729.90, '', NULL, 36729.90, '', 1),
(121, '66560', '', 51480.00, '', NULL, 2, '', NULL, 2, 1, '2015-12-11', '2015-12-21', NULL, '22017', '', 0.00, 'Pending', 'Account', 0.00, 0.00, 51480.00, '', NULL, 51480.00, '', 1),
(122, '66552', '', 7000.00, 'SOld to Monterey Meatshop\r\n', NULL, 2, '', NULL, 2, 1, '2015-12-03', '2015-12-21', NULL, '22009', '', 0.00, 'Pending', 'Account', 0.00, 0.00, 7000.00, '', NULL, 7000.00, '', 1),
(123, '66751', '', 18824.82, '', NULL, 2, '', NULL, 2, 1, '2015-12-02', '2015-12-21', NULL, '22008', '', 0.00, 'Pending', 'Account', 0.00, 0.00, 18824.82, '', NULL, 18824.82, '', 1),
(124, '66555', '', 5400.00, 'Sold to Dexter Julio', NULL, 2, '', NULL, 2, 1, '2015-12-22', '2015-12-22', NULL, '22016', '', 0.00, 'Pending', 'Account', 0.00, 0.00, 5400.00, '', NULL, 5400.00, '', 1),
(125, '66559', '', 340.00, '2 stock\r\n2 sold to Deter Julio', NULL, 2, '', NULL, 2, 1, '2015-12-18', '2015-12-17', NULL, '22029', '', 0.00, 'Pending', 'Account', 0.00, 0.00, 340.00, '', NULL, 340.00, '', 1),
(126, '66558', '', 4471.04, 'Sold to Offshore Const. Oka', NULL, 2, '', NULL, 2, 1, '2015-12-18', '2015-12-17', NULL, '22030', '', 0.00, 'Pending', 'Account', 0.00, 0.00, 4471.04, '', NULL, 4471.04, '', 1),
(127, '66556', '', 5600.00, '', NULL, 2, '', NULL, 2, 1, '2016-12-12', '2016-12-28', NULL, '22028', '', 0.00, 'Pending', 'Account', 0.00, 0.00, 5600.00, '', NULL, 5600.00, '', 1);

-- --------------------------------------------------------

--
-- Table structure for table `purchasedetail`
--

CREATE TABLE IF NOT EXISTS `purchasedetail` (
  `id` int(11) NOT NULL AUTO_INCREMENT,
  `purchase_id` int(11) NOT NULL,
  `description` varchar(100) DEFAULT NULL,
  `qty` decimal(10,2) NOT NULL DEFAULT '0.00',
  `price` decimal(10,2) NOT NULL DEFAULT '0.00',
  `sellprice` decimal(10,2) DEFAULT '0.00',
  `total` decimal(10,2) NOT NULL DEFAULT '0.00',
  `tax` decimal(10,2) NOT NULL DEFAULT '0.00',
  `product_id` int(11) NOT NULL,
  `barcode` varchar(13) DEFAULT NULL,
  `discrate` varchar(30) DEFAULT NULL,
  `discamt` decimal(10,2) DEFAULT NULL,
  `unittotal` decimal(10,2) DEFAULT '0.00',
  `is_cancelled` tinyint(4) NOT NULL DEFAULT '0',
  `remaining` decimal(10,2) DEFAULT '0.00',
  PRIMARY KEY (`id`),
  KEY `product_id_idx` (`product_id`),
  KEY `purchase_id_idx` (`purchase_id`)
) ENGINE=InnoDB  DEFAULT CHARSET=latin1 AUTO_INCREMENT=591 ;

--
-- Dumping data for table `purchasedetail`
--

INSERT INTO `purchasedetail` (`id`, `purchase_id`, `description`, `qty`, `price`, `sellprice`, `total`, `tax`, `product_id`, `barcode`, `discrate`, `discamt`, `unittotal`, `is_cancelled`, `remaining`) VALUES
(1, 1, 'Jupiter Foot Valve 1"', 3.00, 583.00, 0.00, 1749.00, 0.00, 3, '0000003000007', '', NULL, 583.00, 0, 3.00),
(2, 1, 'Jupiter Foot Valve 1.25"', 3.00, 1284.00, 0.00, 3852.00, 0.00, 4, '0000004000006', '', NULL, 1284.00, 0, 3.00),
(3, 1, 'Great Volume Ball Valve 0.5"', 12.00, 101.40, 0.00, 1216.80, 0.00, 5, '0000005000005', '', NULL, 101.40, 0, 12.00),
(4, 2, 'Vespa 2HP 160PSI', 1.00, 36000.00, 0.00, 36000.00, 0.00, 69, '0000069000003', '', NULL, 36000.00, 0, 1.00),
(5, 3, 'Stac Pump PE45 0.5HP ', 10.00, 1000.00, 0.00, 10000.00, 0.00, 70, '0000070213225', '', NULL, 1000.00, 0, 10.00),
(6, 3, 'Pentax PM45 0.5HP', 5.00, 2200.00, 0.00, 11000.00, 0.00, 71, '0000071000008', '', NULL, 2200.00, 0, 5.00),
(10, 6, 'Supreme Tank 12 gals., SS-304#16', 2.00, 2316.45, 0.00, 4632.90, 0.00, 73, '0000073000006', '', NULL, 2316.45, 0, 2.00),
(11, 6, 'Pentax PM45 0.5HP', 2.00, 2200.00, 0.00, 4400.00, 0.00, 71, '0000071000008', '', NULL, 2200.00, 0, 2.00),
(12, 6, 'Square D Pressure Switch', 2.00, 100.00, 0.00, 200.00, 0.00, 40, '0000040000008', '', NULL, 100.00, 0, 2.00),
(13, 6, 'Ametek Pressure Gauge 0-100PSI', 2.00, 62.00, 0.00, 124.00, 0.00, 77, '0000077000002', '', NULL, 62.00, 0, 2.00),
(14, 1, 'GV Ball Valve	1"', 12.00, 404.00, 0.00, 4848.00, 0.00, 67, '0000067219407', '', NULL, 404.00, 0, 12.00),
(15, 1, 'Float Valve 0.5"', 3.00, 380.00, 0.00, 1140.00, 0.00, 44, '0000044219406', '', NULL, 380.00, 0, 3.00),
(16, 1, 'Float Valve 0.75"', 3.00, 550.00, 0.00, 1650.00, 0.00, 45, '0000045219405', '', NULL, 550.00, 0, 3.00),
(17, 1, 'Float Valve 1"', 3.00, 900.00, 0.00, 2700.00, 0.00, 46, '0000046219404', '', NULL, 900.00, 0, 3.00),
(18, 1, 'Jupiter Foot Valve 0.5"', 3.00, 400.00, 0.00, 1200.00, 0.00, 1, '0000001219401', '', NULL, 400.00, 0, 3.00),
(19, 1, 'Jupiter Foot Valve 0.75"', 3.00, 512.00, 0.00, 1536.00, 0.00, 2, '0000002219400', '', NULL, 512.00, 0, 3.00),
(20, 7, 'Fujihama Duct Hose 3x3 100m DH3', 3.00, 2800.00, 0.00, 8400.00, 0.00, 24, '0000024218535', '', NULL, 2800.00, 0, 3.00),
(21, 7, 'Corrugated Suction Hose 2" 30m CH2', 3.00, 2650.00, 0.00, 7950.00, 0.00, 80, '0000080218531', '', NULL, 2650.00, 0, 3.00),
(22, 7, 'Corrugated Suction Hose 3" 30m CH3', 3.00, 5400.00, 0.00, 16200.00, 0.00, 81, '0000081000005', '', NULL, 5400.00, 0, 3.00),
(23, 7, 'Toyohama Gasoline Contrete Vibrator 5HP GV-50A-1', 2.00, 6500.00, 0.00, 13000.00, 0.00, 27, '0000027218532', '', NULL, 6500.00, 0, 2.00),
(24, 7, 'Fujihama Air Compressor 0.25HP IBL10510', 1.00, 4000.00, 0.00, 4000.00, 0.00, 28, '0000028218531', '', NULL, 4000.00, 0, 1.00),
(25, 7, 'Fujihama Air Compressor 0.5HP IBL10510', 1.00, 5000.00, 0.00, 5000.00, 0.00, 29, '0000029218530', '', NULL, 5000.00, 0, 1.00),
(26, 7, 'Fujihama Gasoline Engine Pump set 6.5HP kcg30c', 3.00, 5300.00, 0.00, 15900.00, 0.00, 15, '0000015218537', '', NULL, 5300.00, 0, 3.00),
(28, 7, 'Kawasaki Knapsack sprayer 16 Liters KS100', 10.00, 1730.00, 0.00, 17300.00, 0.00, 16, '0000016218536', '', NULL, 1730.00, 0, 10.00),
(29, 7, 'Kaito Self Priming Pump Packing Type (Red) 2x2 NS-50', 2.00, 2500.00, 0.00, 5000.00, 0.00, 17, '0000017218535', '', NULL, 2500.00, 0, 2.00),
(30, 7, 'Viva Jetmatic Pump 1HP JET100', 15.00, 1700.00, 0.00, 25500.00, 0.00, 18, '0000018218534', '', NULL, 1700.00, 0, 15.00),
(31, 8, 'Viva Submersible Stainless Sewage Pump 1HP SPWS750-50', 5.00, 2550.00, 0.00, 12750.00, 0.00, 19, '0000019218557', '', NULL, 2550.00, 0, 5.00),
(32, 8, 'Kawasaki Power Sprayer 25mm KC-25A', 5.00, 1800.00, 0.00, 9000.00, 0.00, 20, '0000020000004', '', NULL, 1800.00, 0, 5.00),
(33, 8, 'Kasaki Power Sprayer Hose 100m PSH100', 3.00, 1480.00, 0.00, 4440.00, 0.00, 21, '0000021000003', '', NULL, 1480.00, 0, 3.00),
(34, 8, 'Pulley 1.5hp', 5.00, 100.00, 0.00, 500.00, 0.00, 22, '0000022218551', '', NULL, 100.00, 0, 5.00),
(35, 9, 'Fujihama Gasoline Generator KC950 950 watts', 3.00, 3400.00, 0.00, 10200.00, 0.00, 7, '0000007218576', '', NULL, 3400.00, 0, 3.00),
(36, 9, 'Toyohama Gasoline Generator TH2000 2000 watts', 2.00, 7400.00, 0.00, 14800.00, 0.00, 8, '0000008000002', '', NULL, 7400.00, 0, 2.00),
(37, 9, 'Fujihama GASOLINE ENGINE 6.5HP kc168F-2', 3.00, 3250.00, 0.00, 9750.00, 0.00, 13, '0000013218577', '', NULL, 3250.00, 0, 3.00),
(38, 9, 'Fujihama Gasoline Engine Pump set 5.5HP kcg20c', 3.00, 4700.00, 0.00, 14100.00, 0.00, 14, '0000014218576', '', NULL, 4700.00, 0, 3.00),
(39, 9, 'Densui Electric Motor 1HP Aluminum Winding YC90S-4 ', 5.00, 1920.00, 0.00, 9600.00, 0.00, 9, '0000009218574', '', NULL, 1920.00, 0, 5.00),
(40, 9, 'Densui Electric Motor 1.5HP Aluminum Winding YC90L-4', 10.00, 2000.00, 0.00, 20000.00, 0.00, 10, '0000010218570', '', NULL, 2000.00, 0, 10.00),
(41, 9, 'Densui Electric Motor 2HP Aluminum Winding YC100L-4', 3.00, 3000.00, 0.00, 9000.00, 0.00, 11, '0000011000006', '', NULL, 3000.00, 0, 3.00),
(42, 9, 'Densui Electric Motor 3HP Aluminum Winding YC112M-4', 3.00, 3950.00, 0.00, 11850.00, 0.00, 12, '0000012218578', '', NULL, 3950.00, 0, 3.00),
(43, 9, 'Fujihama Duct Hose 2x2 100m DH2', 3.00, 1800.00, 0.00, 5400.00, 0.00, 23, '0000023218574', '', NULL, 1800.00, 0, 3.00),
(44, 10, 'Kawasaki  submersible pump 1/6 HP CP-3002', 6.00, 1450.00, 0.00, 8700.00, 0.00, 30, '0000030218581', '', NULL, 1450.00, 0, 6.00),
(45, 11, 'GV Swing Check Valve 0.5"', 12.00, 143.00, 0.00, 1716.00, 0.00, 58, '0000058218594', '', NULL, 143.00, 0, 12.00),
(46, 11, 'GV Swing Check Valve 0.75"', 12.00, 221.65, 0.00, 2659.80, 0.00, 59, '0000059218593', '', NULL, 221.65, 0, 12.00),
(47, 11, 'GV Swing Check Valve 1"', 10.00, 321.75, 0.00, 3217.50, 0.00, 60, '0000060218599', '', NULL, 321.75, 0, 10.00),
(48, 11, 'GV Swing Check Valve 1.5"', 6.00, 607.75, 0.00, 3646.50, 0.00, 61, '0000061218598', '', NULL, 607.75, 0, 6.00),
(49, 11, 'GV Gate Valve 0.5"', 12.00, 151.45, 0.00, 1817.40, 0.00, 62, '0000062218597', '', NULL, 151.45, 0, 12.00),
(50, 11, 'GV Gate Valve 0.75"', 12.00, 214.50, 0.00, 2574.00, 0.00, 63, '0000063218596', '', NULL, 214.50, 0, 12.00),
(51, 11, 'GV Gate Valve 1"', 12.00, 276.90, 0.00, 3322.80, 0.00, 64, '0000064218595', '', NULL, 276.90, 0, 12.00),
(52, 11, 'GV Gate Valve 1.5"', 6.00, 557.70, 0.00, 3346.20, 0.00, 65, '0000065218594', '', NULL, 557.70, 0, 6.00),
(53, 11, 'GV Ball Valve 0.75"', 12.00, 151.45, 0.00, 1817.40, 0.00, 66, '0000066218593', '', NULL, 151.45, 0, 12.00),
(54, 11, 'GV Hose Bibb B/P Med 0.5" #954', 12.00, 107.90, 0.00, 1294.80, 0.00, 82, '0000082218591', '', NULL, 107.90, 0, 12.00),
(55, 11, 'Voschtech Teflon 1/2', 240.00, 3.20, 0.00, 768.00, 0.00, 56, '0000056218596', '', NULL, 3.20, 0, 240.00),
(56, 11, 'C One Teflon ', 48.00, 5.50, 0.00, 264.00, 0.00, 57, '0000057218595', '', NULL, 5.50, 0, 48.00),
(57, 12, '', 8.00, 35.00, 0.00, 280.00, 0.00, 173, '0000173000005', '', NULL, 35.00, 0, 8.00),
(58, 12, NULL, 10.00, 44.80, 0.00, 448.00, 0.00, 174, '0000174000004', '', NULL, 44.80, 0, 10.00),
(59, 12, NULL, 10.00, 53.20, 0.00, 532.00, 0.00, 175, '0000175000003', '', NULL, 53.20, 0, 10.00),
(60, 12, NULL, 10.00, 129.50, 0.00, 1295.00, 0.00, 176, '0000176000002', '', NULL, 129.50, 0, 10.00),
(61, 12, NULL, 10.00, 48.30, 0.00, 483.00, 0.00, 182, '0000182000003', '', NULL, 48.30, 0, 10.00),
(62, 12, NULL, 10.00, 65.10, 0.00, 651.00, 0.00, 183, '0000183000002', '', NULL, 65.10, 0, 10.00),
(63, 12, NULL, 10.00, 88.20, 0.00, 882.00, 0.00, 184, '0000184000001', '', NULL, 88.20, 0, 10.00),
(64, 12, NULL, 10.00, 252.00, 0.00, 2520.00, 0.00, 185, '0000185000000', '', NULL, 252.00, 0, 10.00),
(65, 13, 'Torus HDPE Black SDR2 1"x100m', 1.00, 3570.00, 0.00, 3570.00, 0.00, 91, '0000091000002', '', NULL, 3570.00, 0, 1.00),
(66, 13, 'Torus HDPE Black SDR2 0.5"x300m', 2.00, 4164.15, 0.00, 8328.30, 0.00, 92, '0000092000001', '', NULL, 4164.15, 0, 2.00),
(67, 13, 'Torus HDPE Black SDR2 0.75"x150m', 2.00, 3300.98, 0.00, 6601.96, 0.00, 93, '0000093000000', '', NULL, 3300.98, 0, 2.00),
(68, 13, 'Torus HDPE Pipe SDR2 1"x100m Blue', 1.00, 3570.00, 0.00, 3570.00, 0.00, 94, '0000094000009', '', NULL, 3570.00, 0, 1.00),
(69, 13, 'Torus HDPE Pipe SDR2 0.5"x300m Blue', 1.00, 4164.15, 0.00, 4164.15, 0.00, 96, '0000096000007', '', NULL, 4164.15, 0, 1.00),
(70, 13, 'Torus HDPE Pipe SDR2 0.75"x150m Blue', 1.00, 3300.98, 0.00, 3300.98, 0.00, 95, '0000095218632', '', NULL, 3300.98, 0, 1.00),
(71, 13, 'ERA PEC Cap 20mm 0.5"', 10.00, 16.10, 0.00, 161.00, 0.00, 97, '0000097218630', '', NULL, 16.10, 0, 10.00),
(72, 13, 'ERA PEC Cap 25mm 0.75"', 10.00, 19.60, 0.00, 196.00, 0.00, 98, '0000098000005', '', NULL, 19.60, 0, 10.00),
(73, 13, 'ERA PEC Cap 32mm 1"', 10.00, 28.00, 0.00, 280.00, 0.00, 99, '0000099000004', '', NULL, 28.00, 0, 10.00),
(74, 13, 'ERA PEC Cap 40mm 1.25"', 10.00, 86.80, 0.00, 868.00, 0.00, 100, '0000100000009', '', NULL, 86.80, 0, 10.00),
(75, 14, NULL, 10.00, 34.30, 0.00, 343.00, 0.00, 191, '0000191000001', '', NULL, 34.30, 0, 10.00),
(76, 14, NULL, 10.00, 50.40, 0.00, 504.00, 0.00, 192, '0000192000000', '', NULL, 50.40, 0, 10.00),
(77, 14, NULL, 10.00, 70.00, 0.00, 700.00, 0.00, 193, '0000193000009', '', NULL, 70.00, 0, 10.00),
(78, 14, NULL, 10.00, 163.10, 0.00, 1631.00, 0.00, 194, '0000194000008', '', NULL, 163.10, 0, 10.00),
(79, 14, '', 10.00, 19.60, 0.00, 196.00, 0.00, 218, '0000218000007', '', NULL, 19.60, 0, 10.00),
(80, 14, NULL, 10.00, 28.70, 0.00, 287.00, 0.00, 219, '0000219000006', '', NULL, 28.70, 0, 10.00),
(81, 14, NULL, 10.00, 43.40, 0.00, 434.00, 0.00, 220, '0000220000002', '', NULL, 43.40, 0, 10.00),
(82, 14, NULL, 10.00, 67.90, 0.00, 679.00, 0.00, 221, '0000221000001', '', NULL, 67.90, 0, 10.00),
(83, 14, NULL, 10.00, 39.90, 0.00, 399.00, 0.00, 200, '0000200000008', '', NULL, 39.90, 0, 10.00),
(84, 14, NULL, 10.00, 42.70, 0.00, 427.00, 0.00, 201, '0000201000007', '', NULL, 42.70, 0, 10.00),
(85, 14, NULL, 10.00, 69.30, 0.00, 693.00, 0.00, 202, '0000202000006', '', NULL, 69.30, 0, 10.00),
(86, 14, NULL, 10.00, 140.00, 0.00, 1400.00, 0.00, 203, '0000203000005', '', NULL, 140.00, 0, 10.00),
(87, 15, 'ERA PEC Reducer 25x20mm 0.75x0.5"', 10.00, 40.60, 0.00, 406.00, 0.00, 113, '0000113218651', '', NULL, 40.60, 0, 10.00),
(88, 15, 'ERA PEC Reducer 32x20mm 1x0.5"', 10.00, 60.90, 0.00, 609.00, 0.00, 114, '0000114218650', '', NULL, 60.90, 0, 10.00),
(89, 15, 'ERA PEC Reducer 32x25mm 1x0.75"', 10.00, 60.90, 0.00, 609.00, 0.00, 115, '0000115218659', '', NULL, 60.90, 0, 10.00),
(90, 15, 'ERA PEC Reducer 40x25mm 1.25x0.75"', 10.00, 200.90, 0.00, 2009.00, 0.00, 116, '0000116218658', '', NULL, 200.90, 0, 10.00),
(91, 15, 'ERA PEC Tee Reducer 25x20mm .75x0.5"', 10.00, 62.30, 0.00, 623.00, 0.00, 117, '0000117218657', '', NULL, 62.30, 0, 10.00),
(92, 15, 'ERA PEC Tee Reducer 32x20mm 1x0.5"', 10.00, 80.50, 0.00, 805.00, 0.00, 118, '0000118218656', '', NULL, 80.50, 0, 10.00),
(93, 15, 'ERA PEC Tee Reducer 32x25mm 1x0.75"', 10.00, 81.20, 0.00, 812.00, 0.00, 119, '0000119000007', '', NULL, 81.20, 0, 10.00),
(94, 15, 'ERA PEC Tee Reducer 40x32mm 1.25x1"', 10.00, 239.40, 0.00, 2394.00, 0.00, 120, '0000120218651', '', NULL, 239.40, 0, 10.00),
(95, 16, 'Goulds J10S 1HP', 5.00, 12320.00, 0.00, 61600.00, 0.00, 32, '0000032218619', '', NULL, 12320.00, 0, 5.00),
(96, 16, 'Goulds J15S 1.5HP', 1.00, 14440.00, 0.00, 14440.00, 0.00, 33, '0000033000008', '', NULL, 14440.00, 0, 1.00),
(97, 16, 'Goulds SJ10 1HP vertical + ejector adapter regulator switch & gauge', 2.00, 18050.00, 0.00, 36100.00, 0.00, 34, '0000034218617', '', NULL, 18050.00, 0, 2.00),
(98, 16, 'Goulds SJ20 2HP vertical + ejector adapter regulator switch & gauge', 2.00, 26720.00, 0.00, 53440.00, 0.00, 35, '0000035218616', '', NULL, 26720.00, 0, 2.00),
(99, 16, 'Ametek Pressure Gauge 0-100PSI', 30.00, 65.00, 0.00, 1950.00, 0.00, 77, '0000077000002', '', NULL, 65.00, 0, 30.00),
(100, 16, 'Square D Pressure Switch', 12.00, 130.00, 0.00, 1560.00, 0.00, 40, '0000040218618', '', NULL, 130.00, 0, 12.00),
(101, 16, 'Huto', 60.00, 0.00, 0.00, 0.00, 0.00, 41, '0000041000007', '', NULL, 0.00, 0, 60.00),
(102, 16, 'Water Meter 0.5"', 20.00, 0.00, 0.00, 0.00, 0.00, 42, '0000042000006', '', NULL, 0.00, 0, 20.00),
(103, 16, 'Water Meter 0.75"', 20.00, 0.00, 0.00, 0.00, 0.00, 43, '0000043000005', '', NULL, 0.00, 0, 20.00),
(105, 4, 'GI Bushing 1x0.75"', 10.00, 11.05, 0.00, 110.50, 0.00, 139, '0000139218901', '', NULL, 11.05, 0, 10.00),
(106, 4, 'GI Tee 0.75"', 10.00, 14.62, 0.00, 146.20, 0.00, 140, '0000140218907', '', NULL, 14.62, 0, 10.00),
(107, 4, 'GI Nipple 0.75x2"', 30.00, 9.80, 0.00, 294.00, 0.00, 141, '0000141218906', '', NULL, 9.80, 0, 30.00),
(108, 4, 'GI Plug 0.75"', 20.00, 6.63, 0.00, 132.60, 0.00, 142, '0000142218905', '', NULL, 6.63, 0, 20.00),
(109, 4, 'GI Plug 0.5"', 10.00, 5.35, 0.00, 53.50, 0.00, 138, '0000138218902', '', NULL, 5.35, 0, 10.00),
(110, 4, 'GI Nipple 0.75x3"', 10.00, 12.40, 0.00, 124.00, 0.00, 143, '0000143218904', '', NULL, 12.40, 0, 10.00),
(111, 4, 'GI Elbow 0.75"', 10.00, 11.48, 0.00, 114.80, 0.00, 144, '0000144218903', '', NULL, 11.48, 0, 10.00),
(112, 4, 'Hose Clamp 1.25', 40.00, 5.50, 0.00, 220.00, 0.00, 136, '0000136000004', '', NULL, 5.50, 0, 40.00),
(113, 4, 'GI Tee 0.25"', 10.00, 14.88, 0.00, 148.80, 0.00, 145, '0000145218902', '', NULL, 14.88, 0, 10.00),
(114, 4, 'GI Nipple 0.25x2"', 20.00, 16.20, 0.00, 324.00, 0.00, 137, '0000137218903', '', NULL, 16.20, 0, 20.00),
(115, 4, 'Ametek Pressure Gauge 0-100PSI', 10.00, 65.00, 0.00, 650.00, 0.00, 77, '0000077218902', '', NULL, 65.00, 0, 10.00),
(117, 4, 'Square D Pressure Switch', 10.00, 130.00, 0.00, 1300.00, 0.00, 40, '0000040218908', '', NULL, 130.00, 0, 10.00),
(118, 4, 'Voschtech Teflon 1/2', 100.00, 3.20, 0.00, 320.00, 0.00, 56, '0000056000009', '', NULL, 3.20, 0, 100.00),
(119, 4, 'Chemical Hose 1"', 10.00, 20.00, 0.00, 200.00, 0.00, 135, '0000135218905', '', NULL, 20.00, 0, 10.00),
(121, 18, 'M-Aqua 1HP water pump', 3.00, 2000.00, 0.00, 6000.00, 0.00, 259, '0000259219468', '', NULL, 2000.00, 0, 3.00),
(122, 18, 'Cavalier 1 HP Stainless Head JPS100L', 3.00, 2545.00, 0.00, 7635.00, 0.00, 260, '0000260219464', '', NULL, 2545.00, 0, 3.00),
(123, 18, 'Innova Centrifugal Pump 2HP NVC15', 1.00, 4000.00, 0.00, 4000.00, 0.00, 261, '0000261219463', '', NULL, 4000.00, 0, 1.00),
(124, 18, 'Robin Engine EY20 5HP Gasoline', 2.00, 8500.00, 0.00, 17000.00, 0.00, 262, '0000262219462', '', NULL, 8500.00, 0, 2.00),
(125, 18, 'Berkeley Pump 0.5HP m-5HD', 1.00, 8500.00, 0.00, 8500.00, 0.00, 263, '0000263219461', '', NULL, 8500.00, 0, 1.00),
(126, 18, 'Berkeley Pump 0.75HP M-7HD', 1.00, 12000.00, 0.00, 12000.00, 0.00, 264, '0000264219460', '', NULL, 12000.00, 0, 1.00),
(136, 21, 'Ametek Pressure Gauge 0-100PSI', 1.00, 65.00, 0.00, 65.00, 0.00, 77, '0000077218926', '', NULL, 65.00, 0, 1.00),
(137, 21, 'Square D Pressure Switch', 1.00, 130.00, 0.00, 130.00, 0.00, 40, '0000040218922', '', NULL, 130.00, 0, 1.00),
(138, 21, 'DynaFlo Bladder Tank Horizontal 6 Gals', 1.00, 1850.00, 0.00, 1850.00, 0.00, 121, '0000121218926', '', NULL, 1850.00, 0, 1.00),
(139, 21, 'Pentax PM45 0.5HP', 1.00, 2200.00, 0.00, 2200.00, 0.00, 71, '0000071218922', '', NULL, 2200.00, 0, 1.00),
(140, 21, 'fittings set for coupled type', 1.00, 238.76, 0.00, 238.76, 0.00, 134, '0000134000006', '', NULL, 238.76, 0, 1.00),
(141, 22, 'Eurostar	DJM100 1HP', 10.00, 5128.00, 0.00, 51280.00, 0.00, 52, '0000052000003', '', NULL, 5128.00, 0, 10.00),
(142, 22, 'asf', 10.00, 0.00, 0.00, 0.00, 0.00, 77, '0000077000002', '', NULL, 0.00, 0, 10.00),
(143, 22, '', 10.00, 0.00, 0.00, 0.00, 0.00, 40, '0000040657172', '', NULL, 0.00, 0, 10.00),
(144, 22, 'Bestank BSTR   480', 2.00, 6213.71, 0.00, 12427.42, 0.00, 53, '0000053000002', '', NULL, 6213.71, 0, 2.00),
(145, 22, 'Bestank BSTR 600', 2.00, 7456.45, 0.00, 14912.90, 0.00, 54, '0000054000001', '', NULL, 7456.45, 0, 2.00),
(146, 23, '', 5.00, 3137.47, 0.00, 15687.35, 0.00, 76, '0000076657153', '', NULL, 3137.47, 0, 5.00),
(147, 23, 'Saer Deepwell Adapter 2"', 2.00, 550.00, 0.00, 1100.00, 0.00, 281, '0000281657153', '', NULL, 550.00, 0, 2.00),
(148, 24, 'Supreme Tank 120 gals., SS304#12', 1.00, 22000.00, 0.00, 22000.00, 0.00, 282, '0000282657121', '', NULL, 22000.00, 0, 1.00),
(149, 24, 'Water Check Water Filter 20SL- Carbon FIlter', 3.00, 350.00, 0.00, 1050.00, 0.00, 283, '0000283657120', '', NULL, 350.00, 0, 3.00),
(150, 24, 'Pure PRime Water Filter 20SL- Cotton FIlte', 1.00, 200.00, 0.00, 200.00, 0.00, 284, '0000284657129', '', NULL, 200.00, 0, 1.00),
(151, 24, 'Square D (Schneider) Pressure Switch 120 - 90 PSI', 1.00, 1600.00, 0.00, 1600.00, 0.00, 285, '0000285657128', '', NULL, 1600.00, 0, 1.00),
(152, 24, 'GI Bushing 1.25"x0.75"', 2.00, 17.20, 0.00, 34.40, 0.00, 287, '0000287657126', '', NULL, 17.20, 0, 2.00),
(153, 24, 'GI Plug 0.75"', 1.00, 6.24, 0.00, 6.24, 0.00, 142, '0000142657124', '', NULL, 6.24, 0, 1.00),
(154, 25, '', 5.00, 3137.47, 0.00, 15687.35, 0.00, 76, '0000076222801', '', NULL, 3137.47, 0, 5.00),
(155, 25, 'Supreme Tank 42 gals., SS-304#16', 2.00, 4786.85, 0.00, 9573.70, 0.00, 271, '0000271222804', '', NULL, 4786.85, 0, 2.00),
(156, 26, 'Montana Bladder Tank VT/19  Vertical 5 Gal', 2.00, 1750.00, 0.00, 3500.00, 0.00, 288, '0000288657101', '', NULL, 1750.00, 0, 2.00),
(157, 26, 'Daichi Submersible Pump Dewatering D-0521 0.5HP 1Phase ', 1.00, 5000.00, 0.00, 5000.00, 0.00, 289, '0000289657100', '', NULL, 5000.00, 0, 1.00),
(158, 27, 'AEG Single Point BS35E 350  KW', 2.00, 0.00, 0.00, 0.00, 0.00, 290, '0000290657113', '', NULL, 0.00, 0, 2.00),
(159, 27, 'Daichi Submersible Pump Sewage D-1021P 1HP 1Phase', 2.00, 6600.00, 0.00, 13200.00, 0.00, 291, '0000291000000', '', NULL, 6600.00, 0, 2.00),
(160, 28, '', 1.00, 700.00, 0.00, 700.00, 0.00, 267, '0000267657085', '', NULL, 700.00, 0, 1.00),
(161, 28, '', 1.00, 700.00, 0.00, 700.00, 0.00, 268, '0000268657084', '', NULL, 700.00, 0, 1.00),
(162, 6, 'Supreme Tank 12 gals., SS-304#16', 4.00, 2316.45, 0.00, 9265.80, 0.00, 73, '0000073657019', '', NULL, 2316.45, 0, 4.00),
(163, 6, 'Supreme Tank 21 gals., SS-304#16', 4.00, 3137.47, 0.00, 12549.88, 0.00, 76, '0000076657016', '', NULL, 3137.47, 0, 4.00),
(164, 29, 'Saer Convertible Pump 1.5 HP SR150C +S&G', 2.00, 12510.00, 0.00, 25020.00, 0.00, 251, '0000251657046', '', NULL, 12510.00, 0, 2.00),
(165, 29, 'Saer Convertible Pump 2 HP SR200C +S&G', 2.00, 14060.00, 0.00, 28120.00, 0.00, 252, '0000252657045', '', NULL, 14060.00, 0, 2.00),
(166, 29, 'Saer Booster Pump 1 HP SR100S +S&G', 3.00, 6422.00, 0.00, 19266.00, 0.00, 250, '0000250657047', '', NULL, 6422.00, 0, 3.00),
(167, 29, 'Saer Deepwell Pump 1 HP SR100D +S&G', 2.00, 7965.00, 0.00, 15930.00, 0.00, 255, '0000255657042', '', NULL, 7965.00, 0, 2.00),
(168, 29, 'Square D Pressure Switch', 9.00, 0.00, 0.00, 0.00, 0.00, 40, '0000040657042', '', NULL, 0.00, 0, 9.00),
(169, 29, 'asf', 9.00, 0.00, 0.00, 0.00, 0.00, 77, '0000077657046', '', NULL, 0.00, 0, 9.00),
(170, 16, 'Goulds Adapter', 4.00, 0.00, 0.00, 0.00, 0.00, 297, '0000297218614', '', NULL, 0.00, 0, 4.00),
(171, 16, 'Goulds Ejector 2"', 4.00, 0.00, 0.00, 0.00, 0.00, 298, '0000298218613', '', NULL, 0.00, 0, 4.00),
(172, 31, 'DynaFlo Bladder Tank DF24H Horizontal 6 Gals', 3.00, 1850.00, 2900.00, 5550.00, 0.00, 307, '0000307657204', '', NULL, 1850.00, 0, 3.00),
(173, 32, 'Pulley 19mm 2 grooves', 2.00, 120.00, 0.00, 240.00, 0.00, 306, '0000306657182', '', NULL, 120.00, 0, 2.00),
(174, 33, 'M-Aqua 1HP water pump', 10.00, 2000.00, 3200.00, 20000.00, 0.00, 259, '0000259000004', '', NULL, 2000.00, 0, 10.00),
(175, 34, 'Travino Pressure Washer TPW2100A', 2.00, 3400.00, 5400.00, 6800.00, 0.00, 305, '0000305000002', '', NULL, 3400.00, 0, 2.00),
(176, 30, 'Fujihama Diesel Engine Pump set KCD50C 5HP 2"x2"', 1.00, 10500.00, 14700.00, 10500.00, 0.00, 302, '0000302657131', '', NULL, 10500.00, 0, 1.00),
(177, 30, ' Fujihama Diesel Engine Pump set KCD80C 7HP 3x3', 1.00, 12500.00, 17500.00, 12500.00, 0.00, 303, '0000303657130', '', NULL, 12500.00, 0, 1.00),
(178, 30, 'Densui Electric Motor 1.5HP Aluminum Winding YC90L-4', 5.00, 2000.00, 0.00, 10000.00, 0.00, 10, '0000010657133', '', NULL, 2000.00, 0, 5.00),
(179, 30, 'Spraying Nozzle Orange', 5.00, 100.00, 450.00, 500.00, 0.00, 304, '0000304657139', '', NULL, 100.00, 0, 5.00),
(180, 35, 'Fujihama GASOLINE ENGINE 6.5HP kc168F-2C Low Speed', 2.00, 4100.00, 0.00, 8200.00, 0.00, 308, '0000308000009', '', NULL, 4100.00, 0, 2.00),
(181, 35, 'Pulley 19mm 2 grooves', 2.00, 120.00, 0.00, 240.00, 0.00, 306, '0000306657212', '', NULL, 120.00, 0, 2.00),
(182, 36, 'Supreme Tank 82 gals., SS-304#16', 2.00, 7447.84, 10800.00, 14895.68, 0.00, 272, '0000272657230', '', NULL, 7447.84, 0, 2.00),
(183, 37, 'Eurostar	DJM100 1HP', 5.00, 5165.00, 0.00, 25825.00, 0.00, 52, '0000052657221', '', NULL, 5165.00, 0, 5.00),
(184, 37, 'Bestank BSTR 600', 3.00, 7456.45, 0.00, 22369.35, 0.00, 54, '0000054000001', '', NULL, 7456.45, 0, 3.00),
(185, 37, 'Square D Pressure Switch', 5.00, 0.00, 0.00, 0.00, 0.00, 40, '0000040657226', '', NULL, 0.00, 0, 5.00),
(186, 37, 'asf', 5.00, 0.00, 0.00, 0.00, 0.00, 77, '0000077657220', '', NULL, 0.00, 0, 5.00),
(187, 38, 'NTN Bearing 6201ZZ', 10.00, 55.00, 165.00, 550.00, 0.00, 319, '0000319000005', '', NULL, 55.00, 0, 10.00),
(189, 38, 'Shaftseal 12mm', 10.00, 65.00, 195.00, 650.00, 0.00, 317, '0000317000007', '', NULL, 65.00, 0, 10.00),
(190, 38, ' Last One Capacitor 12.5 MFD x 450VAC', 5.00, 110.00, 330.00, 550.00, 0.00, 318, '0000318000006', '', NULL, 110.00, 0, 5.00),
(191, 38, '', 10.00, 70.00, 0.00, 700.00, 0.00, 193, '0000193657296', '', NULL, 70.00, 0, 10.00),
(192, 39, 'Last One Capacitor 20MFD x 450VAC', 5.00, 130.00, 390.00, 650.00, 0.00, 313, '0000313000001', '', NULL, 130.00, 0, 5.00),
(193, 39, 'Shaftseal 13mm', 5.00, 80.00, 240.00, 400.00, 0.00, 314, '0000314000000', '', NULL, 80.00, 0, 5.00),
(194, 39, 'NSK Bearing 6202 DDU', 4.00, 74.00, 222.00, 296.00, 0.00, 315, '0000315000009', '', NULL, 74.00, 0, 4.00),
(195, 39, 'KOYO Bearing 6202 Rubber', 1.00, 73.50, 220.00, 73.50, 0.00, 316, '0000316000008', '', NULL, 73.50, 0, 1.00),
(196, 38, 'NSK Bearing 6202 ZZ', 5.00, 60.00, 180.00, 300.00, 0.00, 320, '0000320657298', '', NULL, 60.00, 0, 5.00),
(197, 40, '', 10.00, 35.00, 0.00, 350.00, 0.00, 173, '0000173657315', '', NULL, 35.00, 0, 10.00),
(199, 41, 'Daichi Impeller s-1021P', 2.00, 1022.00, 0.00, 2044.00, 0.00, 321, '0000321657303', '', NULL, 1022.00, 0, 2.00),
(200, 42, 'Supreme Tank 12 gals., SS-304#16', 3.00, 2316.45, 0.00, 6949.35, 0.00, 73, '0000073000006', '', NULL, 2316.45, 0, 3.00),
(201, 42, 'Supreme Tank 42 gals., SS-304#16', 5.00, 4786.85, 0.00, 23934.25, 0.00, 271, '0000271000006', '', NULL, 4786.85, 0, 5.00),
(202, 42, 'Supreme Tank 82 gals., SS-304#16', 5.00, 7447.84, 0.00, 37239.20, 0.00, 272, '0000272657261', '', NULL, 7447.84, 0, 5.00),
(203, 43, 'Bestank BSTR   1000', 1.00, 11184.68, 0.00, 11184.68, 0.00, 153, '0000153657397', '', NULL, 11184.68, 0, 1.00),
(204, 43, 'Bestank BSTR 600', 1.00, 7456.45, 0.00, 7456.45, 0.00, 54, '0000054657397', '', NULL, 7456.45, 0, 1.00),
(205, 44, 'Bestank BSTR   500', 2.00, 6558.91, 0.00, 13117.82, 0.00, 150, '0000150657284', '', NULL, 6558.91, 0, 2.00),
(206, 45, '', 10.00, 18.90, 0.00, 189.00, 0.00, 209, '0000209000009', '', NULL, 18.90, 0, 10.00),
(207, 45, '', 10.00, 25.90, 0.00, 259.00, 0.00, 210, '0000210215157', '', NULL, 25.90, 0, 10.00),
(208, 45, '', 10.00, 37.10, 0.00, 371.00, 0.00, 211, '0000211000004', '', NULL, 37.10, 0, 10.00),
(209, 45, '', 10.00, 86.80, 0.00, 868.00, 0.00, 212, '0000212215155', '', NULL, 86.80, 0, 10.00),
(210, 45, 'Era HDPE Male Elbow 20mm 0.5"', 10.00, 24.50, 0.00, 245.00, 0.00, 300, '0000300215159', '', NULL, 24.50, 0, 10.00),
(211, 45, 'Era HDPE Male Elbow 25mm 0.5"', 10.00, 33.60, 0.00, 336.00, 0.00, 330, '0000330215150', '', NULL, 33.60, 0, 10.00),
(212, 45, 'Era HDPE Male Elbow 32mm 1"', 10.00, 44.10, 0.00, 441.00, 0.00, 312, '0000312215154', '', NULL, 44.10, 0, 10.00),
(213, 45, 'Era HDPE Male Elbow 40mm 0.5"', 10.00, 102.90, 0.00, 1029.00, 0.00, 331, '0000331215159', '', NULL, 102.90, 0, 10.00),
(214, 45, '', 10.00, 38.50, 0.00, 385.00, 0.00, 236, '0000236215155', '', NULL, 38.50, 0, 10.00),
(215, 45, '', 10.00, 42.70, 0.00, 427.00, 0.00, 237, '0000237215154', '', NULL, 42.70, 0, 10.00),
(216, 45, '', 10.00, 69.30, 0.00, 693.00, 0.00, 238, '0000238215153', '', NULL, 69.30, 0, 10.00),
(217, 45, '', 10.00, 166.60, 0.00, 1666.00, 0.00, 239, '0000239215152', '', NULL, 166.60, 0, 10.00),
(218, 46, 'GI Tee 0.25"', 2.00, 14.00, 0.00, 28.00, 0.00, 145, '0000145657244', '', NULL, 14.00, 0, 2.00),
(219, 46, '', 16.00, 4.44, 0.00, 71.04, 0.00, 136, '0000136657246', '', NULL, 4.44, 0, 16.00),
(220, 46, '', 1.00, 20.00, 0.00, 20.00, 0.00, 135, '0000135657247', '', NULL, 20.00, 0, 1.00),
(221, 46, 'GI Nipple 0.25x2"', 2.00, 13.60, 0.00, 27.20, 0.00, 137, '0000137657245', '', NULL, 13.60, 0, 2.00),
(222, 47, 'GI Tee 0.75"', 10.00, 12.90, 0.00, 129.00, 0.00, 140, '0000140657096', '', NULL, 12.90, 0, 10.00),
(223, 47, 'GI Elbow 0.75"', 10.00, 10.13, 0.00, 101.30, 0.00, 144, '0000144657092', '', NULL, 10.13, 0, 10.00),
(224, 47, 'GI Plug 0.75"', 20.00, 6.24, 0.00, 124.80, 0.00, 142, '0000142000005', '', NULL, 6.24, 0, 20.00),
(225, 47, 'GI Plug 0.5", 1/2"', 10.00, 5.04, 0.00, 50.40, 0.00, 138, '0000138000002', '', NULL, 5.04, 0, 10.00),
(226, 47, 'GI Nipple 0.25x2"', 20.00, 8.16, 0.00, 163.20, 0.00, 137, '0000137657092', '', NULL, 8.16, 0, 20.00),
(227, 47, 'GI Tee 0.25"', 10.00, 9.75, 0.00, 97.50, 0.00, 145, '0000145657091', '', NULL, 9.75, 0, 10.00),
(228, 47, 'GI Bushing 1x0.75"', 10.00, 9.75, 0.00, 97.50, 0.00, 139, '0000139657090', '', NULL, 9.75, 0, 10.00),
(229, 47, 'GI Nipple 0.75x2"', 30.00, 5.88, 0.00, 176.40, 0.00, 141, '0000141657095', '', NULL, 5.88, 0, 30.00),
(230, 47, 'GI Nipple 0.75x3"', 10.00, 7.44, 0.00, 74.40, 0.00, 143, '0000143657093', '', NULL, 7.44, 0, 10.00),
(231, 47, '', 20.00, 5.50, 0.00, 110.00, 0.00, 136, '0000136657093', '', NULL, 5.50, 0, 20.00),
(232, 47, '', 10.00, 20.00, 0.00, 200.00, 0.00, 135, '0000135657094', '', NULL, 20.00, 0, 10.00),
(233, 48, 'Big Lite LED 3W Daylight', 50.00, 40.00, 0.00, 2000.00, 0.00, 332, '0000332657446', '', NULL, 40.00, 0, 50.00),
(234, 48, 'Big Lite LED 3W Warm', 50.00, 40.00, 0.00, 2000.00, 0.00, 333, '0000333657445', '', NULL, 40.00, 0, 50.00),
(236, 48, 'Big Lite LED 5W Daylight', 50.00, 60.00, 0.00, 3000.00, 0.00, 334, '0000334657444', '', NULL, 60.00, 0, 50.00),
(237, 48, 'Big Lite LED 5W Warm', 50.00, 60.00, 0.00, 3000.00, 0.00, 335, '0000335657443', '', NULL, 60.00, 0, 50.00),
(238, 49, 'GI Nipple 0.75x2"', 4.00, 9.80, 0.00, 39.20, 0.00, 141, '0000141215240', '', NULL, 9.80, 0, 4.00),
(239, 49, 'GI Plug 0.75"', 2.00, 6.24, 0.00, 12.48, 0.00, 142, '0000142215249', '', NULL, 6.24, 0, 2.00),
(240, 49, 'Gi Cross Tee 0.75"', 2.00, 36.80, 0.00, 73.60, 0.00, 337, '0000337215245', '', NULL, 36.80, 0, 2.00),
(241, 49, 'GI Bushing .75" x .25"', 2.00, 6.96, 0.00, 13.92, 0.00, 323, '0000323000008', '', NULL, 6.96, 0, 2.00),
(242, 49, 'GI Nipple 0.25x2"', 6.00, 13.60, 0.00, 81.60, 0.00, 137, '0000137215247', '', NULL, 13.60, 0, 6.00),
(243, 49, 'GI Tee 0.25"', 2.00, 14.00, 0.00, 28.00, 0.00, 145, '0000145215246', '', NULL, 14.00, 0, 2.00),
(244, 49, 'GI Elbow 0.25"', 2.00, 10.36, 0.00, 20.72, 0.00, 270, '0000270215241', '', NULL, 10.36, 0, 2.00),
(245, 49, 'GI Bushing 1x0.75"', 4.00, 10.40, 0.00, 41.60, 0.00, 139, '0000139215245', '', NULL, 10.40, 0, 4.00),
(246, 49, 'GI Tee 1"', 2.00, 21.60, 0.00, 43.20, 0.00, 338, '0000338215244', '', NULL, 21.60, 0, 2.00),
(247, 49, 'GI Elbow 0.75"', 2.00, 10.80, 0.00, 21.60, 0.00, 144, '0000144215247', '', NULL, 10.80, 0, 2.00),
(248, 49, 'GI Nipple 0.75x3"', 2.00, 12.40, 0.00, 24.80, 0.00, 143, '0000143215248', '', NULL, 12.40, 0, 2.00),
(249, 49, 'GI Nipple 0.75"x4', 2.00, 16.00, 0.00, 32.00, 0.00, 339, '0000339215243', '', NULL, 16.00, 0, 2.00),
(250, 49, '', 2.00, 20.00, 0.00, 40.00, 0.00, 135, '0000135215249', '', NULL, 20.00, 0, 2.00),
(251, 49, '', 8.00, 10.00, 0.00, 80.00, 0.00, 136, '0000136215248', '', NULL, 10.00, 0, 8.00),
(252, 21, 'GI Nipple 0.75x2"', 4.00, 9.80, 0.00, 39.20, 0.00, 141, '0000141218920', '', NULL, 9.80, 0, 4.00),
(253, 21, 'GI Elbow 0.75"', 1.00, 11.48, 0.00, 11.48, 0.00, 144, '0000144218927', '', NULL, 11.48, 0, 1.00),
(254, 21, 'GI Nipple 0.75x3"', 1.00, 12.40, 0.00, 12.40, 0.00, 143, '0000143218928', '', NULL, 12.40, 0, 1.00),
(255, 21, 'GI Tee 0.75"', 1.00, 14.62, 0.00, 14.62, 0.00, 140, '0000140218921', '', NULL, 14.62, 0, 1.00),
(256, 21, 'GI Bushing 1x0.75"', 1.00, 11.05, 0.00, 11.05, 0.00, 139, '0000139218925', '', NULL, 11.05, 0, 1.00),
(257, 21, 'Gi Cross Tee 0.75"', 1.00, 39.10, 0.00, 39.10, 0.00, 337, '0000337218925', '', NULL, 39.10, 0, 1.00),
(258, 21, 'GI Plug 0.75"', 1.00, 6.63, 0.00, 6.63, 0.00, 142, '0000142218929', '', NULL, 6.63, 0, 1.00),
(259, 21, 'GI Bushing 1x0.75"', 1.00, 7.40, 0.00, 7.40, 0.00, 139, '0000139218925', '', NULL, 7.40, 0, 1.00),
(260, 21, 'GI Nipple 0.25x2"', 2.00, 9.80, 0.00, 19.60, 0.00, 137, '0000137218927', '', NULL, 9.80, 0, 2.00),
(261, 21, 'GI Tee 0.25"', 1.00, 14.88, 0.00, 14.88, 0.00, 145, '0000145218926', '', NULL, 14.88, 0, 1.00),
(262, 21, '', 4.00, 5.50, 0.00, 22.00, 0.00, 136, '0000136218928', '', NULL, 5.50, 0, 4.00),
(263, 21, '', 1.00, 20.00, 0.00, 20.00, 0.00, 135, '0000135218929', '', NULL, 20.00, 0, 1.00),
(264, 21, 'GI Elbow Reducer 1x0.75"', 1.00, 20.40, 0.00, 20.40, 0.00, 340, '0000340218929', '', NULL, 20.40, 0, 1.00),
(265, 50, 'Aquaflo Diapgragm Tank PC366B 119Ltrs 450Gal', 1.00, 28998.75, 0.00, 28998.75, 0.00, 329, '0000329657336', '', NULL, 28998.75, 0, 1.00),
(266, 51, 'ERA PPR Male Adapter 40mm 1.25"', 2.00, 332.50, 500.00, 665.00, 0.00, 341, '0000341000004', '', NULL, 332.50, 0, 2.00),
(267, 51, 'ERA PPR Tee Plain 40mm 1.25" White', 2.00, 37.24, 56.00, 74.48, 0.00, 342, '0000342000003', '', NULL, 37.24, 0, 2.00),
(268, 51, 'ERA PPR Stop Valve 40mm 1.25" White', 2.00, 434.91, 654.00, 869.82, 0.00, 343, '0000343000002', '', NULL, 434.91, 0, 2.00),
(269, 51, 'ERA PPR Stop Valve 20mm 0.5" White', 5.00, 147.63, 222.00, 738.15, 0.00, 344, '0000344000001', '', NULL, 147.63, 0, 5.00),
(270, 52, 'ERA PPR PN16 20mm 0.5" White', 15.00, 125.69, 189.00, 1885.35, 0.00, 345, '0000345000000', '', NULL, 125.69, 0, 15.00),
(271, 52, 'ERA PPR PN16 40mm 1.25" White', 5.00, 528.01, 794.00, 2640.05, 0.00, 346, '0000346000009', '', NULL, 528.01, 0, 5.00),
(272, 52, 'ERA PPR PN16 32mm 1" White', 5.00, 305.24, 459.00, 1526.20, 0.00, 347, '0000347000008', '', NULL, 305.24, 0, 5.00),
(273, 52, 'ERA PPR Elbow 20mm 0.5" White', 20.00, 5.32, 8.00, 106.40, 0.00, 348, '0000348657362', '', NULL, 5.32, 0, 20.00),
(274, 52, 'ERA PPR Tee Plain 20mm 0.5" White', 10.00, 7.32, 11.00, 73.20, 0.00, 349, '0000349657361', '', NULL, 7.32, 0, 10.00),
(275, 52, 'ERA PPR Female Elbow 20mm 0.5"', 15.00, 58.52, 88.00, 877.80, 0.00, 350, '0000350657367', '', NULL, 58.52, 0, 15.00),
(276, 52, 'ERA PPR Reducer 40x32mm 1.25x1" White', 2.00, 13.30, 20.00, 26.60, 0.00, 351, '0000351657366', '', NULL, 13.30, 0, 2.00),
(277, 52, 'ERA PPR Coupling 20mm 0.5" White', 20.00, 3.33, 5.00, 66.60, 0.00, 352, '0000352657365', '', NULL, 3.33, 0, 20.00),
(278, 53, 'Generic Back Plate for Booster Pump', 5.00, 0.00, 0.00, 0.00, 0.00, 327, '0000327657383', '', NULL, 0.00, 0, 5.00),
(279, 54, 'GI Nipple 1.25"x6"', 1.00, 59.40, 0.00, 59.40, 0.00, 353, '0000353657425', '', NULL, 59.40, 0, 1.00),
(280, 54, 'GI Socket Reducer 1.25 x 1"', 1.00, 20.00, 0.00, 20.00, 0.00, 354, '0000354657424', '', NULL, 20.00, 0, 1.00),
(281, 54, 'Stac 1.5HP Booster PUmps', 1.00, 0.00, 0.00, 0.00, 0.00, 355, '0000355657423', '', NULL, 0.00, 0, 1.00),
(282, 55, 'GI Nipple 0.25"x2"', 15.00, 13.60, 0.00, 204.00, 0.00, 137, '0000137657412', '', NULL, 13.60, 0, 15.00),
(283, 55, 'GI Tee 0.25"', 5.00, 14.00, 0.00, 70.00, 0.00, 145, '0000145657411', '', NULL, 14.00, 0, 5.00),
(284, 55, 'GI Bushing .75" x .25"', 1.00, 6.96, 0.00, 6.96, 0.00, 323, '0000323657417', '', NULL, 6.96, 0, 1.00),
(285, 55, 'ERA Fusion Machine 0.5" to 1" w/ cutter', 2.00, 3990.00, 6500.00, 7980.00, 0.00, 356, '0000356000006', '', NULL, 3990.00, 0, 2.00),
(286, 55, 'Pentax PM45 0.5HP', 5.00, 2200.00, 0.00, 11000.00, 0.00, 71, '0000071657417', '', NULL, 2200.00, 0, 5.00),
(287, 56, 'ERA PPR Union Patente 1" White', 2.00, 57.19, 0.00, 114.38, 0.00, 368, '0000368657403', '', NULL, 57.19, 0, 2.00),
(288, 57, 'Goulds 2K61 Brass', 5.00, 792.00, 0.00, 3960.00, 0.00, 369, '0000369657433', '', NULL, 792.00, 0, 5.00),
(289, 57, 'Goulds 3K61 Brass', 5.00, 960.00, 0.00, 4800.00, 0.00, 370, '0000370657439', '', NULL, 960.00, 0, 5.00),
(290, 57, 'BMI Capacitore 161-193uf x 125Vac', 5.00, 112.32, 0.00, 561.60, 0.00, 371, '0000371657438', '', NULL, 112.32, 0, 5.00),
(291, 57, 'Goulds Diaphragm 5K21', 5.00, 180.00, 0.00, 900.00, 0.00, 372, '0000372657437', '', NULL, 180.00, 0, 5.00),
(292, 57, 'Goulds Seal Ring J10S', 5.00, 90.00, 0.00, 450.00, 0.00, 373, '0000373657436', '', NULL, 90.00, 0, 5.00),
(293, 57, 'Shaftseal 5/8mm', 5.00, 120.00, 0.00, 600.00, 0.00, 374, '0000374657435', '', NULL, 120.00, 0, 5.00),
(294, 57, 'GI Bushing 1.25"x1"', 1.00, 17.20, 0.00, 17.20, 0.00, 375, '0000375657434', '', NULL, 17.20, 0, 1.00),
(295, 58, 'Jupiter Check Valve 1"', 1.00, 433.00, 0.00, 433.00, 0.00, 357, '0000357657353', '', NULL, 433.00, 0, 1.00),
(296, 58, 'Miles Teflon 1"', 20.00, 8.50, 0.00, 170.00, 0.00, 367, '0000367657350', '', NULL, 8.50, 0, 20.00),
(297, 58, 'GI Bushing 1"x0.25"', 1.00, 10.40, 0.00, 10.40, 0.00, 366, '0000366657351', '', NULL, 10.40, 0, 1.00),
(298, 58, 'GI Nipple 0.25"x2"', 3.00, 13.60, 0.00, 40.80, 0.00, 137, '0000137657351', '', NULL, 13.60, 0, 3.00),
(299, 58, 'GI Tee 0.25"', 1.00, 14.00, 0.00, 14.00, 0.00, 145, '0000145657350', '', NULL, 14.00, 0, 1.00),
(300, 58, '\r\nGI Elbow 0.25"', 1.00, 10.36, 0.00, 10.36, 0.00, 270, '0000270657355', '', NULL, 10.36, 0, 1.00),
(301, 59, 'ERA PPR Male Adapter 32mm 1" White', 6.00, 262.01, 0.00, 1572.06, 0.00, 358, '0000358657345', '', NULL, 262.01, 0, 6.00),
(302, 59, 'ERA PPR Female Adapter 32mm 1" White', 3.00, 213.47, 0.00, 640.41, 0.00, 359, '0000359657344', '', NULL, 213.47, 0, 3.00),
(303, 59, 'ERA PPR Tee Plain 32mm 1" White', 3.00, 21.28, 0.00, 63.84, 0.00, 360, '0000360657340', '', NULL, 21.28, 0, 3.00),
(305, 59, 'ERA PPR Stop Valve 32mm 1" White', 2.00, 324.52, 0.00, 649.04, 0.00, 361, '0000361657349', '', NULL, 324.52, 0, 2.00),
(306, 59, 'ERA PPR Elbow 32mm 1" White', 6.00, 15.30, 0.00, 91.80, 0.00, 362, '0000362657348', '', NULL, 15.30, 0, 6.00),
(307, 59, 'ERA PPR PN20 32mm 1" White', 1.00, 364.20, 0.00, 364.20, 0.00, 364, '0000364657346', '', NULL, 364.20, 0, 1.00),
(308, 59, 'ERA PPR Female Tee 32mm 1" White', 1.00, 266.67, 0.00, 266.67, 0.00, 365, '0000365657345', '', NULL, 266.67, 0, 1.00),
(309, 59, ' 	ERA PPR Coupling 32mm 1" White', 2.00, 8.65, 0.00, 17.30, 0.00, 363, '0000363657347', '', NULL, 8.65, 0, 2.00),
(310, 59, 'ERA PPR Tee Reducer 32mmx0.5" ', 1.00, 15.96, 0.00, 15.96, 0.00, 376, '0000376657341', '', NULL, 15.96, 0, 1.00),
(311, 60, 'Tomsteel 42 gals., SS-304#16', 1.00, 0.00, 0.00, 0.00, 0.00, 280, '0000280657475', '', NULL, 0.00, 0, 1.00),
(312, 60, '', 1.00, 0.00, 0.00, 0.00, 0.00, 69, '0000069657474', '', NULL, 0.00, 0, 1.00),
(313, 60, 'Kawasaki Power Sprayer 25mm KC-25A', 1.00, 0.00, 0.00, 0.00, 0.00, 20, '0000020657475', '', NULL, 0.00, 0, 1.00),
(314, 60, 'Densui Electric Motor 1.5HP Aluminum Winding YC90L-4', 1.00, 0.00, 0.00, 0.00, 0.00, 10, '0000010657478', '', NULL, 0.00, 0, 1.00),
(315, 60, '', 1.00, 0.00, 0.00, 0.00, 0.00, 22, '0000022657473', '', NULL, 0.00, 0, 1.00),
(316, 61, 'Bestank BSTR   500', 1.00, 6558.91, 0.00, 6558.91, 0.00, 150, '0000150657451', '', NULL, 6558.91, 0, 1.00),
(317, 61, 'Bestank BSTR   1000', 1.00, 11184.68, 0.00, 11184.68, 0.00, 153, '0000153657458', '', NULL, 11184.68, 0, 1.00),
(318, 61, 'Eurostar	DJM100 1HP', 5.00, 5128.00, 0.00, 25640.00, 0.00, 52, '0000052657450', '', NULL, 5128.00, 0, 5.00),
(319, 62, 'Unidex Fusion Machine 1.25"x2"', 1.00, 2300.00, 0.00, 2300.00, 0.00, 377, '0000377067484', '', NULL, 2300.00, 0, 1.00),
(320, 63, 'Unidex Fusion Machine 1.25"x2"', 1.00, 2300.00, 0.00, 2300.00, 0.00, 377, '0000377657487', '', NULL, 2300.00, 0, 1.00),
(321, 63, 'Shaft Seal 15mm', 1.00, 200.00, 0.00, 200.00, 0.00, 379, '0000379657485', '', NULL, 200.00, 0, 1.00),
(322, 63, 'STAC PUMP HEAD 1.5 hp', 1.00, 0.00, 0.00, 0.00, 0.00, 378, '0000378657486', '', NULL, 0.00, 0, 1.00),
(323, 64, 'Power Sprayer FIttings - Female', 1.00, 75.00, 0.00, 75.00, 0.00, 381, '0000381657497', '', NULL, 75.00, 0, 1.00),
(324, 64, 'Power Sprayer FIttings - Male', 1.00, 75.00, 0.00, 75.00, 0.00, 380, '0000380657498', '', NULL, 75.00, 0, 1.00),
(325, 65, 'Yamato Power Sprayer YM-25', 11.00, 1833.00, 0.00, 20163.00, 0.00, 383, '0000383657501', '', NULL, 1833.00, 0, 11.00),
(327, 7, 'Factory Defect', -3.00, 0.00, 0.00, 0.00, 0.00, 18, '0000018218534', '', NULL, 0.00, 0, -3.00),
(329, 9, 'Factory Defect', -3.00, 0.00, 0.00, 0.00, 0.00, 14, '0000014218576', '', NULL, 0.00, 0, -3.00),
(330, 8, 'Factory Defect', -1.00, 0.00, 0.00, 0.00, 0.00, 19, '0000019218557', '', NULL, 0.00, 0, -1.00),
(331, 61, 'Factory Defect, Crack in Casting', -1.00, 0.00, 0.00, 0.00, 0.00, 52, '0000052657450', '', NULL, 0.00, 0, -1.00),
(332, 66, 'Power Sprayer FIttings - Female', 6.00, 10.00, 0.00, 60.00, 0.00, 381, '0000381215970', '', NULL, 10.00, 0, 6.00),
(333, 66, 'Power Sprayer FIttings - Male', 6.00, 20.00, 0.00, 120.00, 0.00, 380, '0000380215971', '', NULL, 20.00, 0, 6.00),
(334, 29, 'Wrong Item', 2.00, 0.00, 0.00, 0.00, 0.00, 297, '0000297657048', '', NULL, 0.00, 0, 2.00),
(335, 29, 'Goulds Ejector 2"', 2.00, 0.00, 0.00, 0.00, 0.00, 298, '0000298657047', '', NULL, 0.00, 0, 2.00),
(336, 67, 'Goulds Submersible 25GS10', 1.00, 3661.20, 0.00, 3661.20, 0.00, 416, '0000416665015', '', NULL, 3661.20, 0, 1.00),
(337, 68, 'Supreme Tank 21 gals., SS-304#16', 8.00, 3137.47, 0.00, 25099.76, 0.00, 76, '0000076216565', '', NULL, 3137.47, 0, 8.00),
(338, 68, 'Supreme Tank 12 gals., SS-304#16', 5.00, 2316.45, 0.00, 11582.25, 0.00, 73, '0000073216568', '', NULL, 2316.45, 0, 5.00),
(339, 68, 'Torus HDPE Pipe SDR11 1"x100m Black', 3.00, 3570.00, 0.00, 10710.00, 0.00, 91, '0000091216564', '', NULL, 3570.00, 0, 3.00),
(340, 69, '', 3.00, 588.00, 0.00, 1764.00, 0.00, 68, '0000068216597', '', NULL, 588.00, 0, 3.00),
(341, 69, 'GV Ball Valve	1.25"', 3.00, 403.20, 0.00, 1209.60, 0.00, 419, '0000419216597', '', NULL, 403.20, 0, 3.00),
(343, 70, 'APC Automatic Pump Control', 2.00, 1300.00, 0.00, 2600.00, 0.00, 295, '0000295000006', '', NULL, 1300.00, 0, 2.00),
(344, 71, 'Supreme Tank 12 gals., SS-304#16', 2.00, 2316.45, 0.00, 4632.90, 0.00, 73, '0000073216551', '', NULL, 2316.45, 0, 2.00),
(345, 72, 'Koten KSB 2P 20A', 4.00, 380.00, 0.00, 1520.00, 0.00, 420, '0000420000000', '', NULL, 380.00, 0, 4.00),
(346, 72, 'Omni WWG-203 Universal Outlet w/ Ground', 10.00, 11.56, 0.00, 115.60, 0.00, 421, '0000421621709', '', NULL, 11.56, 0, 10.00),
(347, 72, 'Omni 1 Gang Plate WWP-111', 10.00, 67.31, 0.00, 673.10, 0.00, 422, '0000422621708', '', NULL, 67.31, 0, 10.00),
(348, 73, 'Koten Safety Breaker KSB-S 2P 30A', 3.00, 480.00, 0.00, 1440.00, 0.00, 424, '0000424000006', '', NULL, 480.00, 0, 3.00),
(349, 73, 'Koten Safety Breaker KSB-S 2P 20A', 4.00, 480.00, 0.00, 1920.00, 0.00, 423, '0000423000007', '', NULL, 480.00, 0, 4.00),
(350, 73, 'Koten Safety Breaker KSB 2P 30A', 3.00, 360.00, 0.00, 1080.00, 0.00, 425, '0000425000005', '', NULL, 360.00, 0, 3.00),
(351, 73, 'Koten KSB 2P 20A', 5.00, 360.00, 0.00, 1800.00, 0.00, 420, '0000420000000', '', NULL, 360.00, 0, 5.00),
(352, 74, '', 5.00, 18.90, 0.00, 94.50, 0.00, 209, '0000209000009', '', NULL, 18.90, 0, 5.00),
(353, 74, '', 5.00, 34.30, 0.00, 171.50, 0.00, 191, '0000191216617', '', NULL, 34.30, 0, 5.00),
(354, 74, '', 5.00, 44.80, 0.00, 224.00, 0.00, 174, '0000174216610', '', NULL, 44.80, 0, 5.00),
(355, 75, 'Spraying Nozzle Orange', 5.00, 100.00, 0.00, 500.00, 0.00, 304, '0000304216589', '', NULL, 100.00, 0, 5.00),
(356, 75, 'Power Sprayer FIttings - Male', 10.00, 20.00, 0.00, 200.00, 0.00, 380, '0000380216589', '', NULL, 20.00, 0, 10.00),
(357, 75, 'Power Sprayer FIttings - Female', 10.00, 20.00, 0.00, 200.00, 0.00, 381, '0000381216588', '', NULL, 20.00, 0, 10.00),
(358, 76, 'Claro Spot 3W White, White Housing', 10.00, 255.00, 0.00, 2550.00, 0.00, 415, '0000415215846', '', NULL, 255.00, 0, 10.00),
(359, 76, 'Claro Spot 3W Warm White White Housing', 10.00, 255.00, 0.00, 2550.00, 0.00, 412, '0000412215849', '', NULL, 255.00, 0, 10.00),
(360, 76, 'Claro Spot 5W White White Housing', 10.00, 377.50, 0.00, 3775.00, 0.00, 413, '0000413215848', '', NULL, 377.50, 0, 10.00),
(361, 76, '\r\nClaro Spot 5W Warm White, White Housing', 10.00, 377.50, 0.00, 3775.00, 0.00, 414, '0000414215847', '', NULL, 377.50, 0, 10.00),
(362, 76, 'Claro Spot 7W Daylight, White Housing', 9.00, 502.50, 0.00, 4522.50, 0.00, 426, '0000426000004', '', NULL, 502.50, 0, 9.00),
(363, 76, 'Claro Spot 7W Warm White, White Housing', 11.00, 502.50, 0.00, 5527.50, 0.00, 427, '0000427000003', '', NULL, 502.50, 0, 11.00),
(364, 76, 'Claro Spot 9W Warm White, White Housing', 10.00, 675.00, 0.00, 6750.00, 0.00, 428, '0000428215840', '', NULL, 675.00, 0, 10.00),
(365, 77, 'Firstank FTH 1000 Horizontal Storage Tank 1000L 275Gal', 8.00, 11527.29, 12950.00, 92218.32, 0.00, 431, '0000431000006', '', NULL, 11527.29, 0, 8.00),
(366, 77, 'Firstank FTH 500 Horizontal Storage Tank 500L 130Gal', 3.00, 8100.26, 9100.00, 24300.78, 0.00, 432, '0000432000005', '', NULL, 8100.26, 0, 3.00),
(367, 78, 'Bestank BSTR   1000', 2.00, 0.00, 0.00, 0.00, 0.00, 153, '0000153665071', '', NULL, 0.00, 0, 2.00),
(368, 78, 'Montana Bladder Tank CF/19 Horizontal 5 Gal', 3.00, 0.00, 0.00, 0.00, 0.00, 433, '0000433665074', '', NULL, 0.00, 0, 3.00),
(369, 76, 'BigLite LED 7W Daylight ', 50.00, 95.00, 0.00, 4750.00, 0.00, 434, '0000434000003', '', NULL, 95.00, 0, 50.00),
(370, 76, 'BigLite LED 7W Warm White', 50.00, 95.00, 0.00, 4750.00, 0.00, 436, '0000436000001', '', NULL, 95.00, 0, 50.00),
(371, 76, 'BigLite LED 9W Daylight ', 50.00, 110.00, 0.00, 5500.00, 0.00, 435, '0000435657442', '', NULL, 110.00, 0, 50.00),
(372, 76, 'BigLite LED 9W Warm White', 50.00, 110.00, 0.00, 5500.00, 0.00, 437, '0000437657440', '', NULL, 110.00, 0, 50.00),
(373, 76, 'Claro Spot 3W Daylight, Silver Housing', 10.00, 232.50, 0.00, 2325.00, 0.00, 438, '0000438657449', '', NULL, 232.50, 0, 10.00),
(374, 76, 'Claro Spot 3W Warm White, Silver Housing', 10.00, 232.50, 0.00, 2325.00, 0.00, 439, '0000439657448', '', NULL, 232.50, 0, 10.00),
(375, 76, 'Claro Spot 5W Daylight, Silver Housing', 10.00, 322.50, 0.00, 3225.00, 0.00, 440, '0000440657444', '', NULL, 322.50, 0, 10.00),
(376, 76, 'Claro Spot 5W Warm White, Silver Housing', 10.00, 322.50, 0.00, 3225.00, 0.00, 443, '0000443657441', '', NULL, 322.50, 0, 10.00),
(377, 76, 'Claro Spot 7W Daylight, Silver Housing', 10.00, 487.50, 0.00, 4875.00, 0.00, 441, '0000441657443', '', NULL, 487.50, 0, 10.00),
(378, 76, 'Claro Spot 7W Warm White, Silver Housing', 10.00, 487.50, 0.00, 4875.00, 0.00, 444, '0000444657440', '', NULL, 487.50, 0, 10.00),
(379, 76, 'Claro Spot 9W Daylight, Silver Housing', 10.00, 637.50, 0.00, 6375.00, 0.00, 442, '0000442657442', '', NULL, 637.50, 0, 10.00),
(380, 76, 'Claro Spot 9W Warm White, Silver Housing', 10.00, 637.50, 0.00, 6375.00, 0.00, 445, '0000445657449', '', NULL, 637.50, 0, 10.00),
(381, 76, 'Claro Spot 12W Daylight, Silver Housing', 10.00, 690.00, 0.00, 6900.00, 0.00, 446, '0000446657448', '', NULL, 690.00, 0, 10.00),
(382, 76, 'Claro Spot 12W Warm White, Silver Housing', 10.00, 690.00, 0.00, 6900.00, 0.00, 447, '0000447657447', '', NULL, 690.00, 0, 10.00),
(383, 76, 'CYD YD-730-3D 3W Daylight', 10.00, 180.00, 0.00, 1800.00, 0.00, 404, '0000404657442', '', NULL, 180.00, 0, 10.00),
(384, 76, 'CYD YD-730-3D 3W Warm White', 10.00, 180.00, 0.00, 1800.00, 0.00, 405, '0000405657441', '', NULL, 180.00, 0, 10.00),
(385, 76, 'CYD YD-730-6D 6W Daylight', 10.00, 300.00, 0.00, 3000.00, 0.00, 406, '0000406657440', '', NULL, 300.00, 0, 10.00),
(386, 76, 'CYD YD-730-6D 6W Warm White', 10.00, 300.00, 0.00, 3000.00, 0.00, 407, '0000407657449', '', NULL, 300.00, 0, 10.00),
(387, 76, 'CYD YD-731-12D 12W Daylight', 10.00, 420.00, 0.00, 4200.00, 0.00, 408, '0000408657448', '', NULL, 420.00, 0, 10.00),
(388, 76, 'CYD YD-731-12D 12W Warm White', 10.00, 420.00, 0.00, 4200.00, 0.00, 409, '0000409657447', '', NULL, 420.00, 0, 10.00),
(389, 76, 'CYD YD-732-18D 18W Daylight', 10.00, 600.00, 0.00, 6000.00, 0.00, 411, '0000411657442', '', NULL, 600.00, 0, 10.00),
(390, 76, 'CYD YD-732-18D 18W Warm White', 10.00, 600.00, 0.00, 6000.00, 0.00, 410, '0000410657443', '', NULL, 600.00, 0, 10.00),
(395, 76, 'CYD YD-A730 6W Daylight', 10.00, 300.00, 0.00, 3000.00, 0.00, 390, '0000390657440', '', NULL, 300.00, 0, 10.00),
(396, 76, 'CYD YD-A730 6W Warm White', 10.00, 300.00, 0.00, 3000.00, 0.00, 391, '0000391657449', '', NULL, 300.00, 0, 10.00),
(397, 76, 'CYD YD-A731 12W Daylight', 10.00, 600.00, 0.00, 6000.00, 0.00, 393, '0000393657447', '', NULL, 600.00, 0, 10.00),
(398, 76, 'CYD YD-A731 12W Warm White', 10.00, 600.00, 0.00, 6000.00, 0.00, 392, '0000392657448', '', NULL, 600.00, 0, 10.00),
(399, 76, 'CYD YD-A732 18W Daylight', 10.00, 720.00, 0.00, 7200.00, 0.00, 395, '0000395657445', '', NULL, 720.00, 0, 10.00),
(400, 76, 'CYD YD-A732 18W Warm White', 10.00, 720.00, 0.00, 7200.00, 0.00, 394, '0000394657446', '', NULL, 720.00, 0, 10.00),
(401, 76, 'CYD YD-A706 6W Daylight', 10.00, 300.00, 0.00, 3000.00, 0.00, 384, '0000384657449', '', NULL, 300.00, 0, 10.00),
(402, 76, 'CYD YD-A706 6W Warm White', 10.00, 300.00, 0.00, 3000.00, 0.00, 385, '0000385657448', '', NULL, 300.00, 0, 10.00),
(403, 76, 'CYD YD-A707 12W Daylight', 10.00, 600.00, 0.00, 6000.00, 0.00, 386, '0000386657447', '', NULL, 600.00, 0, 10.00),
(404, 76, 'CYD YD-A707 12W Warm White', 9.00, 600.00, 0.00, 5400.00, 0.00, 387, '0000387000006', '', NULL, 600.00, 0, 9.00),
(405, 76, 'CYD YD-A708 18W Daylight', 6.00, 720.00, 0.00, 4320.00, 0.00, 388, '0000388000005', '', NULL, 720.00, 0, 6.00),
(406, 76, 'CYD YD-A708 18W Warm White', 10.00, 720.00, 0.00, 7200.00, 0.00, 389, '0000389657444', '', NULL, 720.00, 0, 10.00),
(407, 76, 'CYD YD-706-3 3W Daylight', 10.00, 180.00, 0.00, 1800.00, 0.00, 397, '0000397000003', '', NULL, 180.00, 0, 10.00),
(409, 76, 'CYD YD-706-3 3W Warm White', 10.00, 180.00, 0.00, 1800.00, 0.00, 396, '0000396215842', '', NULL, 180.00, 0, 10.00),
(410, 76, 'CYD YD-706-6 6W White', 10.00, 300.00, 0.00, 3000.00, 0.00, 399, '0000399215849', '', NULL, 300.00, 0, 10.00),
(411, 76, 'CYD YD-706-6 6W Warm White', 10.00, 300.00, 0.00, 3000.00, 0.00, 398, '0000398215840', '', NULL, 300.00, 0, 10.00),
(412, 76, 'CYD YD-707-12 12W White', 10.00, 420.00, 0.00, 4200.00, 0.00, 401, '0000401215843', '', NULL, 420.00, 0, 10.00),
(413, 76, 'CYD YD-707-12 12W Warm White', 10.00, 420.00, 0.00, 4200.00, 0.00, 400, '0000400215844', '', NULL, 420.00, 0, 10.00),
(414, 76, 'CYD YD-708-18 18W White', 10.00, 600.00, 0.00, 6000.00, 0.00, 402, '0000402215842', '', NULL, 600.00, 0, 10.00),
(415, 76, 'CYD YD-708-18 18W Warm White', 10.00, 600.00, 0.00, 6000.00, 0.00, 403, '0000403215841', '', NULL, 600.00, 0, 10.00),
(416, 79, 'ERA PPR Tee Plain 32mm 1" White', 2.00, 21.28, 0.00, 42.56, 0.00, 360, '0000360000009', '', NULL, 21.28, 0, 2.00),
(417, 79, 'ERA PPR Elbow 32mm 1" White', 10.00, 15.30, 0.00, 153.00, 0.00, 362, '0000362000007', '', NULL, 15.30, 0, 10.00),
(418, 79, 'ERA PPR Tee Reducer 32mmx0.5" green', 5.00, 15.96, 0.00, 79.80, 0.00, 472, '0000472000003', '', NULL, 15.96, 0, 5.00),
(419, 79, 'ERA PPR Coupling 32mm 1" White', 10.00, 8.65, 0.00, 86.50, 0.00, 363, '0000363000006', '', NULL, 8.65, 0, 10.00),
(420, 79, 'ERA PPR Reducer 1"x0.5" (32mmx20mm) green', 5.00, 7.30, 0.00, 36.50, 0.00, 478, '0000478000007', '', NULL, 7.30, 0, 5.00),
(421, 79, 'ERA PPR Union Patente 1" green', 6.00, 57.19, 0.00, 343.14, 0.00, 473, '0000473000002', '', NULL, 57.19, 0, 6.00),
(422, 79, 'ERA PPR Stop Valve 32mm 1" green', 4.00, 324.52, 0.00, 1298.08, 0.00, 467, '0000467000001', '', NULL, 324.52, 0, 4.00),
(424, 79, 'ERA PPR Coupling 32mm 1" green', 10.00, 8.65, 0.00, 86.50, 0.00, 453, '0000453000008', '', NULL, 8.65, 0, 10.00),
(425, 80, 'ERA PPR Pipe PN20 1"x4m white (4.4mm)', 5.00, 364.42, 0.00, 1822.10, 0.00, 364, '0000448000006', '', NULL, 364.42, 0, 5.00),
(426, 80, 'ERA PPR Pipe PN20 1"x4m green (4.4mm)', 12.00, 364.42, 0.00, 4373.04, 0.00, 464, '0000449000005', '', NULL, 364.42, 0, 12.00),
(427, 80, 'ERA PPR Pipe PN20 0.5"x4m white (2.8mm)', 7.00, 146.30, 0.00, 1024.10, 0.00, 450, '0000450000001', '', NULL, 146.30, 0, 7.00),
(428, 80, 'ERA PPR Pipe PN20 0.5"x4m green (2.8mm)', 7.00, 146.30, 0.00, 1024.10, 0.00, 451, '0000451000000', '', NULL, 146.30, 0, 7.00),
(430, 80, 'ERA PPR Male Adapter 32mm 1" green', 8.00, 262.01, 0.00, 2096.08, 0.00, 459, '0000459000002', '', NULL, 262.01, 0, 8.00),
(431, 80, 'ERA PPR Tee Plain 32mm 1" green', 2.00, 21.28, 0.00, 42.56, 0.00, 470, '0000470000005', '', NULL, 21.28, 0, 2.00),
(432, 80, 'ERA PPR Elbow 32mm 1" green', 10.00, 15.30, 0.00, 153.00, 0.00, 455, '0000455000006', '', NULL, 15.30, 0, 10.00),
(433, 80, 'ERA PPR Elbow 32mm 1" green 45deg', 4.00, 13.30, 0.00, 53.20, 0.00, 480, '0000480000002', '', NULL, 13.30, 0, 4.00),
(442, 82, 'ERA PPR Tee Plain 20mm 0.5" green', 25.00, 7.32, 0.00, 183.00, 0.00, 469, '0000469000009', '', NULL, 7.32, 0, 25.00),
(445, 83, 'ERA PPR Male Adapter 20mm 0.5" Green', 25.00, 81.80, 0.00, 2045.00, 0.00, 475, '0000475216821', '', NULL, 81.80, 0, 25.00),
(453, 85, 'GI Bushing 1x0.75"', 10.00, 10.40, 0.00, 104.00, 0.00, 139, '0000139216891', '', NULL, 10.40, 0, 10.00),
(454, 85, 'GI Tee 0.75"', 10.00, 13.76, 0.00, 137.60, 0.00, 140, '0000140216897', '', NULL, 13.76, 0, 10.00),
(455, 85, 'GI Nipple 0.75"x3"\r\n', 10.00, 12.40, 0.00, 124.00, 0.00, 143, '0000143216894', '', NULL, 12.40, 0, 10.00),
(456, 85, 'GI Nipple 0.75"x2"\r\n', 30.00, 9.80, 0.00, 294.00, 0.00, 141, '0000141216896', '', NULL, 9.80, 0, 30.00),
(457, 85, 'GI Elbow 0.75"', 10.00, 10.80, 0.00, 108.00, 0.00, 144, '0000144216893', '', NULL, 10.80, 0, 10.00),
(458, 85, '', 10.00, 20.00, 0.00, 200.00, 0.00, 135, '0000135216895', '', NULL, 20.00, 0, 10.00),
(459, 82, 'ERA PPR Union Patente 1" White', 6.00, 57.19, 0.00, 343.14, 0.00, 368, '0000368216815', '', NULL, 57.19, 0, 6.00),
(460, 82, 'ERA PPR Reducer 1"x0.5" (32mmx20mm) white', 5.00, 7.32, 0.00, 36.60, 0.00, 479, '0000479216810', '', NULL, 7.32, 0, 5.00),
(461, 82, 'ERA PPR Tee Reducer 1"x0.5" (32mmx20mm) white', 5.00, 15.96, 0.00, 79.80, 0.00, 376, '0000376216814', '', NULL, 15.96, 0, 5.00),
(462, 82, 'ERA PPR Stop Valve 32mm 1" White', 4.00, 324.52, 0.00, 1298.08, 0.00, 361, '0000361216812', '', NULL, 324.52, 0, 4.00);
INSERT INTO `purchasedetail` (`id`, `purchase_id`, `description`, `qty`, `price`, `sellprice`, `total`, `tax`, `product_id`, `barcode`, `discrate`, `discamt`, `unittotal`, `is_cancelled`, `remaining`) VALUES
(463, 82, 'ERA PPR Elbow 20mm 0.5" green', 12.00, 5.32, 0.00, 63.84, 0.00, 454, '0000454216811', '', NULL, 5.32, 0, 12.00),
(464, 82, 'ERA PPR Coupling 20mm 0.5" green', 10.00, 3.33, 0.00, 33.30, 0.00, 452, '0000452216813', '', NULL, 3.33, 0, 10.00),
(465, 82, 'ERA PPR Female Elbow 20mm 0.5" green', 20.00, 58.52, 0.00, 1170.40, 0.00, 457, '0000457216818', '', NULL, 58.52, 0, 20.00),
(466, 83, 'ERA PPR Female Tee 20mm 0.5" Green', 5.00, 56.53, 0.00, 282.65, 0.00, 477, '0000477216829', '', NULL, 56.53, 0, 5.00),
(467, 83, 'ERA PPR Tee Plain 20mm 0.5" White', 13.00, 7.32, 0.00, 95.16, 0.00, 349, '0000349000006', '', NULL, 7.32, 0, 13.00),
(468, 83, 'ERA PPR Elbow 20mm 0.5" White', 8.00, 5.32, 0.00, 42.56, 0.00, 348, '0000348216828', '', NULL, 5.32, 0, 8.00),
(469, 83, 'ERA PPR Coupling 20mm 0.5" White', 6.00, 3.33, 0.00, 19.98, 0.00, 352, '0000352216821', '', NULL, 3.33, 0, 6.00),
(470, 83, 'ERA PPR Female Elbow 20mm 0.5"', 10.00, 58.52, 0.00, 585.20, 0.00, 350, '0000350216823', '', NULL, 58.52, 0, 10.00),
(471, 83, 'ERA PPR Male Adapter 20mm 0.5" White', 13.00, 81.80, 0.00, 1063.40, 0.00, 474, '0000474216822', '', NULL, 81.80, 0, 13.00),
(472, 83, 'ERA PPR Female Tee 20mm 0.5" White', 5.00, 56.53, 0.00, 282.65, 0.00, 476, '0000476216820', '', NULL, 56.53, 0, 5.00),
(473, 84, 'Daichi Sewage Submersible Pump 3hp 3ph ', 3.00, 16500.00, 0.00, 49500.00, 0.00, 484, '0000484216874', '', NULL, 16500.00, 0, 3.00),
(474, 85, 'GI Nipple 0.25"x2"', 20.00, 13.60, 0.00, 272.00, 0.00, 137, '0000137216893', '', NULL, 13.60, 0, 20.00),
(475, 85, 'GI Tee 0.25"', 10.00, 11.20, 0.00, 112.00, 0.00, 145, '0000145216892', '', NULL, 11.20, 0, 10.00),
(476, 85, '', 40.00, 4.44, 0.00, 177.60, 0.00, 136, '0000136216894', '', NULL, 4.44, 0, 40.00),
(477, 85, 'GI Plug 0.75"', 10.00, 0.00, 0.00, 0.00, 0.00, 142, '0000142216895', '', NULL, 0.00, 0, 10.00),
(478, 86, 'Jupiter Foot Valve 1"', 3.00, 583.00, 0.00, 1749.00, 0.00, 3, '0000003000007', '', NULL, 583.00, 0, 3.00),
(479, 86, 'Jupiter Check Valve 1"', 2.00, 433.00, 0.00, 866.00, 0.00, 357, '0000357217052', '', NULL, 433.00, 0, 2.00),
(480, 86, 'GI Plug 0.5", 1/2"\r\n', 20.00, 4.73, 0.00, 94.60, 0.00, 138, '0000138217059', '', NULL, 4.73, 0, 20.00),
(481, 86, 'GI Plug 0.75"', 20.00, 5.85, 0.00, 117.00, 0.00, 142, '0000142217052', '', NULL, 5.85, 0, 20.00),
(482, 86, '', 1.00, 512.00, 0.00, 512.00, 0.00, 2, '0000002217055', '', NULL, 512.00, 0, 1.00),
(483, 86, '', 1.00, 400.00, 0.00, 400.00, 0.00, 1, '0000001217056', '', NULL, 400.00, 0, 1.00),
(484, 86, 'Miles Teflon 1"', 100.00, 3.50, 0.00, 350.00, 0.00, 367, '0000367217059', '', NULL, 3.50, 0, 100.00),
(486, 88, 'Eurostar	DJM100 1HP', 10.00, 0.00, 0.00, 0.00, 0.00, 52, '0000052248634', '', NULL, 0.00, 0, 10.00),
(487, 89, 'Goulds SJ10 1HP vertical set', 1.00, 0.00, 0.00, 0.00, 0.00, 34, '0000034665244', '', NULL, 0.00, 0, 1.00),
(488, 69, 'Stac Pump PE45 0.5HP ', 5.00, 1000.00, 0.00, 5000.00, 0.00, 70, '0000070216592', '', NULL, 1000.00, 0, 5.00),
(489, 90, '', -2.00, 0.00, 0.00, 0.00, 0.00, 21, '021C201510271', '', NULL, 0.00, 0, -2.00),
(490, 90, '', 200.00, 0.00, 0.00, 0.00, 0.00, 256, '256C201510275', '', NULL, 0.00, 0, 200.00),
(491, 91, 'A. O. Smith Water Heater ECS-30 30 Gals', 1.00, 20100.00, 0.00, 20100.00, 0.00, 417, '0000417216742', '', NULL, 20100.00, 0, 1.00),
(492, 91, 'Viva Submersible Stainless Sewage Pump 1HP SPWS750-50', 4.00, 2550.00, 0.00, 10200.00, 0.00, 19, '0000019000008', '', NULL, 2550.00, 0, 4.00),
(493, 92, 'Cavalier 1 HP Stainless Head JPS100L', 1.00, 2545.00, 0.00, 2545.00, 0.00, 260, '0000260215787', '', NULL, 2545.00, 0, 1.00),
(494, 93, 'CYD YD-706-3 3W Daylight', 18.00, 180.00, 0.00, 3240.00, 0.00, 397, '0000397217296', '', NULL, 180.00, 0, 18.00),
(495, 93, 'Duraflex THHN 2.0 Black', 2.00, 1647.00, 0.00, 3294.00, 0.00, 486, '0000486217299', '', NULL, 1647.00, 0, 2.00),
(496, 93, 'Duraflex THHN 3.5 Black', 2.00, 2416.00, 0.00, 4832.00, 0.00, 487, '0000487217298', '', NULL, 2416.00, 0, 2.00),
(497, 93, 'PhelpsDodge THHN 2.0 Black', 2.00, 1863.00, 0.00, 3726.00, 0.00, 488, '0000488217297', '', NULL, 1863.00, 0, 2.00),
(498, 93, 'PhelpsDodge THHN 3.5 Black', 2.00, 2732.00, 0.00, 5464.00, 0.00, 489, '0000489217296', '', NULL, 2732.00, 0, 2.00),
(499, 94, 'Daichi Sewage Submersible Pump 3hp 3ph ', 7.00, 16500.00, 0.00, 115500.00, 0.00, 484, '0000484665160', '', NULL, 16500.00, 0, 7.00),
(500, 95, 'Mabuhay Christmas Lights DL 100L', 10.00, 150.00, 195.00, 1500.00, 0.00, 496, '0000496665295', '', NULL, 150.00, 0, 10.00),
(501, 95, 'Mabuhay Christmas Lights WW 100L', 10.00, 150.00, 195.00, 1500.00, 0.00, 497, '0000497665294', '', NULL, 150.00, 0, 10.00),
(502, 96, 'Firstank FTR 1000 Vertical Storage Tank 1000L 275Gal', 5.00, 9695.97, 11340.00, 48479.85, 0.00, 430, '0000430665282', '', NULL, 9695.97, 0, 5.00),
(503, 97, 'Square D Pressure Switch', 80.00, 160.00, 0.00, 12800.00, 0.00, 40, '0000040665344', '', NULL, 160.00, 0, 80.00),
(504, 97, '', 4.00, 217.00, 0.00, 868.00, 0.00, 22, '0000022665348', '', NULL, 217.00, 0, 4.00),
(505, 97, '', 2.00, 2000.00, 0.00, 4000.00, 0.00, 21, '0000021665349', '', NULL, 2000.00, 0, 2.00),
(506, 97, 'Spraying Nozzle Orange', 5.00, 100.00, 0.00, 500.00, 0.00, 304, '0000304665349', '', NULL, 100.00, 0, 5.00),
(507, 98, 'ERA PPR Pipe PN16 20mm 0.5" green', 10.00, 125.69, 0.00, 1256.90, 0.00, 461, '0000461000007', '', NULL, 125.69, 0, 10.00),
(508, 98, 'ERA PPR Pipe PN16 25mm 0.75" green', 10.00, 188.86, 284.00, 1888.60, 0.00, 498, '0000498665231', '', NULL, 188.86, 0, 10.00),
(509, 99, 'CYD YD-730-6D 6W Daylight', 17.00, 300.00, 0.00, 5100.00, 0.00, 406, '0000406000000', '', NULL, 300.00, 0, 17.00),
(510, 99, 'CYD YD-706-6 6W White', 10.00, 300.00, 0.00, 3000.00, 0.00, 399, '0000399665255', '', NULL, 300.00, 0, 10.00),
(512, 101, 'BigLite LED Flood Ligth 30 W', 5.00, 900.00, 1400.00, 4500.00, 0.00, 499, '0000499665353', '', NULL, 900.00, 0, 5.00),
(513, 102, 'Stairs Horizontal MultiStage CHB2-50 1HP, 1PH', 1.00, 9520.00, 0.00, 9520.00, 0.00, 500, '0000500665310', '', NULL, 9520.00, 0, 1.00),
(514, 103, 'Square D (Schneider) Pressure Switch 60 - 40 PSI', 1.00, 1300.00, 0.00, 1300.00, 0.00, 501, '0000501665418', '', NULL, 1300.00, 0, 1.00),
(515, 103, 'PW electrode', 6.00, 350.00, 0.00, 2100.00, 0.00, 502, '0000502665417', '', NULL, 350.00, 0, 6.00),
(516, 104, 'Franklin 1 HP 1 PH', 1.00, 10574.16, 0.00, 10574.16, 0.00, 490, '0000490665307', '', NULL, 10574.16, 0, 1.00),
(517, 104, 'Franklin Control Box 1HP ', 1.00, 2187.65, 0.00, 2187.65, 0.00, 492, '0000492665305', '', NULL, 2187.65, 0, 1.00),
(518, 104, 'EASTMAN', 1.00, 13000.00, 0.00, 13000.00, 0.00, 490, '0000490665307', '', NULL, 13000.00, 0, 1.00),
(519, 104, 'Franklin Control Box 1HP ', 1.00, 2800.00, 0.00, 2800.00, 0.00, 492, '0000492665305', '', NULL, 2800.00, 0, 1.00),
(520, 104, 'Control Panel Submersible Deepwell Duplex Type 1HP 1PH ', 1.00, 16800.00, 0.00, 16800.00, 0.00, 494, '0000494665303', '', NULL, 16800.00, 0, 1.00),
(521, 104, 'ACME Submersible Cable # 10', 20.00, 303.70, 0.00, 6074.00, 0.00, 493, '0000493665304', '', NULL, 303.70, 0, 20.00),
(522, 104, 'Stairs Submersible Pump M-SP 2507', 2.00, 3882.00, 0.00, 7764.00, 0.00, 503, '0000503665300', '', NULL, 3882.00, 0, 2.00),
(523, 105, '3M Rubber Tape # 2323', 2.00, 390.00, 0.00, 780.00, 0.00, 504, '0000504665422', '', NULL, 390.00, 0, 2.00),
(524, 105, '3M Plastic Tape # 33', 2.00, 260.00, 0.00, 520.00, 0.00, 505, '0000505665421', '', NULL, 260.00, 0, 2.00),
(525, 63, 'Defective Dexter Old Pump', -1.00, 0.00, 0.00, 0.00, 0.00, 378, '0000378000008', '', NULL, 0.00, 0, -1.00),
(526, 54, 'Defective Dexter Old Pump', -1.00, 0.00, 0.00, 0.00, 0.00, 355, '0000355657423', '', NULL, 0.00, 0, -1.00),
(528, 71, 'Defective', -1.00, 0.00, 0.00, 0.00, 0.00, 73, '0000073216551', '', NULL, 0.00, 0, -1.00),
(529, 106, 'APC Automatic Pump Control', 1.00, 1300.00, 0.00, 1300.00, 0.00, 295, '0000295657279', '', NULL, 1300.00, 0, 1.00),
(530, 107, 'Sunny Duct Hose 4" 100 Mtrs', 1.00, 3700.00, 0.00, 3700.00, 0.00, 506, '0000506665390', '', NULL, 3700.00, 0, 1.00),
(531, 107, 'Torus HDPE Pipe SDR11 0.5"x300m Black', 3.00, 4164.15, 0.00, 12492.45, 0.00, 92, '0000092665392', '', NULL, 4164.15, 0, 3.00),
(532, 107, '', 15.00, 35.00, 0.00, 525.00, 0.00, 173, '0000173665396', '', NULL, 35.00, 0, 15.00),
(533, 107, '', 15.00, 44.80, 0.00, 672.00, 0.00, 174, '0000174665395', '', NULL, 44.80, 0, 15.00),
(534, 107, 'Sunny Duct Hose 3x3 100 m', 2.00, 2800.00, 0.00, 5600.00, 0.00, 513, '0000513665390', '', NULL, 2800.00, 0, 2.00),
(535, 107, 'Hose Clamp 3"', 10.00, 12.50, 0.00, 125.00, 0.00, 510, '0000510665393', '', NULL, 12.50, 0, 10.00),
(536, 108, 'Daichi Submersible Pump Sewage S-1021P 1HP 1Phase', 3.00, 8330.00, 0.00, 24990.00, 0.00, 291, '0000291000000', '', NULL, 8330.00, 0, 3.00),
(537, 108, 'M-Aqua 1HP water pump', 7.00, 1900.00, 0.00, 13300.00, 0.00, 259, '0000259665265', '', NULL, 1900.00, 0, 7.00),
(538, 108, 'Supreme Tank 42 gals., SS-304#16', 5.00, 4786.85, 0.00, 23934.25, 0.00, 271, '0000271665267', '', NULL, 4786.85, 0, 5.00),
(539, 108, 'Supreme Tank 82 gals., SS-304#16', 2.00, 7447.84, 0.00, 14895.68, 0.00, 272, '0000272665266', '', NULL, 7447.84, 0, 2.00),
(540, 108, 'Speroni CAM 100', 7.00, 5165.00, 0.00, 36155.00, 0.00, 515, '0000515665268', '', NULL, 5165.00, 0, 7.00),
(541, 109, ' Stairs Horizontal MultiStage CHB2-60 1.5 HP, 1PH', 1.00, 10200.00, 0.00, 10200.00, 0.00, 516, '0000516665335', '', NULL, 10200.00, 0, 1.00),
(542, 110, 'Water Check Water Filter 10" Activated Carbon', 10.00, 200.00, 0.00, 2000.00, 0.00, 517, '0000517665372', '', NULL, 200.00, 0, 10.00),
(543, 110, 'Water Check Water Filter 10" Sediment Filter Washable', 10.00, 100.00, 0.00, 1000.00, 0.00, 518, '0000518665371', '', NULL, 100.00, 0, 10.00),
(544, 111, 'Jupiter Foot Valve 1"', 3.00, 583.00, 0.00, 1749.00, 0.00, 3, '0000003665404', '', NULL, 583.00, 0, 3.00),
(545, 111, '', 2.00, 400.00, 0.00, 800.00, 0.00, 1, '0000001665406', '', NULL, 400.00, 0, 2.00),
(546, 112, 'Vincent Millanes', 5.00, 900.00, 0.00, 4500.00, 0.00, 499, '0000499665445', '', NULL, 900.00, 0, 5.00),
(547, 113, 'BigLite LED Flood Ligth 10 W DL', 1.00, 440.00, 0.00, 440.00, 0.00, 519, '0000519665509', '', NULL, 440.00, 0, 1.00),
(548, 113, 'GE Plugin In 40 Amp  2 Pole', 1.00, 602.00, 0.00, 602.00, 0.00, 522, '0000522665503', '', NULL, 602.00, 0, 1.00),
(549, 115, 'BigLite LED Flood Ligth 10 W DL', 3.00, 440.00, 704.00, 1320.00, 0.00, 519, '0000519000003', '', NULL, 440.00, 0, 3.00),
(550, 115, 'BigLite LED Flood Ligth 20 W DL', 3.00, 800.00, 1280.00, 2400.00, 0.00, 520, '0000520000009', '', NULL, 800.00, 0, 3.00),
(551, 115, 'BigLite LED Flood Ligth 30 W', 3.00, 900.00, 0.00, 2700.00, 0.00, 499, '0000499665490', '', NULL, 900.00, 0, 3.00),
(552, 115, 'BigLite LED Flood Ligth 50 W DL', 3.00, 1440.00, 0.00, 4320.00, 0.00, 521, '0000521000008', '', NULL, 1440.00, 0, 3.00),
(553, 72, 'Omni 1 Gang Plate WWP-111', -10.00, 0.00, 0.00, 0.00, 0.00, 422, '0000422665511', '', NULL, 0.00, 0, -10.00),
(554, 72, 'Omni WWG-203 Universal Outlet w/ Ground', -10.00, 0.00, 0.00, 0.00, 0.00, 421, '0000421665512', '', NULL, 0.00, 0, -10.00),
(555, 7, 'Factory Defect', -5.00, 0.00, 0.00, 0.00, 0.00, 18, '0000018218534', '', NULL, 0.00, 0, -5.00),
(556, 116, 'Goulds GT20 2HP 1PH', 2.00, 18725.00, 0.00, 37450.00, 0.00, 525, '0000525665456', '', NULL, 18725.00, 0, 2.00),
(557, 116, 'Dynaflo SDF50010V Vertical 132 GAL, 500 LTRS', 1.00, 30089.00, 0.00, 30089.00, 0.00, 526, '0000526665455', '', NULL, 30089.00, 0, 1.00),
(558, 117, 'Fuji Magnetic Switch w/ Eclosure 12-18 AMPS', 2.00, 2205.00, 0.00, 4410.00, 0.00, 527, '0000527665539', '', NULL, 2205.00, 0, 2.00),
(559, 117, '', 2.00, 197.00, 0.00, 394.00, 0.00, 22, '0000022665539', '', NULL, 197.00, 0, 2.00),
(560, 118, 'Bestank BSTH2000', 1.00, 23404.90, 0.00, 23404.90, 0.00, 512, '0000512665483', '', NULL, 23404.90, 0, 1.00),
(561, 119, 'Daichi Submersible Pump Sewage S-1021P 1HP 1Phase', 2.00, 8330.00, 0.00, 16660.00, 0.00, 291, '0000291667524', '', NULL, 8330.00, 0, 2.00),
(562, 120, 'Bestank BSTR  1500', 1.00, 15603.30, 0.00, 15603.30, 0.00, 155, '0000155665475', '', NULL, 15603.30, 0, 1.00),
(563, 120, 'Bestank BSTR  2000', 1.00, 21126.60, 0.00, 21126.60, 0.00, 157, '0000157665473', '', NULL, 21126.60, 0, 1.00),
(564, 121, 'Daichi Submersible Pump Sewage S-1021P 1HP 1Phase', 3.00, 8330.00, 0.00, 24990.00, 0.00, 291, '0000291665605', '', NULL, 8330.00, 0, 3.00),
(565, 121, 'Montana Bladder Tank CF/19 Horizontal 5 Gal', 2.00, 1820.00, 0.00, 3640.00, 0.00, 433, '0000433665609', '', NULL, 1820.00, 0, 2.00),
(566, 121, '', 2.00, 6800.00, 0.00, 13600.00, 0.00, 27, '0000027665602', '', NULL, 6800.00, 0, 2.00),
(567, 121, 'Kawasaki Power Sprayer 25mm KC-25A', 5.00, 1850.00, 0.00, 9250.00, 0.00, 20, '0000020665609', '', NULL, 1850.00, 0, 5.00),
(568, 122, 'Supreme Tank 42 gals., SS-304#14', 1.00, 7000.00, 0.00, 7000.00, 0.00, 523, '0000523665526', '', NULL, 7000.00, 0, 1.00),
(569, 123, 'Supreme Tank 21 gals., SS-304#16', 6.00, 3137.47, 0.00, 18824.82, 0.00, 76, '0000076667510', '', NULL, 3137.47, 0, 6.00),
(570, 125, 'Aircompressor Ball Valve', 4.00, 85.00, 0.00, 340.00, 0.00, 535, '0000535665590', '', NULL, 85.00, 0, 4.00),
(571, 126, 'ERA PPR End Cap 25mm 0.75" green', 5.00, 5.32, 0.00, 26.60, 0.00, 529, '0000529665582', '', NULL, 5.32, 0, 5.00),
(572, 126, 'ERA PPR Elbow 25mm 0.75" green', 20.00, 9.98, 0.00, 199.60, 0.00, 533, '0000533000003', '', NULL, 9.98, 0, 20.00),
(573, 126, 'ERA PPR Tee Plain 20mm 0.5" green', 5.00, 7.32, 0.00, 36.60, 0.00, 469, '0000469665581', '', NULL, 7.32, 0, 5.00),
(574, 126, 'ERA PPR Male Plug 20mm 0.5" green', 24.00, 3.33, 0.00, 79.92, 0.00, 531, '0000531665587', '', NULL, 3.33, 0, 24.00),
(575, 126, 'ERA PPR Shower Valve 20mm 0.5" green', 1.00, 324.52, 0.00, 324.52, 0.00, 530, '0000530665588', '', NULL, 324.52, 0, 1.00),
(576, 126, 'ERA PPR Stop Valve 20mm 0.5" green', 24.00, 147.63, 0.00, 3543.12, 0.00, 466, '0000466665584', '', NULL, 147.63, 0, 24.00),
(577, 126, 'ERA PPR Tee Reducer 25mmx0.5" green', 24.00, 10.64, 0.00, 255.36, 0.00, 532, '0000532000004', '', NULL, 10.64, 0, 24.00),
(578, 126, 'ERA PPR Coupling Reducer 25mm 0.5" green', 1.00, 5.32, 0.00, 5.32, 0.00, 534, '0000534665584', '', NULL, 5.32, 0, 1.00),
(579, 124, 'Pure Prime Water Filter 20SL- Carbon FIlter', 12.00, 350.00, 0.00, 4200.00, 0.00, 536, '0000536000000', '', NULL, 350.00, 0, 12.00),
(580, 124, 'Water Check Water Filter 20SL- Plain FIlter 5 Micron', 12.00, 100.00, 0.00, 1200.00, 0.00, 537, '0000537665550', '', NULL, 100.00, 0, 12.00),
(581, 127, 'Sunny Duct Hose 3x3 100 m', 2.00, 2800.00, 0.00, 5600.00, 0.00, 513, '0000513665567', '', NULL, 2800.00, 0, 2.00),
(582, 15, 'Missing Item', -1.00, 0.00, 0.00, 0.00, 0.00, 115, '0000115218659', '', NULL, 0.00, 0, -1.00),
(583, 12, 'Missing Item', -1.00, 0.00, 0.00, 0.00, 0.00, 183, '0000183218629', '', NULL, 0.00, 0, -1.00),
(584, 12, 'Excess Item', 1.00, 0.00, 0.00, 0.00, 0.00, 175, '0000175218620', '', NULL, 0.00, 0, 1.00),
(585, 14, 'Excess Item', 1.00, 0.00, 0.00, 0.00, 0.00, 192, '0000192218641', '', NULL, 0.00, 0, 1.00),
(586, 14, 'Excess Item', 1.00, 0.00, 0.00, 0.00, 0.00, 218, '0000218218648', '', NULL, 0.00, 0, 1.00),
(587, 45, 'Missing Item', -1.00, 0.00, 0.00, 0.00, 0.00, 209, '0000209215151', '', NULL, 0.00, 0, -1.00),
(588, 45, 'Missing Item', -1.00, 0.00, 0.00, 0.00, 0.00, 211, '0000211215156', '', NULL, 0.00, 0, -1.00),
(589, 45, 'Missing Item', -1.00, 0.00, 0.00, 0.00, 0.00, 330, '0000330215150', '', NULL, 0.00, 0, -1.00),
(590, 113, 'PERSONAL USE IN TAVLOBAN', -1.00, 0.00, 0.00, 0.00, 0.00, 519, '0000519665509', '', NULL, 0.00, 0, -1.00);

-- --------------------------------------------------------

--
-- Table structure for table `purchase_template`
--

CREATE TABLE IF NOT EXISTS `purchase_template` (
  `id` int(11) NOT NULL AUTO_INCREMENT,
  `name` varchar(50) NOT NULL,
  PRIMARY KEY (`id`),
  UNIQUE KEY `name` (`name`)
) ENGINE=InnoDB  DEFAULT CHARSET=latin1 AUTO_INCREMENT=6 ;

--
-- Dumping data for table `purchase_template`
--

INSERT INTO `purchase_template` (`id`, `name`) VALUES
(5, 'Conversion'),
(3, 'Delivery Receipt'),
(2, 'Interoffice'),
(1, 'PO');

-- --------------------------------------------------------

--
-- Table structure for table `quote`
--

CREATE TABLE IF NOT EXISTS `quote` (
  `id` int(11) NOT NULL AUTO_INCREMENT,
  `date` date NOT NULL,
  `vendor_id` int(11) NOT NULL,
  `product_id` int(11) NOT NULL,
  `price` decimal(10,2) NOT NULL,
  `discrate` varchar(30) NOT NULL DEFAULT '',
  `discamt` decimal(10,2) NOT NULL,
  `ref_class` varchar(20) NOT NULL,
  `ref_id` int(11) NOT NULL,
  `total` decimal(10,2) NOT NULL,
  `mine` tinyint(4) NOT NULL DEFAULT '0',
  `is_cancelled` tinyint(4) NOT NULL DEFAULT '0',
  PRIMARY KEY (`id`),
  KEY `vendor_id` (`vendor_id`),
  KEY `product_id` (`product_id`)
) ENGINE=InnoDB  DEFAULT CHARSET=latin1 AUTO_INCREMENT=1322 ;

--
-- Dumping data for table `quote`
--

INSERT INTO `quote` (`id`, `date`, `vendor_id`, `product_id`, `price`, `discrate`, `discamt`, `ref_class`, `ref_id`, `total`, `mine`, `is_cancelled`) VALUES
(1, '2015-07-11', 2, 3, 583.00, '', 0.00, 'Purchasedetail', 1, 583.00, 0, 0),
(2, '2015-07-11', 2, 4, 1284.00, '', 0.00, 'Purchasedetail', 2, 1284.00, 0, 0),
(3, '2015-07-11', 2, 5, 101.40, '', 0.00, 'Purchasedetail', 3, 101.40, 0, 0),
(4, '2015-07-14', 1, 69, 36000.00, '', 0.00, 'Purchasedetail', 4, 36000.00, 0, 0),
(5, '2015-06-22', 2, 70, 1000.00, '', 0.00, 'Purchasedetail', 5, 1000.00, 0, 0),
(6, '2015-06-22', 2, 71, 2200.00, '', 0.00, 'Purchasedetail', 6, 2200.00, 0, 0),
(7, '2015-07-15', 2, 134, 413.84, '', 0.00, 'Purchasedetail', 7, 413.84, 0, 0),
(8, '2015-07-15', 2, 73, 2316.45, '', 0.00, 'Purchasedetail', 8, 2316.45, 0, 0),
(9, '2015-07-15', 2, 76, 3137.47, '', 0.00, 'Purchasedetail', 9, 3137.47, 0, 0),
(10, '2015-07-15', 2, 73, 2316.45, '', 0.00, 'Purchasedetail', 10, 2316.45, 0, 0),
(11, '2015-07-15', 2, 71, 2200.00, '', 0.00, 'Purchasedetail', 11, 2200.00, 0, 0),
(12, '2015-07-15', 2, 40, 100.00, '', 0.00, 'Purchasedetail', 12, 100.00, 0, 0),
(13, '2015-07-15', 2, 77, 62.00, '', 0.00, 'Purchasedetail', 13, 62.00, 0, 0),
(14, '2015-07-11', 2, 67, 404.00, '', 0.00, 'Purchasedetail', 14, 404.00, 0, 0),
(15, '2015-07-11', 2, 44, 380.00, '', 0.00, 'Purchasedetail', 15, 380.00, 0, 0),
(16, '2015-07-11', 2, 45, 550.00, '', 0.00, 'Purchasedetail', 16, 550.00, 0, 0),
(17, '2015-07-11', 2, 46, 900.00, '', 0.00, 'Purchasedetail', 17, 900.00, 0, 0),
(18, '2015-07-11', 2, 1, 400.00, '', 0.00, 'Purchasedetail', 18, 400.00, 0, 0),
(19, '2015-07-11', 2, 2, 512.00, '', 0.00, 'Purchasedetail', 19, 512.00, 0, 0),
(20, '2015-07-15', 2, 24, 2800.00, '', 0.00, 'Purchasedetail', 20, 2800.00, 0, 0),
(21, '2015-07-15', 2, 80, 2650.00, '', 0.00, 'Purchasedetail', 21, 2650.00, 0, 0),
(22, '2015-07-15', 2, 81, 5700.00, '', 0.00, 'Purchasedetail', 22, 5700.00, 0, 0),
(23, '2015-07-15', 2, 27, 6500.00, '', 0.00, 'Purchasedetail', 23, 6500.00, 0, 0),
(24, '2015-07-15', 2, 28, 4000.00, '', 0.00, 'Purchasedetail', 24, 4000.00, 0, 0),
(25, '2015-07-15', 2, 29, 5000.00, '', 0.00, 'Purchasedetail', 25, 5000.00, 0, 0),
(26, '2015-07-15', 2, 15, 5300.00, '', 0.00, 'Purchasedetail', 26, 5300.00, 0, 0),
(27, '2015-07-15', 2, 16, 1730.00, '', 0.00, 'Purchasedetail', 27, 1730.00, 0, 0),
(28, '2015-07-15', 2, 16, 1730.00, '', 0.00, 'Purchasedetail', 28, 1730.00, 0, 0),
(29, '2015-07-15', 2, 17, 2500.00, '', 0.00, 'Purchasedetail', 29, 2500.00, 0, 0),
(30, '2015-07-15', 2, 18, 1700.00, '', 0.00, 'Purchasedetail', 30, 1700.00, 0, 0),
(31, '2015-07-15', 2, 19, 2550.00, '', 0.00, 'Purchasedetail', 31, 2550.00, 0, 0),
(32, '2015-07-15', 2, 20, 1800.00, '', 0.00, 'Purchasedetail', 32, 1800.00, 0, 0),
(33, '2015-07-15', 2, 21, 1480.00, '', 0.00, 'Purchasedetail', 33, 1480.00, 0, 0),
(34, '2015-07-15', 2, 22, 100.00, '', 0.00, 'Purchasedetail', 34, 100.00, 0, 0),
(35, '2015-07-15', 2, 7, 3400.00, '', 0.00, 'Purchasedetail', 35, 3400.00, 0, 0),
(36, '2015-07-15', 2, 8, 7400.00, '', 0.00, 'Purchasedetail', 36, 7400.00, 0, 0),
(37, '2015-07-15', 2, 13, 3250.00, '', 0.00, 'Purchasedetail', 37, 3250.00, 0, 0),
(38, '2015-07-15', 2, 14, 4700.00, '', 0.00, 'Purchasedetail', 38, 4700.00, 0, 0),
(39, '2015-07-15', 2, 9, 1920.00, '', 0.00, 'Purchasedetail', 39, 1920.00, 0, 0),
(40, '2015-07-15', 2, 10, 2000.00, '', 0.00, 'Purchasedetail', 40, 2000.00, 0, 0),
(41, '2015-07-15', 2, 11, 3000.00, '', 0.00, 'Purchasedetail', 41, 3000.00, 0, 0),
(42, '2015-07-15', 2, 12, 3950.00, '', 0.00, 'Purchasedetail', 42, 3950.00, 0, 0),
(43, '2015-07-15', 2, 23, 1800.00, '', 0.00, 'Purchasedetail', 43, 1800.00, 0, 0),
(44, '2015-07-15', 2, 30, 1450.00, '', 0.00, 'Purchasedetail', 44, 1450.00, 0, 0),
(45, '2015-07-15', 2, 58, 143.00, '', 0.00, 'Purchasedetail', 45, 143.00, 0, 0),
(46, '2015-07-15', 2, 59, 221.65, '', 0.00, 'Purchasedetail', 46, 221.65, 0, 0),
(47, '2015-07-15', 2, 60, 321.75, '', 0.00, 'Purchasedetail', 47, 321.75, 0, 0),
(48, '2015-07-15', 2, 61, 607.75, '', 0.00, 'Purchasedetail', 48, 607.75, 0, 0),
(49, '2015-07-15', 2, 62, 151.45, '', 0.00, 'Purchasedetail', 49, 151.45, 0, 0),
(50, '2015-07-15', 2, 63, 214.50, '', 0.00, 'Purchasedetail', 50, 214.50, 0, 0),
(51, '2015-07-15', 2, 64, 276.90, '', 0.00, 'Purchasedetail', 51, 276.90, 0, 0),
(52, '2015-07-15', 2, 65, 557.70, '', 0.00, 'Purchasedetail', 52, 557.70, 0, 0),
(53, '2015-07-15', 2, 66, 151.45, '', 0.00, 'Purchasedetail', 53, 151.45, 0, 0),
(54, '2015-07-15', 2, 82, 107.90, '', 0.00, 'Purchasedetail', 54, 107.90, 0, 0),
(55, '2015-07-15', 2, 56, 3.20, '', 0.00, 'Purchasedetail', 55, 3.20, 0, 0),
(56, '2015-07-15', 2, 57, 5.50, '', 0.00, 'Purchasedetail', 56, 5.50, 0, 0),
(57, '2015-07-15', 2, 173, 35.00, '', 0.00, 'Purchasedetail', 57, 35.00, 0, 0),
(58, '2015-07-15', 2, 174, 44.80, '', 0.00, 'Purchasedetail', 58, 44.80, 0, 0),
(59, '2015-07-15', 1, 40, 170.00, '', 0.00, 'Invoicedetail', 1, 170.00, 1, 0),
(60, '2015-07-15', 1, 135, 30.00, '', 0.00, 'Invoicedetail', 2, 30.00, 1, 0),
(61, '2015-07-15', 1, 136, 7.75, '', 0.00, 'Invoicedetail', 3, 7.75, 1, 0),
(62, '2015-07-15', 1, 137, 20.00, '', 0.00, 'Invoicedetail', 4, 20.00, 1, 0),
(63, '2015-07-15', 1, 138, 7.50, '', 0.00, 'Invoicedetail', 5, 7.50, 1, 0),
(64, '2015-07-15', 2, 175, 53.20, '', 0.00, 'Purchasedetail', 59, 53.20, 0, 0),
(65, '2015-07-15', 2, 176, 129.50, '', 0.00, 'Purchasedetail', 60, 129.50, 0, 0),
(66, '2015-07-15', 2, 182, 48.30, '', 0.00, 'Purchasedetail', 61, 48.30, 0, 0),
(67, '2015-07-15', 2, 183, 65.10, '', 0.00, 'Purchasedetail', 62, 65.10, 0, 0),
(68, '2015-07-15', 2, 184, 88.20, '', 0.00, 'Purchasedetail', 63, 88.20, 0, 0),
(69, '2015-07-15', 2, 185, 252.00, '', 0.00, 'Purchasedetail', 64, 252.00, 0, 0),
(70, '2015-07-15', 2, 91, 3570.00, '', 0.00, 'Purchasedetail', 65, 3570.00, 0, 0),
(71, '2015-07-15', 2, 92, 4164.15, '', 0.00, 'Purchasedetail', 66, 4164.15, 0, 0),
(72, '2015-07-15', 2, 93, 3300.98, '', 0.00, 'Purchasedetail', 67, 3300.98, 0, 0),
(73, '2015-07-15', 2, 94, 3570.00, '', 0.00, 'Purchasedetail', 68, 3570.00, 0, 0),
(74, '2015-07-15', 2, 96, 4164.15, '', 0.00, 'Purchasedetail', 69, 4164.15, 0, 0),
(75, '2015-07-15', 2, 95, 3300.98, '', 0.00, 'Purchasedetail', 70, 3300.98, 0, 0),
(76, '2015-07-15', 2, 97, 16.10, '', 0.00, 'Purchasedetail', 71, 16.10, 0, 0),
(77, '2015-07-15', 2, 98, 19.60, '', 0.00, 'Purchasedetail', 72, 19.60, 0, 0),
(78, '2015-07-15', 2, 99, 28.00, '', 0.00, 'Purchasedetail', 73, 28.00, 0, 0),
(79, '2015-07-15', 2, 100, 86.80, '', 0.00, 'Purchasedetail', 74, 86.80, 0, 0),
(80, '2015-07-15', 2, 191, 34.30, '', 0.00, 'Purchasedetail', 75, 34.30, 0, 0),
(81, '2015-07-15', 2, 192, 50.40, '', 0.00, 'Purchasedetail', 76, 50.40, 0, 0),
(82, '2015-07-15', 2, 193, 70.00, '', 0.00, 'Purchasedetail', 77, 70.00, 0, 0),
(83, '2015-07-15', 2, 194, 163.10, '', 0.00, 'Purchasedetail', 78, 163.10, 0, 0),
(84, '2015-07-15', 2, 218, 19.60, '', 0.00, 'Purchasedetail', 79, 19.60, 0, 0),
(85, '2015-07-15', 2, 219, 28.70, '', 0.00, 'Purchasedetail', 80, 28.70, 0, 0),
(86, '2015-07-15', 2, 220, 43.40, '', 0.00, 'Purchasedetail', 81, 43.40, 0, 0),
(87, '2015-07-15', 2, 221, 67.90, '', 0.00, 'Purchasedetail', 82, 67.90, 0, 0),
(88, '2015-07-15', 2, 200, 39.90, '', 0.00, 'Purchasedetail', 83, 39.90, 0, 0),
(89, '2015-07-15', 2, 201, 42.70, '', 0.00, 'Purchasedetail', 84, 42.70, 0, 0),
(90, '2015-07-15', 2, 202, 69.30, '', 0.00, 'Purchasedetail', 85, 69.30, 0, 0),
(91, '2015-07-15', 2, 203, 140.00, '', 0.00, 'Purchasedetail', 86, 140.00, 0, 0),
(92, '2015-07-15', 2, 113, 40.60, '', 0.00, 'Purchasedetail', 87, 40.60, 0, 0),
(93, '2015-07-15', 2, 114, 60.90, '', 0.00, 'Purchasedetail', 88, 60.90, 0, 0),
(94, '2015-07-15', 2, 115, 60.90, '', 0.00, 'Purchasedetail', 89, 60.90, 0, 0),
(95, '2015-07-15', 2, 116, 200.90, '', 0.00, 'Purchasedetail', 90, 200.90, 0, 0),
(96, '2015-07-15', 2, 117, 62.30, '', 0.00, 'Purchasedetail', 91, 62.30, 0, 0),
(97, '2015-07-15', 2, 118, 80.50, '', 0.00, 'Purchasedetail', 92, 80.50, 0, 0),
(98, '2015-07-15', 2, 119, 81.20, '', 0.00, 'Purchasedetail', 93, 81.20, 0, 0),
(99, '2015-07-15', 2, 120, 239.40, '', 0.00, 'Purchasedetail', 94, 239.40, 0, 0),
(100, '2015-07-15', 2, 32, 12320.00, '', 0.00, 'Purchasedetail', 95, 12320.00, 0, 0),
(101, '2015-07-15', 2, 33, 14440.00, '', 0.00, 'Purchasedetail', 96, 14440.00, 0, 0),
(102, '2015-07-15', 2, 34, 18050.00, '', 0.00, 'Purchasedetail', 97, 18050.00, 0, 0),
(103, '2015-07-15', 2, 35, 26720.00, '', 0.00, 'Purchasedetail', 98, 26720.00, 0, 0),
(104, '2015-07-15', 2, 77, 65.00, '', 0.00, 'Purchasedetail', 99, 65.00, 0, 0),
(105, '2015-07-15', 2, 40, 130.00, '', 0.00, 'Purchasedetail', 100, 130.00, 0, 0),
(106, '2015-07-15', 2, 41, 0.00, '', 0.00, 'Purchasedetail', 101, 0.00, 0, 0),
(107, '2015-07-15', 2, 42, 0.00, '', 0.00, 'Purchasedetail', 102, 0.00, 0, 0),
(108, '2015-07-15', 2, 43, 0.00, '', 0.00, 'Purchasedetail', 103, 0.00, 0, 0),
(109, '2015-07-15', 2, 139, 11.05, '', 0.00, 'Purchasedetail', 104, 11.05, 0, 0),
(110, '2015-07-15', 2, 139, 11.05, '', 0.00, 'Purchasedetail', 105, 11.05, 0, 0),
(111, '2015-07-15', 2, 140, 14.62, '', 0.00, 'Purchasedetail', 106, 14.62, 0, 0),
(112, '2015-07-15', 2, 141, 9.80, '', 0.00, 'Purchasedetail', 107, 9.80, 0, 0),
(113, '2015-07-15', 2, 142, 6.63, '', 0.00, 'Purchasedetail', 108, 6.63, 0, 0),
(114, '2015-07-15', 2, 138, 5.35, '', 0.00, 'Purchasedetail', 109, 5.35, 0, 0),
(115, '2015-07-15', 2, 143, 12.40, '', 0.00, 'Purchasedetail', 110, 12.40, 0, 0),
(116, '2015-07-15', 2, 144, 11.48, '', 0.00, 'Purchasedetail', 111, 11.48, 0, 0),
(117, '2015-07-15', 2, 136, 5.50, '', 0.00, 'Purchasedetail', 112, 5.50, 0, 0),
(118, '2015-07-15', 2, 145, 14.88, '', 0.00, 'Purchasedetail', 113, 14.88, 0, 0),
(119, '2015-07-15', 2, 137, 16.20, '', 0.00, 'Purchasedetail', 114, 16.20, 0, 0),
(120, '2015-07-15', 2, 77, 65.00, '', 0.00, 'Purchasedetail', 115, 65.00, 0, 0),
(121, '2015-07-15', 2, 40, 130.00, '', 0.00, 'Purchasedetail', 116, 130.00, 0, 0),
(122, '2015-07-15', 2, 40, 130.00, '', 0.00, 'Purchasedetail', 117, 130.00, 0, 0),
(123, '2015-07-15', 2, 56, 3.20, '', 0.00, 'Purchasedetail', 118, 3.20, 0, 0),
(124, '2015-07-15', 2, 135, 20.00, '', 0.00, 'Purchasedetail', 119, 20.00, 0, 0),
(125, '2015-07-20', 2, 259, 2000.00, '', 0.00, 'Purchasedetail', 121, 2000.00, 0, 0),
(126, '2015-07-20', 2, 260, 2545.00, '', 0.00, 'Purchasedetail', 122, 2545.00, 0, 0),
(127, '2015-07-20', 2, 261, 4000.00, '', 0.00, 'Purchasedetail', 123, 4000.00, 0, 0),
(128, '2015-07-20', 2, 262, 8500.00, '', 0.00, 'Purchasedetail', 124, 8500.00, 0, 0),
(129, '2015-07-20', 2, 263, 8500.00, '', 0.00, 'Purchasedetail', 125, 8500.00, 0, 0),
(130, '2015-07-20', 2, 264, 12000.00, '', 0.00, 'Purchasedetail', 126, 12000.00, 0, 0),
(131, '2015-07-20', 2, 251, 12510.00, '', 0.00, 'Purchasedetail', 127, 12510.00, 0, 0),
(132, '2015-07-20', 2, 252, 14060.00, '', 0.00, 'Purchasedetail', 128, 14060.00, 0, 0),
(133, '2015-07-20', 2, 250, 6422.00, '', 0.00, 'Purchasedetail', 129, 6422.00, 0, 0),
(134, '2015-07-20', 2, 255, 7965.00, '', 0.00, 'Purchasedetail', 130, 7965.00, 0, 0),
(135, '2015-07-16', 1, 52, 7000.00, '', 0.00, 'Invoicedetail', 6, 7000.00, 1, 0),
(136, '2015-07-16', 1, 71, 2600.00, '', 0.00, 'Invoicedetail', 7, 2600.00, 1, 0),
(137, '2015-07-21', 1, 15, 7000.00, '', 0.00, 'Invoicedetail', 8, 7000.00, 1, 0),
(138, '2015-07-17', 1, 10, 2600.00, '', 0.00, 'Invoicedetail', 9, 2600.00, 1, 0),
(139, '2015-07-18', 1, 76, 4300.00, '', 0.00, 'Invoicedetail', 10, 4300.00, 1, 0),
(140, '2015-07-20', 1, 40, 170.00, '', 0.00, 'Invoicedetail', 11, 170.00, 1, 0),
(141, '2015-07-20', 1, 77, 90.00, '', 0.00, 'Invoicedetail', 12, 90.00, 1, 0),
(142, '2015-07-20', 1, 40, 150.00, '', 0.00, 'Invoicedetail', 13, 150.00, 1, 0),
(143, '2015-07-20', 1, 77, 90.00, '', 0.00, 'Invoicedetail', 14, 90.00, 1, 0),
(144, '2015-07-20', 1, 137, 20.00, '', 0.00, 'Invoicedetail', 15, 20.00, 1, 0),
(145, '2015-07-24', 1, 77, 145.00, '', 0.00, 'Invoicedetail', 16, 145.00, 1, 0),
(146, '2015-07-24', 1, 5, 220.00, '', 0.00, 'Invoicedetail', 17, 220.00, 1, 0),
(148, '2015-07-24', 1, 52, 7000.00, '', 0.00, 'Invoicedetail', 19, 7000.00, 1, 1),
(150, '2015-07-23', 1, 267, 1250.00, '', 0.00, 'Invoicedetail', 21, 1250.00, 1, 0),
(151, '2015-07-23', 1, 268, 1250.00, '', 0.00, 'Invoicedetail', 22, 1250.00, 1, 0),
(152, '2015-07-27', 1, 134, 218.00, '', 0.00, 'Purchasedetail', 131, 218.00, 0, 0),
(153, '2015-07-27', 1, 77, 65.00, '', 0.00, 'Purchasedetail', 132, 65.00, 0, 0),
(154, '2015-07-27', 1, 40, 130.00, '', 0.00, 'Purchasedetail', 133, 130.00, 0, 0),
(155, '2015-07-27', 1, 73, 2701.00, '', 0.00, 'Purchasedetail', 134, 2701.00, 0, 0),
(156, '2015-07-27', 1, 71, 2200.00, '', 0.00, 'Purchasedetail', 135, 2200.00, 0, 0),
(157, '2015-07-27', 2, 77, 65.00, '', 0.00, 'Purchasedetail', 136, 65.00, 0, 0),
(158, '2015-07-27', 2, 40, 130.00, '', 0.00, 'Purchasedetail', 137, 130.00, 0, 0),
(159, '2015-07-27', 2, 121, 1850.00, '', 0.00, 'Purchasedetail', 138, 1850.00, 0, 0),
(160, '2015-07-27', 2, 71, 2200.00, '', 0.00, 'Purchasedetail', 139, 2200.00, 0, 0),
(161, '2015-07-27', 2, 134, 238.76, '', 0.00, 'Purchasedetail', 140, 238.76, 0, 0),
(162, '2015-07-25', 1, 71, 2600.00, '', 0.00, 'Invoicedetail', 23, 2600.00, 1, 0),
(163, '2015-07-25', 1, 121, 2700.00, '', 0.00, 'Invoicedetail', 24, 2700.00, 1, 0),
(164, '2015-07-25', 1, 40, 350.00, '', 0.00, 'Invoicedetail', 25, 350.00, 1, 0),
(165, '2015-07-25', 1, 77, 150.00, '', 0.00, 'Invoicedetail', 26, 150.00, 1, 0),
(166, '2015-07-25', 1, 134, 100.00, '', 0.00, 'Invoicedetail', 27, 100.00, 1, 0),
(167, '2015-07-24', 1, 76, 4000.00, '', 0.00, 'Invoicedetail', 28, 4000.00, 1, 1),
(168, '2015-07-24', 1, 40, 300.00, '', 0.00, 'Invoicedetail', 29, 300.00, 1, 1),
(169, '2015-07-24', 1, 77, 100.00, '', 0.00, 'Invoicedetail', 30, 100.00, 1, 1),
(170, '2015-07-24', 1, 134, 100.00, '', 0.00, 'Invoicedetail', 31, 100.00, 1, 1),
(171, '2015-07-16', 1, 76, 4000.00, '', 0.00, 'Invoicedetail', 32, 4000.00, 1, 0),
(172, '2015-07-16', 1, 40, 300.00, '', 0.00, 'Invoicedetail', 33, 300.00, 1, 0),
(173, '2015-07-16', 1, 77, 100.00, '', 0.00, 'Invoicedetail', 34, 100.00, 1, 0),
(174, '2015-07-16', 1, 134, 100.00, '', 0.00, 'Invoicedetail', 35, 100.00, 1, 0),
(175, '2015-07-31', 1, 10, 2600.00, '', 0.00, 'Invoicedetail', 36, 2600.00, 1, 0),
(176, '2015-07-31', 1, 76, 4300.00, '', 0.00, 'Invoicedetail', 37, 4300.00, 1, 0),
(177, '2015-07-29', 1, 70, 1450.00, '', 0.00, 'Invoicedetail', 38, 1450.00, 1, 0),
(178, '2015-08-01', 1, 19, 3600.00, '', 0.00, 'Invoicedetail', 39, 3600.00, 1, 0),
(179, '2015-08-04', 1, 52, 7000.00, '', 0.00, 'Invoicedetail', 40, 7000.00, 1, 0),
(180, '2015-08-04', 1, 137, 40.00, '', 0.00, 'Invoicedetail', 41, 40.00, 1, 0),
(181, '2015-08-04', 1, 270, 40.00, '', 0.00, 'Invoicedetail', 42, 40.00, 1, 0),
(182, '2015-08-04', 1, 145, 40.00, '', 0.00, 'Invoicedetail', 43, 40.00, 1, 0),
(183, '2015-08-04', 1, 71, 2500.00, '', 0.00, 'Invoicedetail', 44, 2500.00, 1, 0),
(184, '2015-08-04', 1, 73, 4000.00, '', 0.00, 'Invoicedetail', 45, 4000.00, 1, 0),
(185, '2015-08-04', 1, 40, 350.00, '', 0.00, 'Invoicedetail', 46, 350.00, 1, 0),
(186, '2015-08-04', 1, 77, 150.00, '', 0.00, 'Invoicedetail', 47, 150.00, 1, 0),
(187, '2015-08-04', 1, 134, 0.00, '', 0.00, 'Invoicedetail', 48, 0.00, 1, 0),
(188, '2015-08-04', 1, 1, 500.00, '', 0.00, 'Invoicedetail', 49, 500.00, 1, 0),
(189, '2015-07-23', 1, 27, 8500.00, '', 0.00, 'Invoicedetail', 50, 8500.00, 1, 0),
(190, '2015-08-05', 1, 13, 5850.00, '', 0.00, 'Invoicedetail', 51, 5850.00, 1, 0),
(191, '2015-08-06', 1, 56, 7.00, '', 0.00, 'Invoicedetail', 52, 7.00, 1, 0),
(192, '2015-08-06', 1, 77, 140.00, '', 0.00, 'Invoicedetail', 53, 140.00, 1, 0),
(193, '2015-08-07', 1, 40, 340.00, '', 0.00, 'Invoicedetail', 54, 340.00, 1, 0),
(194, '2015-08-07', 1, 52, 7100.00, '', 0.00, 'Invoicedetail', 55, 7100.00, 1, 0),
(195, '2015-08-07', 1, 44, 650.00, '', 0.00, 'Invoicedetail', 56, 650.00, 1, 0),
(196, '2015-08-07', 1, 259, 2850.00, '', 0.00, 'Invoicedetail', 57, 2850.00, 1, 0),
(197, '2015-08-06', 1, 10, 2800.00, '', 0.00, 'Invoicedetail', 58, 2800.00, 1, 0),
(198, '2015-08-10', 1, 20, 2880.00, '', 0.00, 'Invoicedetail', 59, 2880.00, 1, 0),
(199, '2015-08-11', 1, 259, 3200.00, '', 0.00, 'Invoicedetail', 60, 3200.00, 1, 0),
(200, '2015-08-13', 1, 6, 6420.00, '', 0.00, 'Invoicedetail', 61, 6420.00, 1, 0),
(201, '2015-08-13', 1, 28, 6000.00, '', 0.00, 'Invoicedetail', 62, 6000.00, 1, 0),
(202, '2015-08-13', 1, 280, 6800.00, '', 0.00, 'Invoicedetail', 63, 6800.00, 1, 0),
(203, '2015-08-13', 1, 282, 35000.00, '', 0.00, 'Invoicedetail', 65, 35000.00, 1, 0),
(204, '2015-08-13', 1, 283, 450.00, '', 0.00, 'Invoicedetail', 66, 450.00, 1, 0),
(205, '2015-08-13', 1, 284, 350.00, '', 0.00, 'Invoicedetail', 67, 350.00, 1, 0),
(206, '2015-06-30', 2, 52, 5128.00, '', 0.00, 'Purchasedetail', 141, 5128.00, 0, 0),
(207, '2015-06-30', 2, 77, 0.00, '', 0.00, 'Purchasedetail', 142, 0.00, 0, 0),
(208, '2015-06-30', 2, 40, 0.00, '', 0.00, 'Purchasedetail', 143, 0.00, 0, 0),
(209, '2015-06-30', 2, 53, 6213.71, '', 0.00, 'Purchasedetail', 144, 6213.71, 0, 0),
(210, '2015-06-30', 2, 54, 7456.45, '', 0.00, 'Purchasedetail', 145, 7456.45, 0, 0),
(211, '2015-08-14', 1, 280, 6800.00, '', 0.00, 'Invoicedetail', 64, 6800.00, 1, 0),
(212, '2015-08-10', 2, 76, 3137.47, '', 0.00, 'Purchasedetail', 146, 3137.47, 0, 0),
(213, '2015-08-10', 2, 281, 550.00, '', 0.00, 'Purchasedetail', 147, 550.00, 0, 0),
(214, '2015-08-10', 2, 282, 22000.00, '', 0.00, 'Purchasedetail', 148, 22000.00, 0, 0),
(215, '2015-08-10', 2, 283, 350.00, '', 0.00, 'Purchasedetail', 149, 350.00, 0, 0),
(216, '2015-08-10', 2, 284, 200.00, '', 0.00, 'Purchasedetail', 150, 200.00, 0, 0),
(217, '2015-08-10', 2, 285, 1600.00, '', 0.00, 'Purchasedetail', 151, 1600.00, 0, 0),
(218, '2015-08-10', 2, 287, 17.20, '', 0.00, 'Purchasedetail', 152, 17.20, 0, 0),
(219, '2015-08-10', 2, 142, 6.24, '', 0.00, 'Purchasedetail', 153, 6.24, 0, 0),
(220, '2015-08-13', 1, 285, 2600.00, '', 0.00, 'Invoicedetail', 68, 2600.00, 1, 0),
(221, '2015-08-13', 1, 287, 27.00, '', 0.00, 'Invoicedetail', 69, 27.00, 1, 0),
(222, '2015-08-13', 1, 142, 11.27, '', 0.00, 'Invoicedetail', 70, 11.27, 1, 0),
(223, '2015-08-13', 1, 282, 30000.00, '', 0.00, 'Invoicedetail', 71, 30000.00, 1, 0),
(224, '2015-08-13', 1, 284, 300.00, '', 50.00, 'Invoicedetail', 72, 250.00, 1, 0),
(225, '2015-08-13', 1, 285, 2000.00, '', 0.00, 'Invoicedetail', 73, 2000.00, 1, 0),
(226, '2015-08-13', 1, 287, 25.00, '', 2.00, 'Invoicedetail', 74, 23.00, 1, 0),
(227, '2015-08-13', 1, 142, 12.00, '', 0.00, 'Invoicedetail', 75, 12.00, 1, 0),
(228, '2015-07-24', 2, 76, 3137.47, '', 0.00, 'Purchasedetail', 154, 3137.47, 0, 0),
(229, '2015-07-24', 2, 271, 4786.85, '', 0.00, 'Purchasedetail', 155, 4786.85, 0, 0),
(230, '2015-08-15', 1, 52, 7500.00, '', 500.00, 'Invoicedetail', 76, 7000.00, 1, 0),
(231, '2015-08-15', 1, 54, 8300.00, '', 0.00, 'Invoicedetail', 77, 8300.00, 1, 0),
(232, '2015-08-15', 1, 41, 1000.00, '', 0.00, 'Invoicedetail', 78, 1000.00, 1, 0),
(233, '2015-08-15', 1, 76, 4500.00, '', 0.00, 'Invoicedetail', 79, 4500.00, 1, 0),
(234, '2015-08-17', 1, 259, 3200.00, '', 0.00, 'Invoicedetail', 80, 3200.00, 1, 0),
(235, '2015-08-17', 1, 10, 3000.00, '', 0.00, 'Invoicedetail', 81, 3000.00, 1, 0),
(236, '2015-08-17', 1, 54, 8500.00, '', 0.00, 'Invoicedetail', 82, 8500.00, 1, 0),
(237, '2015-08-17', 1, 18, 3000.00, '', 0.00, 'Invoicedetail', 83, 3000.00, 1, 0),
(238, '2015-08-07', 2, 288, 1750.00, '', 0.00, 'Purchasedetail', 156, 1750.00, 0, 0),
(239, '2015-08-07', 2, 289, 5000.00, '', 0.00, 'Purchasedetail', 157, 5000.00, 0, 0),
(240, '2015-08-07', 2, 290, 0.00, '', 0.00, 'Purchasedetail', 158, 0.00, 0, 0),
(241, '2015-08-07', 2, 291, 6600.00, '', 0.00, 'Purchasedetail', 159, 6600.00, 0, 0),
(242, '2015-08-17', 1, 9, 2600.00, '', 0.00, 'Invoicedetail', 84, 2600.00, 1, 0),
(243, '2015-08-18', 1, 71, 2600.00, '', 0.00, 'Invoicedetail', 85, 2600.00, 1, 0),
(244, '2015-08-18', 1, 76, 4500.00, '', 0.00, 'Invoicedetail', 86, 4500.00, 1, 0),
(245, '2015-08-18', 1, 77, 150.00, '', 0.00, 'Invoicedetail', 87, 150.00, 1, 0),
(246, '2015-08-18', 1, 40, 390.00, '', 0.00, 'Invoicedetail', 88, 390.00, 1, 0),
(247, '2015-08-18', 1, 40, 390.00, '', 0.00, 'Invoicedetail', 90, 390.00, 1, 0),
(248, '2015-08-18', 1, 173, 50.00, '', 2.50, 'Invoicedetail', 91, 47.50, 1, 0),
(249, '2015-08-18', 1, 175, 80.00, '', 0.00, 'Invoicedetail', 92, 80.00, 1, 0),
(250, '2015-08-18', 1, 292, 18.00, '', 0.00, 'Invoicedetail', 93, 18.00, 1, 0),
(251, '2015-08-18', 1, 57, 10.00, '', 0.00, 'Invoicedetail', 94, 10.00, 1, 0),
(252, '2015-08-19', 1, 271, 6300.00, '', 0.00, 'Invoicedetail', 95, 6300.00, 1, 0),
(253, '2015-08-19', 1, 77, 170.00, '', 0.00, 'Invoicedetail', 96, 170.00, 1, 0),
(254, '2015-08-19', 1, 40, 390.00, '', 0.00, 'Invoicedetail', 97, 390.00, 1, 0),
(255, '2015-08-19', 1, 5, 152.10, '', 0.00, 'Invoicedetail', 98, 152.10, 1, 0),
(256, '2015-08-19', 1, 173, 52.50, '', 0.00, 'Invoicedetail', 99, 52.50, 1, 0),
(257, '2015-08-19', 1, 236, 82.50, '', 0.00, 'Invoicedetail', 100, 82.50, 1, 0),
(258, '2015-08-19', 1, 209, 40.50, '', 0.00, 'Invoicedetail', 101, 40.50, 1, 0),
(259, '2015-08-19', 1, 71, 2800.00, '', 0.00, 'Invoicedetail', 102, 2800.00, 1, 0),
(260, '2015-08-19', 1, 2, 768.00, '', 0.00, 'Invoicedetail', 103, 768.00, 1, 0),
(261, '2015-08-19', 1, 293, 200.00, '', 0.00, 'Invoicedetail', 104, 200.00, 1, 0),
(262, '2015-08-19', 1, 19, 4590.00, '', 0.00, 'Invoicedetail', 105, 4590.00, 1, 0),
(263, '2015-08-20', 1, 56, 10.00, '', 0.00, 'Invoicedetail', 106, 10.00, 1, 0),
(264, '2015-08-20', 1, 3, 874.50, '', 0.00, 'Invoicedetail', 107, 874.50, 1, 0),
(265, '2015-08-20', 1, 52, 7200.00, '', 0.00, 'Invoicedetail', 108, 7200.00, 1, 1),
(266, '2015-08-20', 1, 24, 3500.00, '', 0.00, 'Invoicedetail', 109, 3500.00, 1, 0),
(267, '2015-08-21', 1, 173, 50.00, '', 0.00, 'Invoicedetail', 110, 50.00, 1, 0),
(268, '2015-08-21', 1, 57, 10.00, '', 0.00, 'Invoicedetail', 111, 10.00, 1, 0),
(269, '2015-08-21', 1, 52, 7500.00, '', 0.00, 'Invoicedetail', 112, 7500.00, 1, 0),
(270, '2015-08-21', 1, 295, 2300.00, '', 0.00, 'Invoicedetail', 113, 2300.00, 1, 0),
(271, '2015-08-21', 1, 18, 2900.00, '', 0.00, 'Invoicedetail', 114, 2900.00, 1, 0),
(272, '2015-08-21', 1, 40, 390.00, '', 0.00, 'Invoicedetail', 115, 390.00, 1, 0),
(273, '2015-08-21', 1, 77, 170.00, '', 0.00, 'Invoicedetail', 116, 170.00, 1, 0),
(274, '2015-08-21', 1, 73, 3000.00, '', 0.00, 'Invoicedetail', 117, 3000.00, 1, 0),
(275, '2015-08-21', 1, 296, -119.64, '', 0.00, 'Invoicedetail', 119, -119.64, 1, 0),
(276, '2015-08-21', 1, 73, 3000.00, '', 0.00, 'Invoicedetail', 120, 3000.00, 1, 0),
(277, '2015-08-21', 1, 56, 10.00, '', 0.00, 'Invoicedetail', 121, 10.00, 1, 0),
(278, '2015-08-21', 1, 137, 25.00, '', 0.00, 'Invoicedetail', 122, 25.00, 1, 0),
(279, '2015-08-21', 1, 145, 25.00, '', 0.00, 'Invoicedetail', 123, 25.00, 1, 0),
(280, '2015-08-23', 1, 52, 7200.00, '', 0.00, 'Invoicedetail', 124, 7200.00, 1, 1),
(281, '2015-08-23', 2, 267, 700.00, '', 0.00, 'Purchasedetail', 160, 700.00, 0, 0),
(282, '2015-08-23', 2, 268, 700.00, '', 0.00, 'Purchasedetail', 161, 700.00, 0, 0),
(283, '2015-07-03', 2, 73, 2316.45, '', 0.00, 'Purchasedetail', 162, 2316.45, 0, 0),
(284, '2015-07-03', 2, 76, 3137.47, '', 0.00, 'Purchasedetail', 163, 3137.47, 0, 0),
(285, '2015-07-11', 2, 251, 12510.00, '', 0.00, 'Purchasedetail', 164, 12510.00, 0, 0),
(286, '2015-07-11', 2, 252, 14060.00, '', 0.00, 'Purchasedetail', 165, 14060.00, 0, 0),
(287, '2015-07-11', 2, 250, 6422.00, '', 0.00, 'Purchasedetail', 166, 6422.00, 0, 0),
(288, '2015-07-11', 2, 255, 7965.00, '', 0.00, 'Purchasedetail', 167, 7965.00, 0, 0),
(289, '2015-07-15', 2, 297, 0.00, '', 0.00, 'Purchasedetail', 170, 0.00, 0, 0),
(290, '2015-07-15', 2, 298, 0.00, '', 0.00, 'Purchasedetail', 171, 0.00, 0, 0),
(291, '2015-08-24', 1, 276, 6500.00, '', 0.00, 'Invoicedetail', 125, 6500.00, 1, 0),
(292, '2015-08-24', 1, 82, 161.85, '', 0.00, 'Invoicedetail', 126, 161.85, 1, 0),
(293, '2015-08-24', 1, 5, 152.10, '', 0.00, 'Invoicedetail', 127, 152.10, 1, 0),
(294, '2015-08-24', 1, 58, 214.50, '', 0.00, 'Invoicedetail', 128, 214.50, 1, 0),
(295, '2015-08-24', 1, 209, 40.50, '', 0.00, 'Invoicedetail', 129, 40.50, 1, 0),
(296, '2015-08-24', 1, 191, 51.45, '', 0.00, 'Invoicedetail', 130, 51.45, 1, 0),
(297, '2015-08-24', 1, 300, 54.00, '', 0.00, 'Invoicedetail', 131, 54.00, 1, 0),
(298, '2015-08-24', 1, 299, 18.00, '', 0.00, 'Invoicedetail', 132, 18.00, 1, 0),
(299, '2015-08-24', 1, 138, 9.10, '', 0.00, 'Invoicedetail', 133, 9.10, 1, 0),
(300, '2015-08-24', 1, 142, 11.27, '', 0.00, 'Invoicedetail', 134, 11.27, 1, 0),
(301, '2015-08-24', 1, 138, 10.00, '', 0.00, 'Invoicedetail', 135, 10.00, 1, 0),
(302, '2015-08-24', 1, 142, 12.00, '', 0.00, 'Invoicedetail', 136, 12.00, 1, 0),
(303, '2015-08-24', 1, 255, 10800.00, '', 0.00, 'Invoicedetail', 137, 10800.00, 1, 0),
(304, '2015-08-24', 1, 281, 0.00, '', 0.00, 'Invoicedetail', 138, 0.00, 1, 0),
(307, '2015-08-24', 1, 77, 180.00, '', 0.00, 'Invoicedetail', 141, 180.00, 1, 0),
(308, '2015-08-24', 1, 40, 390.00, '', 0.00, 'Invoicedetail', 142, 390.00, 1, 0),
(309, '2015-08-24', 1, 91, 4641.00, '', 0.00, 'Invoicedetail', 143, 4641.00, 1, 0),
(310, '2015-08-25', 1, 14, 8000.00, '', 0.00, 'Invoicedetail', 144, 8000.00, 1, 1),
(311, '2015-08-25', 1, 77, 170.00, '', 0.00, 'Invoicedetail', 145, 170.00, 1, 0),
(312, '2015-08-25', 1, 40, 390.00, '', 0.00, 'Invoicedetail', 146, 390.00, 1, 0),
(313, '2015-08-25', 1, 137, 0.00, '', 0.00, 'Invoicedetail', 147, 0.00, 1, 0),
(314, '2015-08-25', 1, 145, 0.00, '', 0.00, 'Invoicedetail', 148, 0.00, 1, 0),
(315, '2015-08-25', 1, 52, 7500.00, '', 0.00, 'Invoicedetail', 149, 7500.00, 1, 0),
(316, '2015-08-25', 1, 271, 6300.00, '', 0.00, 'Invoicedetail', 150, 6300.00, 1, 0),
(317, '2015-08-14', 2, 307, 1850.00, '', 0.00, 'Purchasedetail', 172, 1850.00, 0, 0),
(318, '2015-08-14', 2, 306, 120.00, '', 0.00, 'Purchasedetail', 173, 120.00, 0, 0),
(319, '2015-08-11', 2, 259, 2000.00, '', 0.00, 'Purchasedetail', 174, 2000.00, 0, 0),
(320, '2015-08-10', 2, 305, 3400.00, '', 0.00, 'Purchasedetail', 175, 3400.00, 0, 0),
(321, '2015-08-10', 2, 302, 10500.00, '', 0.00, 'Purchasedetail', 176, 10500.00, 0, 0),
(322, '2015-08-10', 2, 303, 12500.00, '', 0.00, 'Purchasedetail', 177, 12500.00, 0, 0),
(323, '2015-08-10', 2, 10, 2000.00, '', 0.00, 'Purchasedetail', 178, 2000.00, 0, 0),
(324, '2015-08-10', 2, 304, 100.00, '', 0.00, 'Purchasedetail', 179, 100.00, 0, 0),
(325, '2015-08-15', 2, 308, 8200.00, '', 0.00, 'Purchasedetail', 180, 8200.00, 0, 0),
(326, '2015-08-15', 2, 306, 120.00, '', 0.00, 'Purchasedetail', 181, 120.00, 0, 0),
(327, '2015-08-19', 2, 272, 7447.84, '', 0.00, 'Purchasedetail', 182, 7447.84, 0, 0),
(328, '2015-08-17', 2, 52, 5165.00, '', 0.00, 'Purchasedetail', 183, 5165.00, 0, 0),
(329, '2015-08-25', 1, 292, 18.00, '', 0.00, 'Invoicedetail', 151, 18.00, 1, 0),
(330, '2015-08-26', 1, 28, 6000.00, '', 0.00, 'Invoicedetail', 152, 6000.00, 1, 0),
(331, '2015-08-26', 1, 193, 105.00, '', 0.00, 'Invoicedetail', 153, 105.00, 1, 0),
(332, '2015-08-26', 1, 211, 79.50, '', 0.00, 'Invoicedetail', 154, 79.50, 1, 0),
(333, '2015-08-26', 1, 312, 63.00, '', 0.00, 'Invoicedetail', 155, 63.00, 1, 0),
(334, '2015-08-26', 1, 3, 874.50, '', 0.00, 'Invoicedetail', 156, 874.50, 1, 0),
(335, '2015-08-26', 1, 150, 7600.00, '', 0.00, 'Invoicedetail', 157, 7600.00, 1, 0),
(336, '2015-08-27', 1, 292, 18.00, '', 0.00, 'Invoicedetail', 158, 18.00, 1, 0),
(337, '2015-08-27', 1, 191, 51.45, '', 0.00, 'Invoicedetail', 159, 51.45, 1, 0),
(338, '2015-08-27', 1, 200, 59.85, '', 0.00, 'Invoicedetail', 160, 59.85, 1, 0),
(339, '2015-08-27', 1, 76, 4000.00, '', 0.00, 'Invoicedetail', 161, 4000.00, 1, 0),
(340, '2015-08-27', 1, 259, 0.00, '', 0.00, 'Invoicedetail', 162, 0.00, 1, 0),
(341, '2015-08-27', 1, 76, 0.00, '', 0.00, 'Invoicedetail', 163, 0.00, 1, 0),
(342, '2015-08-27', 1, 40, 0.00, '', 0.00, 'Invoicedetail', 164, 0.00, 1, 0),
(343, '2015-08-27', 1, 77, 0.00, '', 0.00, 'Invoicedetail', 165, 0.00, 1, 0),
(344, '2015-08-27', 1, 1, 700.00, '', 0.00, 'Invoicedetail', 168, 700.00, 1, 0),
(345, '2015-08-28', 1, 34, 23500.00, '', 0.00, 'Invoicedetail', 169, 23500.00, 1, 0),
(346, '2015-08-28', 1, 292, 2497.50, '', 0.00, 'Invoicedetail', 170, 2497.50, 1, 0),
(347, '2015-08-28', 1, 292, 2497.50, '', 2480.85, 'Invoicedetail', 171, 16.65, 1, 0),
(348, '2015-08-29', 2, 319, 55.00, '', 0.00, 'Purchasedetail', 187, 55.00, 0, 0),
(349, '2015-08-29', 2, 315, 60.00, '', 0.00, 'Purchasedetail', 188, 60.00, 0, 0),
(350, '2015-08-29', 2, 317, 65.00, '', 0.00, 'Purchasedetail', 189, 65.00, 0, 0),
(351, '2015-08-29', 2, 318, 110.00, '', 0.00, 'Purchasedetail', 190, 110.00, 0, 0),
(352, '2015-08-29', 2, 193, 70.00, '', 0.00, 'Purchasedetail', 191, 70.00, 0, 0),
(353, '2015-08-26', 2, 313, 130.00, '', 0.00, 'Purchasedetail', 192, 130.00, 0, 0),
(354, '2015-08-26', 2, 314, 80.00, '', 0.00, 'Purchasedetail', 193, 80.00, 0, 0),
(355, '2015-08-26', 2, 315, 74.00, '', 0.00, 'Purchasedetail', 194, 74.00, 0, 0),
(356, '2015-08-26', 2, 316, 73.50, '', 0.00, 'Purchasedetail', 195, 73.50, 0, 0),
(357, '2015-08-29', 2, 320, 60.00, '', 0.00, 'Purchasedetail', 196, 60.00, 0, 0),
(358, '2015-08-26', 2, 173, 35.00, '', 0.00, 'Purchasedetail', 197, 35.00, 0, 0),
(359, '2015-08-26', 2, 321, 1022.00, '', 0.00, 'Purchasedetail', 198, 1022.00, 0, 0),
(360, '2015-08-31', 2, 321, 1022.00, '', 0.00, 'Purchasedetail', 199, 1022.00, 0, 0),
(361, '2015-08-28', 1, 297, 0.00, '', 0.00, 'Invoicedetail', 172, 0.00, 1, 0),
(362, '2015-08-28', 1, 298, 0.00, '', 0.00, 'Invoicedetail', 173, 0.00, 1, 0),
(363, '2015-08-27', 1, 296, -162.64, '', 0.00, 'Invoicedetail', 184, -162.64, 1, 0),
(364, '2015-08-31', 1, 139, 18.79, '', 0.00, 'Invoicedetail', 189, 18.79, 1, 0),
(365, '2015-08-31', 1, 140, 24.85, '', 0.00, 'Invoicedetail', 190, 24.85, 1, 0),
(366, '2015-08-31', 1, 142, 11.27, '', 0.00, 'Invoicedetail', 191, 11.27, 1, 0),
(367, '2015-08-31', 1, 270, 40.00, '', 0.00, 'Invoicedetail', 192, 40.00, 1, 0),
(368, '2015-08-31', 1, 141, 16.66, '', 0.00, 'Invoicedetail', 193, 16.66, 1, 0),
(369, '2015-08-31', 1, 143, 21.08, '', 0.00, 'Invoicedetail', 194, 21.08, 1, 0),
(370, '2015-08-31', 1, 136, 11.00, '', 0.00, 'Invoicedetail', 195, 11.00, 1, 0),
(371, '2015-08-31', 1, 323, 13.00, '', 0.00, 'Invoicedetail', 196, 13.00, 1, 0),
(372, '2015-08-31', 1, 272, 11000.00, '', 0.00, 'Invoicedetail', 197, 11000.00, 1, 0),
(373, '2015-08-31', 1, 74, 6300.00, '', 0.00, 'Invoicedetail', 198, 6300.00, 1, 0),
(374, '2015-08-31', 1, 321, 1800.00, '', 0.00, 'Invoicedetail', 199, 1800.00, 1, 0),
(375, '2015-08-31', 1, 16, 3000.00, '', 0.00, 'Invoicedetail', 200, 3000.00, 1, 0),
(376, '2015-08-31', 1, 142, 11.27, '', 0.00, 'Invoicedetail', 201, 11.27, 1, 0),
(377, '2015-08-31', 1, 139, 18.79, '', 0.00, 'Invoicedetail', 204, 18.79, 1, 0),
(378, '2015-08-31', 1, 140, 24.85, '', 0.00, 'Invoicedetail', 205, 24.85, 1, 0),
(379, '2015-08-31', 1, 141, 16.66, '', 0.00, 'Invoicedetail', 206, 16.66, 1, 0),
(380, '2015-08-31', 1, 144, 19.52, '', 0.00, 'Invoicedetail', 207, 19.52, 1, 0),
(381, '2015-08-31', 1, 135, 30.00, '', 0.00, 'Invoicedetail', 208, 30.00, 1, 0),
(382, '2015-08-31', 1, 136, 11.00, '', 0.00, 'Invoicedetail', 209, 11.00, 1, 0),
(383, '2015-08-31', 1, 74, 6342.64, '', 0.00, 'Invoicedetail', 212, 6342.64, 1, 0),
(384, '2015-08-31', 1, 296, -119.64, '', 0.00, 'Invoicedetail', 213, -119.64, 1, 0),
(385, '2015-08-31', 1, 296, -809.84, '', 0.00, 'Invoicedetail', 214, -809.84, 1, 0),
(386, '2015-08-31', 1, 304, 350.00, '', 0.00, 'Invoicedetail', 221, 350.00, 1, 0),
(387, '2015-08-31', 1, 304, 350.00, '', 0.00, 'Invoicedetail', 222, 350.00, 1, 0),
(388, '2015-08-25', 2, 73, 2316.45, '', 0.00, 'Purchasedetail', 200, 2316.45, 0, 0),
(389, '2015-08-25', 2, 271, 4786.85, '', 0.00, 'Purchasedetail', 201, 4786.85, 0, 0),
(390, '2015-08-25', 2, 272, 7447.84, '', 0.00, 'Purchasedetail', 202, 7447.84, 0, 0),
(391, '2015-09-01', 1, 252, 17800.00, '', 0.00, 'Invoicedetail', 215, 17800.00, 1, 0),
(392, '2015-09-01', 1, 255, 10800.00, '', 0.00, 'Invoicedetail', 216, 10800.00, 1, 0),
(393, '2015-09-01', 1, 209, 40.50, '', 0.00, 'Invoicedetail', 217, 40.50, 1, 0),
(394, '2015-09-01', 1, 191, 51.45, '', 0.00, 'Invoicedetail', 218, 51.45, 1, 0),
(395, '2015-09-01', 1, 182, 72.45, '', 0.00, 'Invoicedetail', 219, 72.45, 1, 0),
(396, '2015-09-01', 1, 292, 18.00, '', 0.00, 'Invoicedetail', 220, 18.00, 1, 0),
(398, '2015-09-02', 1, 144, 19.52, '', 0.00, 'Invoicedetail', 224, 19.52, 1, 0),
(399, '2015-09-02', 1, 139, 18.79, '', 0.00, 'Invoicedetail', 225, 18.79, 1, 0),
(400, '2015-09-02', 1, 142, 11.27, '', 0.00, 'Invoicedetail', 226, 11.27, 1, 0),
(401, '2015-09-02', 1, 143, 21.08, '', 0.00, 'Invoicedetail', 227, 21.08, 1, 0),
(402, '2015-09-02', 1, 136, 11.00, '', 0.00, 'Invoicedetail', 228, 11.00, 1, 0),
(403, '2015-09-02', 1, 135, 30.00, '', 0.00, 'Invoicedetail', 229, 30.00, 1, 0),
(404, '2015-09-02', 1, 323, 13.00, '', 0.00, 'Invoicedetail', 230, 13.00, 1, 0),
(405, '2015-09-02', 1, 270, 25.00, '', 0.00, 'Invoicedetail', 233, 25.00, 1, 0),
(406, '2015-09-02', 1, 270, 25.00, '', 0.00, 'Invoicedetail', 234, 25.00, 1, 0),
(407, '2015-09-02', 1, 325, 600.00, '', 0.00, 'Invoicedetail', 237, 600.00, 1, 0),
(408, '2015-09-02', 1, 315, 150.00, '', 0.00, 'Invoicedetail', 238, 150.00, 1, 0),
(409, '2015-09-02', 1, 314, 350.00, '', 0.00, 'Invoicedetail', 239, 350.00, 1, 0),
(410, '2015-09-02', 1, 327, 600.00, '', 0.00, 'Invoicedetail', 240, 600.00, 1, 0),
(411, '2015-09-03', 1, 328, 260.00, '', 0.00, 'Invoicedetail', 241, 260.00, 1, 0),
(412, '2015-09-03', 1, 299, 18.00, '', 0.00, 'Invoicedetail', 243, 18.00, 1, 0),
(413, '2015-09-03', 1, 329, 38000.00, '', 0.00, 'Invoicedetail', 244, 38000.00, 1, 0),
(414, '2015-09-03', 1, 329, 38000.00, '', 0.00, 'Invoicedetail', 245, 38000.00, 1, 0),
(415, '2015-09-03', 1, 329, 38000.00, '', 0.00, 'Invoicedetail', 246, 38000.00, 1, 0),
(416, '2015-09-03', 1, 329, 38000.00, '', 0.00, 'Invoicedetail', 247, 38000.00, 1, 0),
(417, '2015-09-03', 1, 329, 38000.00, '', 0.00, 'Invoicedetail', 248, 38000.00, 1, 0),
(418, '2015-09-03', 1, 329, 38000.00, '', 0.00, 'Invoicedetail', 249, 38000.00, 1, 0),
(419, '2015-09-03', 1, 329, 38000.00, '', 0.00, 'Invoicedetail', 250, 38000.00, 1, 0),
(420, '2015-09-03', 1, 329, 38000.00, '', 0.00, 'Invoicedetail', 251, 38000.00, 1, 0),
(421, '2015-08-25', 2, 153, 11184.68, '', 0.00, 'Purchasedetail', 203, 11184.68, 0, 0),
(422, '2015-09-02', 2, 150, 6558.91, '', 0.00, 'Purchasedetail', 205, 6558.91, 0, 0),
(423, '2015-09-03', 1, 126, 12500.00, '', 0.00, 'Invoicedetail', 252, 12500.00, 1, 0),
(424, '2015-09-03', 1, 296, -200.00, '', 0.00, 'Invoicedetail', 253, -200.00, 1, 0),
(425, '2015-09-03', 1, 138, 15.00, '', 0.00, 'Invoicedetail', 254, 15.00, 1, 0),
(426, '2015-09-03', 1, 175, 79.80, '', 0.00, 'Invoicedetail', 255, 79.80, 1, 0),
(427, '2015-09-04', 1, 126, 12500.00, '', 0.00, 'Invoicedetail', 256, 12500.00, 1, 0),
(428, '2015-09-04', 1, 139, 18.79, '', 0.00, 'Invoicedetail', 257, 18.79, 1, 0),
(429, '2015-09-04', 1, 141, 16.66, '', 0.00, 'Invoicedetail', 258, 16.66, 1, 0),
(430, '2015-09-04', 1, 140, 24.85, '', 0.00, 'Invoicedetail', 259, 24.85, 1, 0),
(431, '2015-09-04', 1, 142, 11.27, '', 0.00, 'Invoicedetail', 260, 11.27, 1, 0),
(432, '2015-09-04', 1, 144, 19.52, '', 0.00, 'Invoicedetail', 261, 19.52, 1, 0),
(433, '2015-09-04', 1, 135, 30.00, '', 0.00, 'Invoicedetail', 262, 30.00, 1, 0),
(434, '2015-09-04', 1, 136, 11.00, '', 0.00, 'Invoicedetail', 263, 11.00, 1, 0),
(435, '2015-09-04', 1, 52, 7500.00, '', 0.00, 'Invoicedetail', 271, 7500.00, 1, 0),
(436, '2015-09-04', 1, 296, -462.64, '', 0.00, 'Invoicedetail', 272, -462.64, 1, 0),
(437, '2015-09-03', 1, 52, 7500.00, '', 0.00, 'Invoicedetail', 276, 7500.00, 1, 0),
(438, '2015-09-03', 1, 296, -662.64, '', 0.00, 'Invoicedetail', 278, -662.64, 1, 0),
(439, '2015-09-04', 1, 20, 3000.00, '', 0.00, 'Invoicedetail', 279, 3000.00, 1, 0),
(440, '2015-09-04', 1, 304, 200.00, '', 0.00, 'Invoicedetail', 280, 200.00, 1, 0),
(441, '2015-09-04', 1, 19, 4000.00, '', 0.00, 'Invoicedetail', 281, 4000.00, 1, 0),
(442, '2015-09-04', 1, 20, 2880.00, '', 0.00, 'Invoicedetail', 282, 2880.00, 1, 0),
(443, '2015-09-04', 1, 21, 2368.00, '', 0.00, 'Invoicedetail', 283, 2368.00, 1, 0),
(444, '2015-09-04', 1, 304, 350.00, '', 0.00, 'Invoicedetail', 284, 350.00, 1, 0),
(445, '2015-09-04', 1, 24, 4000.00, '', 0.00, 'Invoicedetail', 285, 4000.00, 1, 0),
(446, '2015-09-05', 2, 209, 18.90, '', 0.00, 'Purchasedetail', 206, 18.90, 0, 0),
(447, '2015-09-05', 2, 210, 25.90, '', 0.00, 'Purchasedetail', 207, 25.90, 0, 0),
(448, '2015-09-05', 2, 211, 37.10, '', 0.00, 'Purchasedetail', 208, 37.10, 0, 0),
(449, '2015-09-05', 2, 212, 86.80, '', 0.00, 'Purchasedetail', 209, 86.80, 0, 0),
(450, '2015-09-05', 2, 300, 24.50, '', 0.00, 'Purchasedetail', 210, 24.50, 0, 0),
(451, '2015-09-05', 2, 330, 33.60, '', 0.00, 'Purchasedetail', 211, 33.60, 0, 0),
(452, '2015-09-05', 2, 312, 44.10, '', 0.00, 'Purchasedetail', 212, 44.10, 0, 0),
(453, '2015-09-05', 2, 331, 102.90, '', 0.00, 'Purchasedetail', 213, 102.90, 0, 0),
(454, '2015-09-05', 2, 236, 38.50, '', 0.00, 'Purchasedetail', 214, 38.50, 0, 0),
(455, '2015-09-05', 2, 237, 42.70, '', 0.00, 'Purchasedetail', 215, 42.70, 0, 0),
(456, '2015-09-05', 2, 238, 69.30, '', 0.00, 'Purchasedetail', 216, 69.30, 0, 0),
(457, '2015-09-05', 2, 239, 166.60, '', 0.00, 'Purchasedetail', 217, 166.60, 0, 0),
(458, '2015-08-21', 2, 145, 14.00, '', 0.00, 'Purchasedetail', 218, 14.00, 0, 0),
(459, '2015-08-21', 2, 136, 4.44, '', 0.00, 'Purchasedetail', 219, 4.44, 0, 0),
(460, '2015-08-21', 2, 135, 20.00, '', 0.00, 'Purchasedetail', 220, 20.00, 0, 0),
(461, '2015-08-21', 2, 137, 13.60, '', 0.00, 'Purchasedetail', 221, 13.60, 0, 0),
(462, '2015-08-07', 2, 140, 12.90, '', 0.00, 'Purchasedetail', 222, 12.90, 0, 0),
(463, '2015-08-07', 2, 144, 10.13, '', 0.00, 'Purchasedetail', 223, 10.13, 0, 0),
(464, '2015-08-07', 2, 142, 6.24, '', 0.00, 'Purchasedetail', 224, 6.24, 0, 0),
(465, '2015-08-07', 2, 138, 5.04, '', 0.00, 'Purchasedetail', 225, 5.04, 0, 0),
(466, '2015-08-07', 2, 137, 8.16, '', 0.00, 'Purchasedetail', 226, 8.16, 0, 0),
(467, '2015-08-07', 2, 145, 9.75, '', 0.00, 'Purchasedetail', 227, 9.75, 0, 0),
(468, '2015-08-07', 2, 139, 9.75, '', 0.00, 'Purchasedetail', 228, 9.75, 0, 0),
(469, '2015-08-07', 2, 141, 5.88, '', 0.00, 'Purchasedetail', 229, 5.88, 0, 0),
(470, '2015-08-07', 2, 143, 7.44, '', 0.00, 'Purchasedetail', 230, 7.44, 0, 0),
(471, '2015-08-07', 2, 136, 5.50, '', 0.00, 'Purchasedetail', 231, 5.50, 0, 0),
(472, '2015-08-07', 2, 135, 20.00, '', 0.00, 'Purchasedetail', 232, 20.00, 0, 0),
(473, '2015-09-05', 1, 260, 3800.00, '', 0.00, 'Invoicedetail', 286, 3800.00, 1, 0),
(474, '2015-09-05', 1, 18, 2900.00, '', 0.00, 'Invoicedetail', 287, 2900.00, 1, 0),
(475, '2015-09-05', 1, 57, 11.00, '', 0.00, 'Invoicedetail', 288, 11.00, 1, 0),
(476, '2015-09-05', 1, 210, 55.50, '', 0.00, 'Invoicedetail', 289, 55.50, 1, 0),
(477, '2015-09-07', 1, 272, 11000.00, '', 0.00, 'Invoicedetail', 290, 11000.00, 1, 0),
(478, '2015-09-07', 1, 20, 2800.00, '', 0.00, 'Invoicedetail', 291, 2800.00, 1, 0),
(479, '2015-09-07', 1, 34, 23500.00, '', 0.00, 'Invoicedetail', 292, 23500.00, 1, 0),
(480, '2015-08-28', 3, 332, 40.00, '', 0.00, 'Purchasedetail', 233, 40.00, 0, 0),
(481, '2015-08-28', 3, 333, 40.00, '', 0.00, 'Purchasedetail', 234, 40.00, 0, 0),
(482, '2015-08-28', 3, 334, 60.00, '', 0.00, 'Purchasedetail', 235, 60.00, 0, 0),
(483, '2015-08-28', 3, 334, 60.00, '', 0.00, 'Purchasedetail', 236, 60.00, 0, 0),
(484, '2015-08-28', 3, 335, 60.00, '', 0.00, 'Purchasedetail', 237, 60.00, 0, 0),
(485, '2015-09-07', 1, 334, 85.00, '', 0.00, 'Invoicedetail', 295, 85.00, 1, 0),
(486, '2015-09-07', 1, 260, 3900.00, '', 0.00, 'Invoicedetail', 296, 3900.00, 1, 0),
(487, '2015-09-07', 1, 299, 18.00, '', 0.00, 'Invoicedetail', 297, 18.00, 1, 0),
(488, '2015-09-07', 1, 256, 35.00, '', 0.00, 'Invoicedetail', 300, 35.00, 1, 0),
(489, '2015-09-08', 1, 70, 1900.00, '', 0.00, 'Invoicedetail', 301, 1900.00, 1, 0),
(490, '2015-09-08', 1, 64, 415.35, '', 0.00, 'Invoicedetail', 302, 415.35, 1, 0),
(491, '2015-09-08', 1, 310, 45.00, '', 0.00, 'Invoicedetail', 303, 45.00, 1, 0),
(492, '2015-09-08', 2, 141, 9.80, '', 0.00, 'Purchasedetail', 238, 9.80, 0, 0),
(493, '2015-09-08', 2, 142, 6.24, '', 0.00, 'Purchasedetail', 239, 6.24, 0, 0),
(494, '2015-09-08', 2, 337, 36.80, '', 0.00, 'Purchasedetail', 240, 36.80, 0, 0),
(495, '2015-09-08', 2, 323, 6.96, '', 0.00, 'Purchasedetail', 241, 6.96, 0, 0),
(496, '2015-09-08', 2, 137, 13.60, '', 0.00, 'Purchasedetail', 242, 13.60, 0, 0),
(497, '2015-09-08', 2, 145, 14.00, '', 0.00, 'Purchasedetail', 243, 14.00, 0, 0),
(498, '2015-09-08', 2, 270, 10.36, '', 0.00, 'Purchasedetail', 244, 10.36, 0, 0),
(499, '2015-09-08', 2, 139, 10.40, '', 0.00, 'Purchasedetail', 245, 10.40, 0, 0),
(500, '2015-09-08', 2, 338, 21.60, '', 0.00, 'Purchasedetail', 246, 21.60, 0, 0),
(501, '2015-09-08', 2, 144, 10.80, '', 0.00, 'Purchasedetail', 247, 10.80, 0, 0),
(502, '2015-09-08', 2, 143, 12.40, '', 0.00, 'Purchasedetail', 248, 12.40, 0, 0),
(503, '2015-09-08', 2, 339, 16.00, '', 0.00, 'Purchasedetail', 249, 16.00, 0, 0),
(504, '2015-09-08', 2, 135, 20.00, '', 0.00, 'Purchasedetail', 250, 20.00, 0, 0),
(505, '2015-09-08', 2, 136, 10.00, '', 0.00, 'Purchasedetail', 251, 10.00, 0, 0),
(506, '2015-07-27', 2, 141, 9.80, '', 0.00, 'Purchasedetail', 252, 9.80, 0, 0),
(507, '2015-07-27', 2, 144, 11.48, '', 0.00, 'Purchasedetail', 253, 11.48, 0, 0),
(508, '2015-07-27', 2, 143, 12.40, '', 0.00, 'Purchasedetail', 254, 12.40, 0, 0),
(509, '2015-07-27', 2, 140, 14.62, '', 0.00, 'Purchasedetail', 255, 14.62, 0, 0),
(510, '2015-07-27', 2, 139, 11.05, '', 0.00, 'Purchasedetail', 256, 11.05, 0, 0),
(511, '2015-07-27', 2, 337, 39.10, '', 0.00, 'Purchasedetail', 257, 39.10, 0, 0),
(512, '2015-07-27', 2, 142, 6.63, '', 0.00, 'Purchasedetail', 258, 6.63, 0, 0),
(513, '2015-07-27', 2, 139, 7.40, '', 0.00, 'Purchasedetail', 259, 7.40, 0, 0),
(514, '2015-07-27', 2, 137, 9.80, '', 0.00, 'Purchasedetail', 260, 9.80, 0, 0),
(515, '2015-07-27', 2, 145, 14.88, '', 0.00, 'Purchasedetail', 261, 14.88, 0, 0),
(516, '2015-07-27', 2, 136, 5.50, '', 0.00, 'Purchasedetail', 262, 5.50, 0, 0),
(517, '2015-07-27', 2, 135, 20.00, '', 0.00, 'Purchasedetail', 263, 20.00, 0, 0),
(518, '2015-07-27', 2, 340, 20.40, '', 0.00, 'Purchasedetail', 264, 20.40, 0, 0),
(519, '2015-08-24', 1, 18, 2900.00, '', 0.00, 'Invoicedetail', 304, 2900.00, 1, 0),
(520, '2015-08-24', 1, 73, 3000.00, '', 0.00, 'Invoicedetail', 305, 3000.00, 1, 0),
(521, '2015-08-24', 1, 296, -162.64, '', 0.00, 'Invoicedetail', 309, -162.64, 1, 0),
(522, '2015-08-31', 1, 71, 2800.00, '', 0.00, 'Invoicedetail', 310, 2800.00, 1, 0),
(523, '2015-08-31', 1, 73, 3000.00, '', 0.00, 'Invoicedetail', 311, 3000.00, 1, 0),
(524, '2015-08-31', 1, 296, -220.00, '', 0.00, 'Invoicedetail', 313, -220.00, 1, 0),
(525, '2015-09-02', 1, 307, 2960.00, '', 0.00, 'Invoicedetail', 316, 2960.00, 1, 0),
(526, '2015-09-02', 1, 71, 2800.00, '', 0.00, 'Invoicedetail', 317, 2800.00, 1, 0),
(527, '2015-09-02', 1, 296, -722.64, '', 0.00, 'Invoicedetail', 319, -722.64, 1, 0),
(528, '2015-08-24', 1, 272, 10800.00, '', 0.00, 'Invoicedetail', 320, 10800.00, 1, 0),
(529, '2015-09-09', 1, 74, 6700.00, '', 0.00, 'Invoicedetail', 321, 6700.00, 1, 0),
(530, '2015-09-09', 1, 6, 6000.00, '', 0.00, 'Invoicedetail', 322, 6000.00, 1, 0),
(531, '2015-09-09', 1, 71, 2900.00, '', 100.00, 'Invoicedetail', 323, 2800.00, 1, 0),
(532, '2015-09-09', 1, 285, 2600.00, '', 0.00, 'Invoicedetail', 325, 2600.00, 1, 0),
(533, '2015-09-09', 1, 73, 3137.36, '', 0.00, 'Invoicedetail', 326, 3137.36, 1, 0),
(534, '2015-09-09', 1, 10, 3000.00, '', 0.00, 'Invoicedetail', 329, 3000.00, 1, 0),
(535, '2015-09-09', 1, 20, 2880.00, '', 0.00, 'Invoicedetail', 330, 2880.00, 1, 0),
(536, '2015-09-09', 1, 22, 200.00, '', 0.00, 'Invoicedetail', 331, 200.00, 1, 0),
(537, '2015-09-09', 1, 296, -80.00, '', 0.00, 'Invoicedetail', 332, -80.00, 1, 0),
(538, '2015-09-02', 2, 329, 28998.75, '', 0.00, 'Purchasedetail', 265, 28998.75, 0, 0),
(539, '2015-09-02', 2, 341, 332.50, '', 0.00, 'Purchasedetail', 266, 332.50, 0, 0),
(540, '2015-09-02', 2, 342, 37.24, '', 0.00, 'Purchasedetail', 267, 37.24, 0, 0),
(541, '2015-09-02', 2, 343, 434.91, '', 0.00, 'Purchasedetail', 268, 434.91, 0, 0),
(542, '2015-09-02', 2, 344, 147.63, '', 0.00, 'Purchasedetail', 269, 147.63, 0, 0),
(543, '2015-09-02', 2, 345, 125.69, '', 0.00, 'Purchasedetail', 270, 125.69, 0, 0),
(544, '2015-09-02', 2, 346, 528.01, '', 0.00, 'Purchasedetail', 271, 528.01, 0, 0),
(545, '2015-09-02', 2, 347, 305.24, '', 0.00, 'Purchasedetail', 272, 305.24, 0, 0),
(546, '2015-09-02', 2, 348, 5.32, '', 0.00, 'Purchasedetail', 273, 5.32, 0, 0),
(547, '2015-09-02', 2, 349, 7.32, '', 0.00, 'Purchasedetail', 274, 7.32, 0, 0),
(548, '2015-09-02', 2, 350, 58.52, '', 0.00, 'Purchasedetail', 275, 58.52, 0, 0),
(549, '2015-09-02', 2, 351, 13.30, '', 0.00, 'Purchasedetail', 276, 13.30, 0, 0),
(550, '2015-09-02', 2, 352, 3.33, '', 0.00, 'Purchasedetail', 277, 3.33, 0, 0),
(551, '2015-09-10', 1, 345, 160.65, '', 0.00, 'Invoicedetail', 334, 160.65, 1, 0),
(552, '2015-09-10', 1, 347, 390.15, '', 0.00, 'Invoicedetail', 335, 390.15, 1, 0),
(553, '2015-09-10', 1, 346, 674.90, '', 0.00, 'Invoicedetail', 336, 674.90, 1, 0),
(554, '2015-09-10', 1, 348, 6.80, '', 0.00, 'Invoicedetail', 337, 6.80, 1, 0),
(555, '2015-09-10', 1, 349, 9.35, '', 0.00, 'Invoicedetail', 338, 9.35, 1, 0),
(556, '2015-09-10', 1, 350, 74.80, '', 0.00, 'Invoicedetail', 339, 74.80, 1, 0),
(557, '2015-09-10', 1, 351, 17.00, '', 0.00, 'Invoicedetail', 340, 17.00, 1, 0),
(558, '2015-09-10', 1, 352, 4.25, '', 0.00, 'Invoicedetail', 341, 4.25, 1, 0),
(559, '2015-09-10', 1, 341, 425.00, '', 0.00, 'Invoicedetail', 342, 425.00, 1, 0),
(560, '2015-09-10', 1, 342, 47.60, '', 0.00, 'Invoicedetail', 343, 47.60, 1, 0),
(561, '2015-09-10', 1, 343, 555.90, '', 0.00, 'Invoicedetail', 344, 555.90, 1, 0),
(562, '2015-09-10', 1, 344, 188.00, '', 0.00, 'Invoicedetail', 345, 188.00, 1, 0),
(563, '2015-09-10', 1, 153, 13500.00, '', 0.00, 'Invoicedetail', 346, 13500.00, 1, 1),
(564, '2015-09-10', 1, 307, 3.50, '', 0.00, 'Invoicedetail', 347, 3.50, 1, 0),
(565, '2015-09-10', 1, 307, 3.50, '', 0.00, 'Invoicedetail', 348, 3.50, 1, 0),
(566, '2015-09-10', 1, 307, 3000.00, '', 0.00, 'Invoicedetail', 349, 3000.00, 1, 0),
(567, '2015-09-10', 1, 322, 60.00, '', 0.00, 'Invoicedetail', 350, 60.00, 1, 0),
(568, '2015-09-10', 1, 70, 1800.00, '', 0.00, 'Invoicedetail', 351, 1800.00, 1, 0),
(569, '2015-09-03', 2, 327, 0.00, '', 0.00, 'Purchasedetail', 278, 0.00, 0, 0),
(570, '2015-09-04', 2, 353, 59.40, '', 0.00, 'Purchasedetail', 279, 59.40, 0, 0),
(571, '2015-09-04', 2, 354, 20.00, '', 0.00, 'Purchasedetail', 280, 20.00, 0, 0),
(572, '2015-09-04', 2, 355, 0.00, '', 0.00, 'Purchasedetail', 281, 0.00, 0, 0),
(573, '2015-09-03', 2, 137, 13.60, '', 0.00, 'Purchasedetail', 282, 13.60, 0, 0),
(574, '2015-09-03', 2, 145, 14.00, '', 0.00, 'Purchasedetail', 283, 14.00, 0, 0),
(575, '2015-09-03', 2, 323, 6.96, '', 0.00, 'Purchasedetail', 284, 6.96, 0, 0),
(576, '2015-09-03', 2, 356, 3990.00, '', 0.00, 'Purchasedetail', 285, 3990.00, 0, 0),
(577, '2015-09-03', 2, 71, 2200.00, '', 0.00, 'Purchasedetail', 286, 2200.00, 0, 0),
(578, '2015-09-11', 1, 310, 45.00, '', 0.00, 'Invoicedetail', 352, 45.00, 1, 0),
(579, '2015-09-11', 1, 218, 29.40, '', 0.00, 'Invoicedetail', 353, 29.40, 1, 0),
(580, '2015-09-11', 1, 193, 105.00, '', 0.00, 'Invoicedetail', 354, 105.00, 1, 0),
(581, '2015-09-12', 1, 313, 390.00, '', 0.00, 'Invoicedetail', 355, 390.00, 1, 0),
(582, '2015-09-13', 1, 59, 300.00, '', 0.00, 'Invoicedetail', 356, 300.00, 1, 0),
(583, '2015-09-13', 1, 70, 1700.00, '', 0.00, 'Invoicedetail', 357, 1700.00, 1, 0),
(584, '2015-09-13', 1, 52, 7500.00, '', 0.00, 'Invoicedetail', 358, 7500.00, 1, 0),
(585, '2015-09-13', 1, 153, 13500.00, '', 0.00, 'Invoicedetail', 359, 13500.00, 1, 0),
(586, '2015-09-14', 1, 357, 874.50, '', 0.00, 'Invoicedetail', 360, 874.50, 1, 0),
(587, '2015-09-14', 1, 358, 450.00, '', 0.00, 'Invoicedetail', 361, 450.00, 1, 0),
(588, '2015-09-14', 1, 359, 390.00, '', 0.00, 'Invoicedetail', 362, 390.00, 1, 0),
(589, '2015-09-14', 1, 360, 27.20, '', 0.00, 'Invoicedetail', 363, 27.20, 1, 0),
(590, '2015-09-14', 1, 361, 450.00, '', 0.00, 'Invoicedetail', 364, 450.00, 1, 0),
(591, '2015-09-14', 1, 362, 19.55, '', 0.00, 'Invoicedetail', 365, 19.55, 1, 0),
(592, '2015-09-14', 1, 363, 11.05, '', 0.00, 'Invoicedetail', 366, 11.05, 1, 0),
(593, '2015-09-14', 1, 364, 480.00, '', 0.00, 'Invoicedetail', 367, 480.00, 1, 0),
(594, '2015-09-14', 1, 365, 401.00, '', 0.00, 'Invoicedetail', 368, 401.00, 1, 0),
(595, '2015-09-14', 1, 366, 22.00, '', 0.00, 'Invoicedetail', 369, 22.00, 1, 0),
(596, '2015-09-14', 1, 270, 25.00, '', 0.00, 'Invoicedetail', 372, 25.00, 1, 0),
(597, '2015-09-14', 1, 326, 3500.00, '', 0.00, 'Invoicedetail', 373, 3500.00, 1, 0),
(598, '2015-09-14', 1, 367, 20.00, '', 0.00, 'Invoicedetail', 374, 20.00, 1, 0),
(599, '2015-09-14', 1, 367, 20.00, '', 0.00, 'Invoicedetail', 375, 20.00, 1, 0),
(600, '2015-09-14', 1, 366, 22.00, '', 0.00, 'Invoicedetail', 376, 22.00, 1, 0),
(601, '2015-09-14', 1, 367, 20.00, '', 0.00, 'Invoicedetail', 379, 20.00, 1, 0),
(602, '2015-09-14', 1, 326, 3500.00, '', 0.00, 'Invoicedetail', 380, 3500.00, 1, 0),
(603, '2015-09-14', 1, 270, 25.00, '', 0.00, 'Invoicedetail', 381, 25.00, 1, 0),
(604, '2015-09-15', 1, 150, 7900.00, '', 0.00, 'Invoicedetail', 382, 7900.00, 1, 0),
(605, '2015-09-03', 2, 368, 57.19, '', 0.00, 'Purchasedetail', 287, 57.19, 0, 0),
(606, '2015-09-05', 2, 369, 792.00, '', 0.00, 'Purchasedetail', 288, 792.00, 0, 0),
(607, '2015-09-05', 2, 370, 960.00, '', 0.00, 'Purchasedetail', 289, 960.00, 0, 0),
(608, '2015-09-05', 2, 371, 112.32, '', 0.00, 'Purchasedetail', 290, 112.32, 0, 0),
(609, '2015-09-05', 2, 372, 180.00, '', 0.00, 'Purchasedetail', 291, 180.00, 0, 0),
(610, '2015-09-05', 2, 373, 90.00, '', 0.00, 'Purchasedetail', 292, 90.00, 0, 0),
(611, '2015-09-05', 2, 374, 120.00, '', 0.00, 'Purchasedetail', 293, 120.00, 0, 0),
(612, '2015-09-05', 2, 375, 17.20, '', 0.00, 'Purchasedetail', 294, 17.20, 0, 0),
(613, '2015-09-02', 2, 357, 433.00, '', 0.00, 'Purchasedetail', 295, 433.00, 0, 0),
(614, '2015-09-02', 2, 367, 8.50, '', 0.00, 'Purchasedetail', 296, 8.50, 0, 0),
(615, '2015-09-02', 2, 366, 10.40, '', 0.00, 'Purchasedetail', 297, 10.40, 0, 0),
(616, '2015-09-02', 2, 137, 13.60, '', 0.00, 'Purchasedetail', 298, 13.60, 0, 0),
(617, '2015-09-02', 2, 145, 14.00, '', 0.00, 'Purchasedetail', 299, 14.00, 0, 0),
(618, '2015-09-02', 2, 270, 10.36, '', 0.00, 'Purchasedetail', 300, 10.36, 0, 0),
(619, '2015-09-14', 1, 368, 0.00, '', 0.00, 'Invoicedetail', 383, 0.00, 1, 0),
(620, '2015-09-02', 2, 358, 262.01, '', 0.00, 'Purchasedetail', 301, 262.01, 0, 0),
(621, '2015-09-02', 2, 359, 213.47, '', 0.00, 'Purchasedetail', 302, 213.47, 0, 0),
(622, '2015-09-02', 2, 360, 21.28, '', 0.00, 'Purchasedetail', 303, 21.28, 0, 0),
(623, '2015-09-02', 2, 361, 324.52, '', 0.00, 'Purchasedetail', 304, 324.52, 0, 0),
(624, '2015-09-02', 2, 361, 324.52, '', 0.00, 'Purchasedetail', 305, 324.52, 0, 0),
(625, '2015-09-02', 2, 362, 15.30, '', 0.00, 'Purchasedetail', 306, 15.30, 0, 0);
INSERT INTO `quote` (`id`, `date`, `vendor_id`, `product_id`, `price`, `discrate`, `discamt`, `ref_class`, `ref_id`, `total`, `mine`, `is_cancelled`) VALUES
(626, '2015-09-02', 2, 364, 364.20, '', 0.00, 'Purchasedetail', 307, 364.20, 0, 0),
(627, '2015-09-02', 2, 365, 266.67, '', 0.00, 'Purchasedetail', 308, 266.67, 0, 0),
(628, '2015-09-02', 2, 363, 8.65, '', 0.00, 'Purchasedetail', 309, 8.65, 0, 0),
(629, '2015-09-02', 2, 376, 15.96, '', 0.00, 'Purchasedetail', 310, 15.96, 0, 0),
(630, '2015-09-14', 1, 354, 0.00, '', 0.00, 'Invoicedetail', 384, 0.00, 1, 0),
(631, '2015-09-14', 1, 353, 0.00, '', 0.00, 'Invoicedetail', 385, 0.00, 1, 0),
(632, '2015-09-17', 4, 280, 0.00, '', 0.00, 'Purchasedetail', 311, 0.00, 0, 0),
(633, '2015-09-17', 4, 69, 0.00, '', 0.00, 'Purchasedetail', 312, 0.00, 0, 0),
(634, '2015-09-17', 4, 20, 0.00, '', 0.00, 'Purchasedetail', 313, 0.00, 0, 0),
(635, '2015-09-17', 4, 10, 0.00, '', 0.00, 'Purchasedetail', 314, 0.00, 0, 0),
(636, '2015-09-17', 4, 22, 0.00, '', 0.00, 'Purchasedetail', 315, 0.00, 0, 0),
(637, '2015-09-17', 1, 20, 3200.00, '', 0.00, 'Invoicedetail', 387, 3200.00, 1, 0),
(638, '2015-09-18', 1, 370, 2500.00, '', 0.00, 'Invoicedetail', 388, 2500.00, 1, 0),
(639, '2015-09-18', 1, 321, 2500.00, '', 0.00, 'Invoicedetail', 389, 2500.00, 1, 0),
(640, '2015-09-18', 1, 371, 336.00, '', 0.00, 'Invoicedetail', 390, 336.00, 1, 0),
(641, '2015-09-18', 1, 372, 360.00, '', 0.00, 'Invoicedetail', 391, 360.00, 1, 0),
(642, '2015-09-18', 1, 373, 180.00, '', 0.00, 'Invoicedetail', 392, 180.00, 1, 0),
(643, '2015-09-18', 1, 324, 700.00, '', 0.00, 'Invoicedetail', 393, 700.00, 1, 0),
(644, '2015-09-18', 1, 321, 2500.00, '', 0.00, 'Invoicedetail', 394, 2500.00, 1, 0),
(645, '2015-09-18', 1, 370, 2500.00, '', 0.00, 'Invoicedetail', 395, 2500.00, 1, 0),
(646, '2015-09-18', 1, 324, 700.00, '', 0.00, 'Invoicedetail', 396, 700.00, 1, 0),
(647, '2015-09-18', 1, 321, 2500.00, '', 0.00, 'Invoicedetail', 397, 2500.00, 1, 0),
(648, '2015-09-18', 1, 321, 2500.00, '', 0.00, 'Invoicedetail', 398, 2500.00, 1, 0),
(649, '2015-09-18', 1, 369, 5.00, '', 0.00, 'Invoicedetail', 399, 5.00, 1, 0),
(650, '2015-09-18', 1, 370, 2500.00, '', 0.00, 'Invoicedetail', 400, 2500.00, 1, 0),
(651, '2015-09-18', 1, 369, 2500.00, '', 0.00, 'Invoicedetail', 401, 2500.00, 1, 0),
(652, '2015-09-18', 1, 371, 336.00, '', 0.00, 'Invoicedetail', 402, 336.00, 1, 0),
(653, '2015-09-18', 1, 372, 360.00, '', 0.00, 'Invoicedetail', 403, 360.00, 1, 0),
(654, '2015-09-18', 1, 373, 180.00, '', 0.00, 'Invoicedetail', 404, 180.00, 1, 0),
(655, '2015-09-18', 1, 324, 700.00, '', 0.00, 'Invoicedetail', 405, 700.00, 1, 0),
(656, '2015-09-18', 1, 321, 2500.00, '', 0.00, 'Invoicedetail', 406, 2500.00, 1, 0),
(657, '2015-09-18', 1, 296, 276.00, '', 0.00, 'Invoicedetail', 407, 276.00, 1, 0),
(658, '2015-09-18', 1, 296, -276.00, '', 0.00, 'Invoicedetail', 408, -276.00, 1, 0),
(659, '2015-09-18', 1, 275, 5500.00, '', 0.00, 'Invoicedetail', 409, 5500.00, 1, 0),
(660, '2015-09-18', 1, 70, 1800.00, '', 0.00, 'Invoicedetail', 410, 1800.00, 1, 0),
(661, '2015-09-18', 1, 282, 35000.00, '', 0.00, 'Invoicedetail', 411, 35000.00, 1, 0),
(662, '2015-09-18', 1, 285, 2600.00, '', 0.00, 'Invoicedetail', 412, 2600.00, 1, 0),
(663, '2015-09-18', 1, 73, 3000.00, '', 0.00, 'Invoicedetail', 414, 3000.00, 1, 0),
(664, '2015-09-18', 1, 296, -62.64, '', 0.00, 'Invoicedetail', 418, -62.64, 1, 0),
(665, '2015-09-18', 1, 52, 7500.00, '', 0.00, 'Invoicedetail', 419, 7500.00, 1, 0),
(666, '2015-09-18', 1, 40, 390.00, '', 0.00, 'Invoicedetail', 420, 390.00, 1, 0),
(667, '2015-09-19', 1, 305, 5200.00, '', 0.00, 'Invoicedetail', 421, 5200.00, 1, 0),
(668, '2015-09-15', 2, 150, 6558.91, '', 0.00, 'Purchasedetail', 316, 6558.91, 0, 0),
(669, '2015-09-15', 2, 153, 11184.68, '', 0.00, 'Purchasedetail', 317, 11184.68, 0, 0),
(670, '2015-09-15', 2, 52, 5128.00, '', 0.00, 'Purchasedetail', 318, 5128.00, 0, 0),
(671, '2015-09-21', 1, 272, 11000.00, '', 0.00, 'Invoicedetail', 422, 11000.00, 1, 0),
(672, '2015-09-21', 1, 270, 40.00, '', 0.00, 'Invoicedetail', 427, 40.00, 1, 0),
(673, '2015-09-21', 1, 142, 0.00, '', 0.00, 'Invoicedetail', 428, 0.00, 1, 0),
(674, '2015-09-19', 2, 377, 2300.00, '', 0.00, 'Purchasedetail', 319, 2300.00, 0, 0),
(675, '2015-09-19', 2, 377, 2300.00, '', 0.00, 'Purchasedetail', 320, 2300.00, 0, 0),
(676, '2015-09-19', 2, 379, 200.00, '', 0.00, 'Purchasedetail', 321, 200.00, 0, 0),
(677, '2015-09-19', 2, 378, 0.00, '', 0.00, 'Purchasedetail', 322, 0.00, 0, 0),
(678, '2015-09-21', 1, 377, 3900.00, '', 0.00, 'Invoicedetail', 429, 3900.00, 1, 0),
(679, '2015-09-22', 1, 256, 35.00, '', 0.00, 'Invoicedetail', 430, 35.00, 1, 0),
(680, '2015-09-22', 1, 52, 7500.00, '', 0.00, 'Invoicedetail', 431, 7500.00, 1, 0),
(681, '2015-09-22', 1, 307, 3000.00, '', 0.00, 'Invoicedetail', 432, 3000.00, 1, 0),
(682, '2015-09-22', 1, 296, -1262.64, '', 0.00, 'Invoicedetail', 436, -1262.64, 1, 0),
(683, '2015-09-22', 2, 381, 75.00, '', 0.00, 'Purchasedetail', 323, 75.00, 0, 0),
(684, '2015-09-22', 2, 380, 75.00, '', 0.00, 'Purchasedetail', 324, 75.00, 0, 0),
(685, '2015-09-22', 1, 381, 75.00, '', 0.00, 'Invoicedetail', 437, 75.00, 1, 0),
(686, '2015-09-22', 1, 380, 75.00, '', 0.00, 'Invoicedetail', 438, 75.00, 1, 0),
(687, '2015-09-22', 1, 256, 35.00, '', 0.00, 'Invoicedetail', 439, 35.00, 1, 0),
(688, '2015-09-22', 1, 381, 75.00, '', 0.00, 'Invoicedetail', 440, 75.00, 1, 0),
(689, '2015-09-22', 1, 380, 75.00, '', 0.00, 'Invoicedetail', 441, 75.00, 1, 0),
(690, '2015-09-22', 1, 58, 214.50, '', 0.00, 'Invoicedetail', 442, 214.50, 1, 0),
(691, '2015-09-23', 5, 383, 1833.00, '', 0.00, 'Purchasedetail', 325, 1833.00, 0, 0),
(692, '2015-07-15', 2, 18, 0.00, '', 0.00, 'Purchasedetail', 326, 0.00, 0, 0),
(693, '2015-07-15', 2, 14, 0.00, '', 0.00, 'Purchasedetail', 328, 0.00, 0, 0),
(694, '2015-07-15', 2, 19, 0.00, '', 0.00, 'Purchasedetail', 330, 0.00, 0, 0),
(695, '2015-09-15', 2, 52, 0.00, '', 0.00, 'Purchasedetail', 331, 0.00, 0, 0),
(696, '2015-09-12', 1, 59, 332.48, '', 0.00, 'Invoicedetail', 443, 332.48, 1, 0),
(697, '2015-08-27', 1, 44, 700.00, '', 0.00, 'Invoicedetail', 444, 700.00, 1, 0),
(698, '2015-09-24', 1, 70, 1900.00, '', 0.00, 'Invoicedetail', 445, 1900.00, 1, 0),
(699, '2015-09-24', 1, 324, 800.00, '', 0.00, 'Invoicedetail', 446, 800.00, 1, 0),
(700, '2015-09-24', 1, 360, 27.20, '', 0.00, 'Invoicedetail', 447, 27.20, 1, 0),
(701, '2015-09-24', 1, 5, 141.96, '', 0.00, 'Invoicedetail', 448, 141.96, 1, 0),
(702, '2015-09-18', 1, 369, 2500.00, '', 0.00, 'Invoicedetail', 449, 2500.00, 1, 0),
(703, '2015-09-18', 1, 371, 336.00, '', 0.00, 'Invoicedetail', 450, 336.00, 1, 0),
(704, '2015-09-18', 1, 373, 180.00, '', 0.00, 'Invoicedetail', 451, 180.00, 1, 0),
(705, '2015-09-18', 1, 372, 360.00, '', 0.00, 'Invoicedetail', 452, 360.00, 1, 0),
(706, '2015-09-18', 1, 325, 700.00, '', 0.00, 'Invoicedetail', 453, 700.00, 1, 0),
(707, '2015-09-18', 1, 369, 2500.00, '', 0.00, 'Invoicedetail', 454, 2500.00, 1, 0),
(708, '2015-09-18', 1, 296, -276.00, '', 0.00, 'Invoicedetail', 455, -276.00, 1, 0),
(709, '2015-09-18', 1, 296, -276.00, '', 0.00, 'Invoicedetail', 456, -276.00, 1, 0),
(710, '2015-09-25', 1, 256, 35.00, '', 0.00, 'Invoicedetail', 457, 35.00, 1, 0),
(711, '2015-09-25', 1, 381, 75.00, '', 0.00, 'Invoicedetail', 458, 75.00, 1, 0),
(712, '2015-09-25', 1, 380, 75.00, '', 0.00, 'Invoicedetail', 459, 75.00, 1, 0),
(713, '2015-09-25', 1, 173, 52.50, '', 0.00, 'Invoicedetail', 460, 52.50, 1, 0),
(714, '2015-09-25', 1, 174, 67.20, '', 0.00, 'Invoicedetail', 461, 67.20, 1, 0),
(715, '2015-09-28', 1, 184, 132.30, '', 0.00, 'Invoicedetail', 462, 132.30, 1, 0),
(716, '2015-09-28', 1, 193, 105.00, '', 0.00, 'Invoicedetail', 463, 105.00, 1, 0),
(717, '2015-09-18', 1, 370, 2500.00, '', 0.00, 'Invoicedetail', 464, 2500.00, 1, 0),
(718, '2015-09-28', 1, 10, 3000.00, '', 0.00, 'Invoicedetail', 465, 3000.00, 1, 0),
(719, '2015-09-28', 1, 383, 3000.00, '', 0.00, 'Invoicedetail', 466, 3000.00, 1, 0),
(720, '2015-09-28', 1, 22, 200.00, '', 0.00, 'Invoicedetail', 467, 200.00, 1, 0),
(721, '2015-09-28', 1, 296, -400.00, '', 0.00, 'Invoicedetail', 468, -400.00, 1, 0),
(722, '2015-09-28', 1, 304, 350.00, '', 0.00, 'Invoicedetail', 469, 350.00, 1, 0),
(723, '2015-09-26', 1, 399, 390.00, '', 0.00, 'Invoicedetail', 470, 390.00, 1, 0),
(724, '2015-09-26', 1, 52, 7000.00, '', 0.00, 'Invoicedetail', 471, 7000.00, 1, 1),
(725, '2015-09-28', 1, 412, 310.00, '', 0.00, 'Invoicedetail', 476, 310.00, 1, 0),
(726, '2015-09-28', 1, 414, 430.00, '', 0.00, 'Invoicedetail', 477, 430.00, 1, 0),
(727, '2015-09-28', 1, 296, -8.00, '', 0.00, 'Invoicedetail', 478, -8.00, 1, 0),
(728, '2015-09-28', 1, 413, 408.50, '', 0.00, 'Invoicedetail', 479, 408.50, 1, 0),
(729, '2015-09-28', 1, 412, 294.50, '', 0.00, 'Invoicedetail', 480, 294.50, 1, 0),
(730, '2015-09-28', 1, 413, 408.50, '', 0.00, 'Invoicedetail', 481, 408.50, 1, 0),
(731, '2015-09-28', 1, 296, -3.00, '', 0.00, 'Invoicedetail', 482, -3.00, 1, 0),
(732, '2015-09-28', 1, 256, 35.00, '', 0.00, 'Invoicedetail', 483, 35.00, 1, 0),
(733, '2015-09-28', 1, 381, 75.00, '', 0.00, 'Invoicedetail', 484, 75.00, 1, 0),
(734, '2015-09-28', 1, 380, 75.00, '', 0.00, 'Invoicedetail', 485, 75.00, 1, 0),
(735, '2015-09-23', 2, 381, 10.00, '', 0.00, 'Purchasedetail', 332, 10.00, 0, 0),
(736, '2015-09-23', 2, 380, 20.00, '', 0.00, 'Purchasedetail', 333, 20.00, 0, 0),
(737, '2015-09-25', 2, 416, 3661.20, '', 0.00, 'Purchasedetail', 336, 3661.20, 0, 0),
(738, '2015-09-30', 1, 271, 6500.00, '', 0.00, 'Invoicedetail', 487, 6500.00, 1, 0),
(739, '2015-09-30', 1, 256, 35.00, '', 0.00, 'Invoicedetail', 488, 35.00, 1, 0),
(740, '2015-09-30', 1, 381, 75.00, '', 0.00, 'Invoicedetail', 489, 75.00, 1, 0),
(741, '2015-09-30', 1, 380, 75.00, '', 0.00, 'Invoicedetail', 490, 75.00, 1, 0),
(742, '2015-10-01', 1, 291, 4000.00, '', 0.00, 'Invoicedetail', 491, 4000.00, 1, 0),
(743, '2015-10-01', 1, 57, 11.00, '', 0.00, 'Invoicedetail', 492, 11.00, 1, 0),
(744, '2015-10-01', 1, 367, 20.00, '', 0.00, 'Invoicedetail', 493, 20.00, 1, 0),
(745, '2015-10-01', 1, 73, 3000.00, '', 0.00, 'Invoicedetail', 494, 3000.00, 1, 0),
(746, '2015-10-01', 1, 256, 35.00, '', 0.00, 'Invoicedetail', 495, 35.00, 1, 0),
(747, '2015-10-02', 1, 293, 200.00, '', 0.00, 'Invoicedetail', 496, 200.00, 1, 0),
(748, '2015-10-02', 1, 416, 10500.00, '', 0.00, 'Invoicedetail', 497, 10500.00, 1, 0),
(749, '2015-10-03', 1, 396, 234.00, '', 0.00, 'Invoicedetail', 498, 234.00, 1, 0),
(750, '2015-10-03', 1, 126, 12500.00, '', 0.00, 'Invoicedetail', 499, 12500.00, 1, 0),
(751, '2015-10-03', 1, 417, 26800.00, '', 0.00, 'Invoicedetail', 500, 26800.00, 1, 0),
(752, '2015-10-03', 1, 52, 7500.00, '', 0.00, 'Invoicedetail', 501, 7500.00, 1, 0),
(753, '2015-10-03', 1, 417, 26800.00, '', 0.00, 'Invoicedetail', 505, 26800.00, 1, 0),
(754, '2015-10-03', 1, 296, -260.00, '', 0.00, 'Invoicedetail', 507, -260.00, 1, 0),
(756, '2015-09-28', 2, 76, 3137.47, '', 0.00, 'Purchasedetail', 337, 3137.47, 0, 0),
(757, '2015-09-28', 2, 73, 2316.45, '', 0.00, 'Purchasedetail', 338, 2316.45, 0, 0),
(758, '2015-09-28', 2, 91, 3570.00, '', 0.00, 'Purchasedetail', 339, 3570.00, 0, 0),
(759, '2015-09-29', 2, 68, 588.00, '', 0.00, 'Purchasedetail', 340, 588.00, 0, 0),
(760, '2015-09-29', 2, 419, 403.20, '', 0.00, 'Purchasedetail', 341, 403.20, 0, 0),
(761, '2015-09-29', 2, 71, 1000.00, '', 0.00, 'Purchasedetail', 342, 1000.00, 0, 0),
(762, '2015-09-29', 2, 295, 1300.00, '', 0.00, 'Purchasedetail', 343, 1300.00, 0, 0),
(763, '2015-09-29', 2, 73, 2316.45, '', 0.00, 'Purchasedetail', 344, 2316.45, 0, 0),
(764, '2015-10-06', 1, 320, 180.00, '', 0.00, 'Invoicedetail', 509, 180.00, 1, 0),
(765, '2015-10-06', 1, 324, 1200.00, '', 0.00, 'Invoicedetail', 510, 1200.00, 1, 0),
(766, '2015-10-06', 1, 271, 6000.00, '', 0.00, 'Invoicedetail', 511, 6000.00, 1, 0),
(767, '2015-10-06', 1, 367, 20.00, '', 0.00, 'Invoicedetail', 512, 20.00, 1, 0),
(768, '2015-09-29', 3, 420, 380.00, '', 0.00, 'Purchasedetail', 345, 380.00, 0, 0),
(769, '2015-09-29', 3, 421, 11.56, '', 0.00, 'Purchasedetail', 346, 11.56, 0, 0),
(770, '2015-09-29', 3, 422, 67.31, '', 0.00, 'Purchasedetail', 347, 67.31, 0, 0),
(772, '2015-09-30', 3, 424, 480.00, '', 0.00, 'Purchasedetail', 348, 480.00, 0, 0),
(773, '2015-09-30', 3, 423, 480.00, '', 0.00, 'Purchasedetail', 349, 480.00, 0, 0),
(774, '2015-09-30', 3, 425, 360.00, '', 0.00, 'Purchasedetail', 350, 360.00, 0, 0),
(775, '2015-09-30', 3, 420, 360.00, '', 0.00, 'Purchasedetail', 351, 360.00, 0, 0),
(776, '2015-09-30', 2, 209, 18.90, '', 0.00, 'Purchasedetail', 352, 18.90, 0, 0),
(777, '2015-09-30', 2, 191, 34.30, '', 0.00, 'Purchasedetail', 353, 34.30, 0, 0),
(778, '2015-09-30', 2, 174, 44.80, '', 0.00, 'Purchasedetail', 354, 44.80, 0, 0),
(779, '2015-09-29', 2, 304, 100.00, '', 0.00, 'Purchasedetail', 355, 100.00, 0, 0),
(780, '2015-09-29', 2, 380, 20.00, '', 0.00, 'Purchasedetail', 356, 20.00, 0, 0),
(781, '2015-09-29', 2, 381, 20.00, '', 0.00, 'Purchasedetail', 357, 20.00, 0, 0),
(782, '2015-10-26', 2, 415, 255.00, '', 0.00, 'Purchasedetail', 358, 255.00, 0, 0),
(783, '2015-10-26', 2, 412, 255.00, '', 0.00, 'Purchasedetail', 359, 255.00, 0, 0),
(784, '2015-10-26', 2, 413, 377.50, '', 0.00, 'Purchasedetail', 360, 377.50, 0, 0),
(785, '2015-10-26', 2, 414, 377.50, '', 0.00, 'Purchasedetail', 361, 377.50, 0, 0),
(786, '2015-10-26', 2, 426, 502.50, '', 0.00, 'Purchasedetail', 362, 502.50, 0, 0),
(787, '2015-10-26', 2, 427, 502.50, '', 0.00, 'Purchasedetail', 363, 502.50, 0, 0),
(788, '2015-10-26', 2, 428, 675.00, '', 0.00, 'Purchasedetail', 364, 675.00, 0, 0),
(789, '2015-10-03', 1, 332, 50.00, '', 0.00, 'Invoicedetail', 514, 50.00, 1, 0),
(790, '2015-10-06', 1, 332, 50.00, '', 0.00, 'Invoicedetail', 515, 50.00, 1, 0),
(791, '2015-10-08', 1, 256, 35.00, '', 0.00, 'Invoicedetail', 516, 35.00, 1, 0),
(792, '2015-10-08', 1, 3, 874.50, '', 0.00, 'Invoicedetail', 517, 874.50, 1, 0),
(793, '2015-10-09', 1, 299, 18.00, '', 0.00, 'Invoicedetail', 518, 18.00, 1, 0),
(794, '2015-10-09', 1, 218, 29.40, '', 0.00, 'Invoicedetail', 519, 29.40, 1, 0),
(795, '2015-10-09', 1, 299, 18.00, '', 0.00, 'Invoicedetail', 520, 18.00, 1, 0),
(796, '2015-10-09', 1, 299, 18.00, '', 0.00, 'Invoicedetail', 521, 18.00, 1, 0),
(797, '2015-10-09', 1, 296, -50.00, '', 0.00, 'Invoicedetail', 522, -50.00, 1, 0),
(798, '2015-10-09', 1, 82, 165.00, '', 0.00, 'Invoicedetail', 523, 165.00, 1, 0),
(799, '2015-10-09', 1, 70, 1800.00, '', 0.00, 'Invoicedetail', 524, 1800.00, 1, 0),
(800, '2015-10-09', 1, 211, 79.50, '', 0.00, 'Invoicedetail', 527, 79.50, 1, 0),
(801, '2015-10-09', 1, 56, 7.00, '', 0.00, 'Invoicedetail', 528, 7.00, 1, 0),
(802, '2015-10-03', 2, 431, 0.00, '', 0.00, 'Purchasedetail', 365, 0.00, 0, 0),
(803, '2015-10-03', 2, 432, 0.00, '', 0.00, 'Purchasedetail', 366, 0.00, 0, 0),
(804, '2015-10-03', 2, 153, 0.00, '', 0.00, 'Purchasedetail', 367, 0.00, 0, 0),
(805, '2015-10-03', 2, 433, 0.00, '', 0.00, 'Purchasedetail', 368, 0.00, 0, 0),
(806, '2015-10-09', 1, 32, 16200.00, '', 200.00, 'Invoicedetail', 529, 16000.00, 1, 0),
(807, '2015-10-09', 1, 126, 12500.00, '', 0.00, 'Invoicedetail', 531, 12500.00, 1, 0),
(808, '2015-10-09', 1, 332, 65.00, '', 0.00, 'Invoicedetail', 532, 65.00, 1, 0),
(809, '2015-08-28', 3, 434, 95.00, '', 0.00, 'Purchasedetail', 369, 95.00, 0, 0),
(810, '2015-08-28', 3, 436, 95.00, '', 0.00, 'Purchasedetail', 370, 95.00, 0, 0),
(811, '2015-08-28', 3, 435, 110.00, '', 0.00, 'Purchasedetail', 371, 110.00, 0, 0),
(812, '2015-08-28', 3, 437, 110.00, '', 0.00, 'Purchasedetail', 372, 110.00, 0, 0),
(813, '2015-10-09', 1, 256, 35.00, '', 0.00, 'Invoicedetail', 534, 35.00, 1, 0),
(814, '2015-10-09', 1, 381, 75.00, '', 0.00, 'Invoicedetail', 535, 75.00, 1, 0),
(815, '2015-10-09', 1, 380, 75.00, '', 0.00, 'Invoicedetail', 536, 75.00, 1, 0),
(816, '2015-08-28', 3, 438, 232.50, '', 0.00, 'Purchasedetail', 373, 232.50, 0, 0),
(817, '2015-08-28', 3, 439, 232.50, '', 0.00, 'Purchasedetail', 374, 232.50, 0, 0),
(818, '2015-08-28', 3, 440, 322.50, '', 0.00, 'Purchasedetail', 375, 322.50, 0, 0),
(819, '2015-08-28', 3, 443, 322.50, '', 0.00, 'Purchasedetail', 376, 322.50, 0, 0),
(820, '2015-08-28', 3, 441, 487.50, '', 0.00, 'Purchasedetail', 377, 487.50, 0, 0),
(821, '2015-08-28', 3, 444, 487.50, '', 0.00, 'Purchasedetail', 378, 487.50, 0, 0),
(822, '2015-08-28', 3, 442, 637.50, '', 0.00, 'Purchasedetail', 379, 637.50, 0, 0),
(823, '2015-08-28', 3, 445, 637.50, '', 0.00, 'Purchasedetail', 380, 637.50, 0, 0),
(824, '2015-08-28', 3, 446, 690.00, '', 0.00, 'Purchasedetail', 381, 690.00, 0, 0),
(825, '2015-08-28', 3, 447, 690.00, '', 0.00, 'Purchasedetail', 382, 690.00, 0, 0),
(826, '2015-08-28', 3, 404, 180.00, '', 0.00, 'Purchasedetail', 383, 180.00, 0, 0),
(827, '2015-08-28', 3, 405, 180.00, '', 0.00, 'Purchasedetail', 384, 180.00, 0, 0),
(828, '2015-08-28', 3, 406, 300.00, '', 0.00, 'Purchasedetail', 385, 300.00, 0, 0),
(829, '2015-08-28', 3, 407, 300.00, '', 0.00, 'Purchasedetail', 386, 300.00, 0, 0),
(830, '2015-08-28', 3, 408, 420.00, '', 0.00, 'Purchasedetail', 387, 420.00, 0, 0),
(831, '2015-08-28', 3, 409, 420.00, '', 0.00, 'Purchasedetail', 388, 420.00, 0, 0),
(832, '2015-08-28', 3, 411, 600.00, '', 0.00, 'Purchasedetail', 389, 600.00, 0, 0),
(833, '2015-08-28', 3, 410, 600.00, '', 0.00, 'Purchasedetail', 390, 600.00, 0, 0),
(834, '2015-08-28', 3, 384, 300.00, '', 0.00, 'Purchasedetail', 391, 300.00, 0, 0),
(835, '2015-08-28', 3, 387, 300.00, '', 0.00, 'Purchasedetail', 392, 300.00, 0, 0),
(836, '2015-08-28', 3, 386, 600.00, '', 0.00, 'Purchasedetail', 393, 600.00, 0, 0),
(837, '2015-08-28', 3, 391, 300.00, '', 0.00, 'Purchasedetail', 394, 300.00, 0, 0),
(838, '2015-08-28', 3, 390, 300.00, '', 0.00, 'Purchasedetail', 395, 300.00, 0, 0),
(839, '2015-08-28', 3, 391, 300.00, '', 0.00, 'Purchasedetail', 396, 300.00, 0, 0),
(840, '2015-08-28', 3, 393, 600.00, '', 0.00, 'Purchasedetail', 397, 600.00, 0, 0),
(841, '2015-08-28', 3, 392, 600.00, '', 0.00, 'Purchasedetail', 398, 600.00, 0, 0),
(842, '2015-08-28', 3, 395, 720.00, '', 0.00, 'Purchasedetail', 399, 720.00, 0, 0),
(843, '2015-08-28', 3, 394, 720.00, '', 0.00, 'Purchasedetail', 400, 720.00, 0, 0),
(844, '2015-08-28', 3, 384, 300.00, '', 0.00, 'Purchasedetail', 401, 300.00, 0, 0),
(845, '2015-08-28', 3, 385, 300.00, '', 0.00, 'Purchasedetail', 402, 300.00, 0, 0),
(846, '2015-08-28', 3, 386, 600.00, '', 0.00, 'Purchasedetail', 403, 600.00, 0, 0),
(847, '2015-08-28', 3, 387, 600.00, '', 0.00, 'Purchasedetail', 404, 600.00, 0, 0),
(848, '2015-08-28', 3, 388, 720.00, '', 0.00, 'Purchasedetail', 405, 720.00, 0, 0),
(849, '2015-08-28', 3, 389, 720.00, '', 0.00, 'Purchasedetail', 406, 720.00, 0, 0),
(850, '2015-10-10', 1, 54, 8500.00, '', 0.00, 'Invoicedetail', 537, 8500.00, 1, 0),
(851, '2015-10-10', 1, 6, 5500.00, '', 0.00, 'Invoicedetail', 538, 5500.00, 1, 0),
(852, '2015-10-12', 1, 6, 6000.00, '', 0.00, 'Invoicedetail', 539, 6000.00, 1, 0),
(853, '2015-10-12', 1, 6, 5800.00, '', 0.00, 'Invoicedetail', 540, 5800.00, 1, 0),
(854, '2015-10-12', 1, 296, 276.00, '', 0.00, 'Invoicedetail', 541, 276.00, 1, 0),
(855, '2015-10-12', 1, 250, 7800.00, '', 0.00, 'Invoicedetail', 543, 7800.00, 1, 0),
(856, '2015-10-13', 1, 384, 390.00, '', 0.00, 'Invoicedetail', 544, 390.00, 1, 1),
(857, '2015-10-13', 1, 402, 780.00, '', 0.00, 'Invoicedetail', 545, 780.00, 1, 1),
(858, '2015-10-13', 1, 397, 234.00, '', 0.00, 'Invoicedetail', 546, 234.00, 1, 0),
(859, '2015-10-13', 1, 402, 780.00, '', 0.00, 'Invoicedetail', 547, 780.00, 1, 0),
(860, '2015-10-03', 1, 397, 234.00, '', 0.00, 'Invoicedetail', 548, 234.00, 1, 0),
(861, '2015-10-14', 1, 313, 390.00, '', 0.00, 'Invoicedetail', 549, 390.00, 1, 0),
(862, '2015-10-14', 1, 153, 11800.00, '', -22414.00, 'Invoicedetail', 550, 34214.00, 1, 0),
(866, '2015-10-14', 1, 450, 202.75, '', 0.00, 'Invoicedetail', 554, 202.75, 1, 0),
(867, '2015-10-14', 1, 451, 202.75, '', 0.00, 'Invoicedetail', 555, 202.75, 1, 0),
(868, '2015-10-14', 1, 296, -0.25, '', 275.75, 'Invoicedetail', 556, -276.00, 1, 0),
(869, '2015-10-14', 1, 360, 29.48, '', 0.00, 'Invoicedetail', 557, 29.48, 1, 0),
(870, '2015-10-14', 1, 362, 21.19, '', 0.00, 'Invoicedetail', 558, 21.19, 1, 0),
(871, '2015-10-14', 1, 453, 0.00, '', 0.00, 'Invoicedetail', 559, 0.00, 1, 0),
(872, '2015-10-14', 1, 376, 10.14, '', 0.00, 'Invoicedetail', 560, 10.14, 1, 0),
(873, '2015-10-14', 1, 363, 11.99, '', 1.01, 'Invoicedetail', 561, 10.98, 1, 0),
(874, '2015-10-14', 1, 376, 22.12, '', 0.00, 'Invoicedetail', 562, 22.12, 1, 0),
(875, '2015-10-14', 1, 361, 449.69, '', 38.31, 'Invoicedetail', 564, 411.38, 1, 0),
(876, '2015-10-14', 1, 296, -0.99, '', 0.00, 'Invoicedetail', 565, -0.99, 1, 0),
(877, '2015-10-14', 1, 349, 11.00, '', 0.00, 'Invoicedetail', 566, 11.00, 1, 0),
(878, '2015-10-14', 1, 348, 8.00, '', 0.00, 'Invoicedetail', 567, 8.00, 1, 0),
(879, '2015-10-14', 1, 352, 5.00, '', 0.00, 'Invoicedetail', 568, 5.00, 1, 0),
(880, '2015-10-14', 1, 350, 88.00, '', 0.00, 'Invoicedetail', 569, 88.00, 1, 0),
(881, '2015-10-14', 1, 474, 123.00, '', 0.00, 'Invoicedetail', 570, 123.00, 1, 0),
(882, '2015-10-14', 1, 476, 85.00, '', 0.00, 'Invoicedetail', 571, 85.00, 1, 0),
(883, '2015-10-14', 1, 296, -246.58, '', 0.00, 'Invoicedetail', 572, -246.58, 1, 0),
(884, '2015-10-14', 1, 459, 0.00, '', 0.00, 'Invoicedetail', 573, 0.00, 1, 0),
(885, '2015-10-14', 1, 470, 0.00, '', 0.00, 'Invoicedetail', 574, 0.00, 1, 0),
(886, '2015-10-14', 1, 455, 0.00, '', 0.00, 'Invoicedetail', 575, 0.00, 1, 0),
(887, '2015-10-14', 1, 472, 0.00, '', 0.00, 'Invoicedetail', 578, 0.00, 1, 0),
(888, '2015-10-14', 1, 478, 11.00, '', 0.00, 'Invoicedetail', 579, 11.00, 1, 0),
(889, '2015-10-14', 1, 480, 20.00, '', 0.00, 'Invoicedetail', 583, 20.00, 1, 0),
(890, '2015-10-14', 1, 478, 11.00, '', 0.00, 'Invoicedetail', 586, 11.00, 1, 0),
(891, '2015-10-14', 1, 473, 86.00, '', 0.00, 'Invoicedetail', 587, 86.00, 1, 0),
(892, '2015-10-14', 1, 467, 488.00, '', 0.00, 'Invoicedetail', 588, 488.00, 1, 0),
(893, '2015-10-14', 1, 296, -494.48, '', 0.00, 'Invoicedetail', 589, -494.48, 1, 0),
(894, '2015-10-14', 1, 469, 11.00, '', 0.00, 'Invoicedetail', 590, 11.00, 1, 0),
(895, '2015-10-14', 1, 454, 0.00, '', 0.00, 'Invoicedetail', 591, 0.00, 1, 0),
(896, '2015-10-14', 1, 452, 5.00, '', 0.00, 'Invoicedetail', 593, 5.00, 1, 0),
(897, '2015-10-14', 1, 457, 88.00, '', 0.00, 'Invoicedetail', 594, 88.00, 1, 0),
(898, '2015-10-14', 1, 475, 123.00, '', 0.00, 'Invoicedetail', 595, 123.00, 1, 0),
(899, '2015-10-14', 1, 477, 85.00, '', 0.00, 'Invoicedetail', 596, 85.00, 1, 0),
(900, '2015-10-14', 1, 296, -445.96, '', 0.00, 'Invoicedetail', 597, -445.96, 1, 0),
(901, '2015-10-15', 1, 153, 12393.00, '', 0.00, 'Invoicedetail', 599, 12393.00, 1, 0),
(902, '2015-10-16', 1, 193, 105.00, '', 0.00, 'Invoicedetail', 600, 105.00, 1, 0),
(903, '2015-10-16', 1, 175, 79.80, '', 0.00, 'Invoicedetail', 601, 79.80, 1, 0),
(904, '2015-10-16', 1, 140, 24.85, '', 0.00, 'Invoicedetail', 602, 24.85, 1, 0),
(905, '2015-10-16', 1, 212, 186.00, '', 0.00, 'Invoicedetail', 603, 186.00, 1, 0),
(906, '2015-10-16', 1, 309, 45.00, '', 0.00, 'Invoicedetail', 604, 45.00, 1, 0),
(907, '2015-10-16', 1, 271, 6300.00, '', 0.00, 'Invoicedetail', 605, 6300.00, 1, 0),
(908, '2015-10-16', 1, 62, 227.18, '', 0.00, 'Invoicedetail', 606, 227.18, 1, 0),
(909, '2015-10-16', 1, 304, 350.00, '', 0.00, 'Invoicedetail', 607, 350.00, 1, 0),
(910, '2015-10-16', 1, 483, 700.00, '', 0.00, 'Invoicedetail', 608, 700.00, 1, 0),
(911, '2015-10-16', 1, 299, 18.00, '', 0.00, 'Invoicedetail', 609, 18.00, 1, 0),
(912, '2015-09-28', 1, 414, 408.50, '', 0.00, 'Invoicedetail', 610, 408.50, 1, 0),
(913, '2015-10-26', 2, 397, 180.00, '', 0.00, 'Purchasedetail', 407, 180.00, 0, 0),
(914, '2015-10-26', 2, 417, 180.00, '', 0.00, 'Purchasedetail', 408, 180.00, 0, 0),
(915, '2015-10-26', 2, 396, 180.00, '', 0.00, 'Purchasedetail', 409, 180.00, 0, 0),
(916, '2015-10-26', 2, 399, 300.00, '', 0.00, 'Purchasedetail', 410, 300.00, 0, 0),
(917, '2015-10-26', 2, 398, 300.00, '', 0.00, 'Purchasedetail', 411, 300.00, 0, 0),
(918, '2015-10-26', 2, 401, 420.00, '', 0.00, 'Purchasedetail', 412, 420.00, 0, 0),
(919, '2015-10-26', 2, 400, 420.00, '', 0.00, 'Purchasedetail', 413, 420.00, 0, 0),
(920, '2015-10-26', 2, 402, 600.00, '', 0.00, 'Purchasedetail', 414, 600.00, 0, 0),
(921, '2015-10-26', 2, 403, 600.00, '', 0.00, 'Purchasedetail', 415, 600.00, 0, 0),
(922, '0000-00-00', 1, 472, 15.96, '', 0.00, 'Purchasedetail', 418, 15.96, 0, 0),
(923, '0000-00-00', 1, 360, 21.28, '', 0.00, 'Purchasedetail', 416, 21.28, 0, 0),
(924, '0000-00-00', 1, 362, 15.30, '', 0.00, 'Purchasedetail', 417, 15.30, 0, 0),
(925, '0000-00-00', 1, 363, 8.65, '', 0.00, 'Purchasedetail', 419, 8.65, 0, 0),
(926, '0000-00-00', 1, 467, 324.52, '', 0.00, 'Purchasedetail', 422, 324.52, 0, 0),
(927, '0000-00-00', 1, 473, 57.19, '', 0.00, 'Purchasedetail', 421, 57.19, 0, 0),
(928, '0000-00-00', 1, 478, 7.30, '', 0.00, 'Purchasedetail', 420, 7.30, 0, 0),
(929, '0000-00-00', 1, 453, 8.65, '', 0.00, 'Purchasedetail', 424, 8.65, 0, 0),
(930, '2015-10-19', 1, 433, 2900.00, '', 0.00, 'Invoicedetail', 611, 2900.00, 1, 0),
(931, '2015-10-19', 1, 56, 7.00, '', 0.00, 'Invoicedetail', 612, 7.00, 1, 0),
(932, '2015-10-19', 1, 367, 20.00, '', 0.00, 'Invoicedetail', 613, 20.00, 1, 0),
(933, '2015-10-20', 1, 52, 8000.00, '', 0.00, 'Invoicedetail', 616, 8000.00, 1, 0),
(934, '2015-10-21', 1, 3, 874.50, '', 0.00, 'Invoicedetail', 617, 874.50, 1, 0),
(935, '2015-10-14', 1, 479, 11.00, '', 0.00, 'Invoicedetail', 618, 11.00, 1, 0),
(936, '2015-10-14', 1, 479, 10.14, '', 0.00, 'Invoicedetail', 619, 10.14, 1, 0),
(937, '2015-10-21', 1, 484, 19800.00, '', 0.00, 'Invoicedetail', 620, 19800.00, 1, 0),
(938, '2015-10-22', 1, 73, 3000.00, '', 0.00, 'Invoicedetail', 621, 3000.00, 1, 0),
(939, '2015-10-22', 1, 304, 350.00, '', 0.00, 'Invoicedetail', 623, 350.00, 1, 0),
(940, '2015-10-15', 1, 431, 12227.00, '', 0.00, 'Invoicedetail', 624, 12227.00, 1, 1),
(941, '2015-10-23', 1, 324, 600.00, '', 0.00, 'Invoicedetail', 625, 600.00, 1, 0),
(942, '2015-10-23', 1, 383, 3000.00, '', 0.00, 'Invoicedetail', 626, 3000.00, 1, 1),
(943, '2015-10-23', 1, 383, 2500.00, '', 0.00, 'Invoicedetail', 627, 2500.00, 1, 0),
(944, '2015-10-23', 1, 304, 350.00, '', 0.00, 'Invoicedetail', 628, 350.00, 1, 0),
(945, '2015-10-23', 1, 304, 350.00, '', 0.00, 'Invoicedetail', 629, 350.00, 1, 0),
(946, '2015-10-24', 1, 6, 5800.00, '', 0.00, 'Invoicedetail', 630, 5800.00, 1, 0),
(947, '2015-10-24', 1, 33, 18400.00, '', 0.00, 'Invoicedetail', 631, 18400.00, 1, 0),
(948, '2015-10-26', 1, 381, 75.00, '', 0.00, 'Invoicedetail', 632, 75.00, 1, 0),
(949, '2015-10-26', 1, 380, 75.00, '', 0.00, 'Invoicedetail', 633, 75.00, 1, 0),
(950, '2015-10-26', 1, 485, 5500.00, '', 0.00, 'Invoicedetail', 634, 5500.00, 1, 0),
(951, '2015-10-27', 1, 406, 390.00, '', 0.00, 'Invoicedetail', 635, 390.00, 1, 0),
(952, '2015-10-27', 1, 288, 2700.00, '', 0.00, 'Invoicedetail', 636, 2700.00, 1, 0),
(953, '2015-10-15', 1, 52, 7200.00, '', 0.00, 'Invoicedetail', 637, 7200.00, 1, 1),
(954, '2015-10-09', 1, 52, 7500.00, '', 0.00, 'Invoicedetail', 638, 7500.00, 1, 0),
(955, '2015-10-09', 1, 296, -260.00, '', 546.00, 'Invoicedetail', 643, -806.00, 1, 0),
(956, '2015-10-27', 1, 173, 52.50, '', 0.00, 'Invoicedetail', 644, 52.50, 1, 0),
(957, '2015-10-27', 1, 367, 20.00, '', 0.00, 'Invoicedetail', 645, 20.00, 1, 0),
(958, '2015-10-27', 1, 15, 8000.00, '', 0.00, 'Invoicedetail', 646, 8000.00, 1, 0),
(959, '2015-10-27', 1, 328, 260.00, '', 0.00, 'Invoicedetail', 647, 260.00, 1, 0),
(960, '2015-10-10', 1, 10, 3000.00, '', 0.00, 'Invoicedetail', 648, 3000.00, 1, 0),
(961, '2015-10-10', 1, 383, 3000.00, '', 0.00, 'Invoicedetail', 649, 3000.00, 1, 0),
(962, '2015-10-10', 1, 296, -500.00, '', 776.00, 'Invoicedetail', 650, -1276.00, 1, 0),
(963, '2015-10-24', 1, 383, 2900.00, '', 0.00, 'Invoicedetail', 651, 2900.00, 1, 0),
(964, '2015-10-24', 1, 10, 2900.00, '', 0.00, 'Invoicedetail', 652, 2900.00, 1, 0),
(965, '2015-10-12', 1, 383, 2900.00, '', 0.00, 'Invoicedetail', 653, 2900.00, 1, 0),
(966, '2015-10-12', 1, 10, 2900.00, '', 0.00, 'Invoicedetail', 654, 2900.00, 1, 0),
(967, '2015-10-28', 1, 29, 7300.00, '', 0.00, 'Invoicedetail', 655, 7300.00, 1, 0),
(968, '2015-10-01', 1, 19, 4000.00, '', 0.00, 'Invoicedetail', 656, 4000.00, 1, 0),
(969, '2015-10-29', 1, 173, 52.50, '', 0.00, 'Invoicedetail', 657, 52.50, 1, 0),
(970, '2015-10-29', 1, 406, 380.00, '', 0.00, 'Invoicedetail', 659, 380.00, 1, 0),
(971, '2015-10-29', 1, 399, 380.00, '', 0.00, 'Invoicedetail', 660, 380.00, 1, 0),
(972, '2015-10-29', 1, 3, 874.50, '', 0.00, 'Invoicedetail', 661, 874.50, 1, 0),
(973, '2015-10-29', 1, 66, 227.18, '', 0.00, 'Invoicedetail', 662, 227.18, 1, 0),
(974, '2015-10-29', 1, 5, 152.10, '', 0.00, 'Invoicedetail', 663, 152.10, 1, 0),
(975, '2015-10-29', 1, 431, 12227.00, '', 0.00, 'Invoicedetail', 664, 12227.00, 1, 1),
(976, '2015-10-29', 1, 52, 7200.00, '', 0.00, 'Invoicedetail', 665, 7200.00, 1, 1),
(977, '2015-10-29', 1, 383, 2900.00, '', 0.00, 'Invoicedetail', 666, 2900.00, 1, 0),
(978, '2015-11-02', 1, 304, 350.00, '', 0.00, 'Invoicedetail', 669, 350.00, 1, 0),
(979, '2015-11-02', 1, 328, 260.00, '', 0.00, 'Invoicedetail', 670, 260.00, 1, 0),
(980, '2015-11-02', 1, 328, 2500.00, '', 0.00, 'Invoicedetail', 671, 2500.00, 1, 0),
(981, '2015-11-02', 1, 299, 18.00, '', 0.00, 'Invoicedetail', 672, 18.00, 1, 0),
(982, '2015-11-02', 1, 299, 18.00, '', 0.00, 'Invoicedetail', 673, 18.00, 1, 0),
(983, '2015-11-02', 1, 173, 52.50, '', 0.00, 'Invoicedetail', 674, 52.50, 1, 0),
(984, '2015-11-02', 1, 300, 54.00, '', 0.00, 'Invoicedetail', 675, 54.00, 1, 0),
(985, '2015-11-02', 1, 56, 7.00, '', 0.00, 'Invoicedetail', 677, 7.00, 1, 0),
(986, '2015-11-04', 1, 56, 7.00, '', 0.00, 'Invoicedetail', 681, 7.00, 1, 0),
(987, '2015-11-04', 1, 494, 28000.00, '', 0.00, 'Invoicedetail', 682, 28000.00, 1, 0),
(988, '2015-11-04', 1, 490, 12500.00, '', -12500.00, 'Invoicedetail', 683, 25000.00, 1, 0),
(989, '2015-11-04', 1, 492, 5000.00, '', -110000.00, 'Invoicedetail', 684, 115000.00, 1, 0),
(990, '2015-11-04', 1, 491, 6800.00, '', 0.00, 'Invoicedetail', 685, 6800.00, 1, 0),
(991, '2015-11-04', 1, 493, 420.00, '', 0.00, 'Invoicedetail', 686, 420.00, 1, 0),
(992, '2015-11-04', 1, 41, 1000.00, '', 0.00, 'Invoicedetail', 687, 1000.00, 1, 0),
(993, '2015-11-05', 1, 56, 7.00, '', 0.00, 'Invoicedetail', 688, 7.00, 1, 0),
(994, '2015-11-05', 1, 291, 10890.00, '', 0.00, 'Invoicedetail', 689, 10890.00, 1, 0),
(995, '2015-11-05', 1, 257, 32.40, '', 0.00, 'Invoicedetail', 690, 32.40, 1, 0),
(996, '2015-11-05', 1, 69, 10000.00, '', 0.00, 'Invoicedetail', 691, 10000.00, 1, 0),
(997, '2015-11-06', 1, 495, 0.00, '', 0.00, 'Invoicedetail', 692, 0.00, 1, 0),
(998, '2015-11-06', 1, 56, 7.00, '', 0.00, 'Invoicedetail', 694, 7.00, 1, 0),
(999, '2015-11-06', 1, 304, 350.00, '', 0.00, 'Invoicedetail', 695, 350.00, 1, 0),
(1000, '2015-11-06', 1, 397, 234.00, '', 0.00, 'Invoicedetail', 696, 234.00, 1, 0),
(1001, '2015-11-07', 1, 332, 65.00, '', 0.00, 'Invoicedetail', 697, 65.00, 1, 0),
(1002, '2015-11-07', 1, 325, 1200.00, '', 0.00, 'Invoicedetail', 698, 1200.00, 1, 0),
(1003, '2015-11-07', 1, 53, 6885.00, '', 0.00, 'Invoicedetail', 700, 6885.00, 1, 0),
(1004, '2015-11-07', 1, 271, 6300.00, '', 0.00, 'Invoicedetail', 701, 6300.00, 1, 1),
(1005, '2015-11-07', 1, 271, 6300.00, '', 0.00, 'Invoicedetail', 702, 6300.00, 1, 0),
(1006, '2015-11-07', 1, 52, 7800.00, '', 0.00, 'Invoicedetail', 703, 7800.00, 1, 0),
(1007, '2015-11-07', 1, 192, 75.60, '', 0.00, 'Invoicedetail', 704, 75.60, 1, 0),
(1008, '2015-11-07', 1, 41, 1000.00, '', 0.00, 'Invoicedetail', 705, 1000.00, 1, 0),
(1009, '2015-11-07', 1, 139, 18.79, '', 0.00, 'Invoicedetail', 706, 18.79, 1, 0),
(1010, '2015-11-09', 1, 6, 5800.00, '', 0.00, 'Invoicedetail', 707, 5800.00, 1, 0),
(1011, '2015-11-09', 1, 16, 2100.00, '', 0.00, 'Invoicedetail', 708, 2100.00, 1, 0),
(1012, '2015-11-09', 1, 304, 350.00, '', 0.00, 'Invoicedetail', 709, 350.00, 1, 0),
(1013, '2015-11-09', 1, 56, 7.00, '', 0.00, 'Invoicedetail', 710, 7.00, 1, 0),
(1014, '2015-11-09', 1, 420, 470.00, '', 0.00, 'Invoicedetail', 711, 470.00, 1, 0),
(1015, '2015-11-09', 1, 383, 3000.00, '', 0.00, 'Invoicedetail', 712, 3000.00, 1, 0),
(1016, '2015-11-09', 1, 10, 3000.00, '', 0.00, 'Invoicedetail', 713, 3000.00, 1, 0),
(1017, '2015-11-09', 1, 22, 250.00, '', 0.00, 'Invoicedetail', 714, 250.00, 1, 0),
(1018, '2015-11-09', 1, 296, -450.00, '', 0.00, 'Invoicedetail', 715, -450.00, 1, 0),
(1019, '2015-10-12', 1, 22, 200.00, '', 0.00, 'Invoicedetail', 716, 200.00, 1, 0),
(1020, '2015-10-12', 1, 296, -200.00, '', 0.00, 'Invoicedetail', 717, -200.00, 1, 0),
(1021, '2015-11-09', 1, 328, 250.00, '', 0.00, 'Invoicedetail', 718, 250.00, 1, 0),
(1022, '2015-11-09', 1, 18, 2900.00, '', 0.00, 'Invoicedetail', 719, 2900.00, 1, 0),
(1023, '2015-11-09', 1, 332, 65.00, '', 0.00, 'Invoicedetail', 720, 65.00, 1, 0),
(1024, '2015-11-09', 1, 173, 52.50, '', 0.00, 'Invoicedetail', 721, 52.50, 1, 0),
(1025, '2015-11-09', 1, 174, 67.20, '', 0.00, 'Invoicedetail', 722, 67.20, 1, 0),
(1026, '2015-11-09', 1, 292, 2497.50, '', 0.00, 'Invoicedetail', 723, 2497.50, 1, 0),
(1027, '2015-11-09', 1, 92, 4996.98, '', 0.00, 'Invoicedetail', 724, 4996.98, 1, 0),
(1028, '2015-11-10', 1, 332, 65.00, '', 0.00, 'Invoicedetail', 725, 65.00, 1, 0),
(1029, '2015-11-10', 1, 291, 10890.00, '', 0.00, 'Invoicedetail', 726, 10890.00, 1, 0),
(1030, '2015-11-11', 1, 271, 6500.00, '', 0.00, 'Invoicedetail', 727, 6500.00, 1, 0),
(1031, '2015-11-11', 1, 497, 195.00, '', -19300.00, 'Invoicedetail', 729, 19495.00, 1, 0),
(1032, '2015-11-12', 1, 256, 35.00, '', 0.00, 'Invoicedetail', 730, 35.00, 1, 0),
(1033, '2015-11-12', 1, 356, 6000.00, '', 0.00, 'Invoicedetail', 731, 6000.00, 1, 0),
(1034, '2015-11-14', 1, 256, 35.00, '', 0.00, 'Invoicedetail', 732, 35.00, 1, 0),
(1035, '2015-11-14', 1, 381, 75.00, '', 0.00, 'Invoicedetail', 733, 75.00, 1, 0),
(1036, '2015-11-14', 1, 380, 75.00, '', 0.00, 'Invoicedetail', 734, 75.00, 1, 0),
(1037, '2015-11-14', 1, 192, 75.60, '', 0.00, 'Invoicedetail', 735, 75.60, 1, 0),
(1038, '2015-11-14', 1, 500, 14520.00, '', 0.00, 'Invoicedetail', 736, 14520.00, 1, 0),
(1039, '2015-11-14', 1, 501, 2300.00, '', 0.00, 'Invoicedetail', 737, 2300.00, 1, 0),
(1040, '2015-11-14', 1, 499, 1400.00, '', 0.00, 'Invoicedetail', 738, 1400.00, 1, 0),
(1041, '2015-11-14', 1, 256, 35.00, '', 0.00, 'Invoicedetail', 739, 35.00, 1, 0),
(1042, '2015-11-14', 1, 381, 75.00, '', 0.00, 'Invoicedetail', 740, 75.00, 1, 0),
(1043, '2015-11-14', 1, 380, 75.00, '', 0.00, 'Invoicedetail', 741, 75.00, 1, 0),
(1044, '2015-11-14', 1, 193, 105.00, '', 0.00, 'Invoicedetail', 742, 105.00, 1, 0),
(1045, '2015-11-14', 1, 19, 2152.64, '', 2437.36, 'Invoicedetail', 743, -284.72, 1, 0),
(1046, '2015-11-14', 1, 296, 1982.64, '', 0.00, 'Invoicedetail', 747, 1982.64, 1, 0),
(1047, '2015-11-14', 1, 18, 2900.00, '', 2152.64, 'Invoicedetail', 749, 747.36, 1, 0),
(1048, '2015-11-14', 1, 296, -747.36, '', 0.00, 'Invoicedetail', 750, -747.36, 1, 0),
(1049, '2015-11-14', 1, 256, 35.00, '', 0.00, 'Invoicedetail', 751, 35.00, 1, 0),
(1050, '2015-11-14', 1, 381, 75.00, '', 0.00, 'Invoicedetail', 752, 75.00, 1, 0),
(1051, '2015-11-14', 1, 380, 75.00, '', 0.00, 'Invoicedetail', 753, 75.00, 1, 0),
(1052, '2015-11-14', 1, 304, 350.00, '', 0.00, 'Invoicedetail', 754, 350.00, 1, 0),
(1053, '2015-11-14', 1, 383, 2800.00, '', 0.00, 'Invoicedetail', 755, 2800.00, 1, 0),
(1054, '2015-11-14', 1, 10, 3000.00, '', 0.00, 'Invoicedetail', 756, 3000.00, 1, 0),
(1055, '2015-11-14', 1, 486, 1910.52, '', 0.00, 'Invoicedetail', 757, 1910.52, 1, 0),
(1056, '2015-11-14', 1, 487, 2802.56, '', 0.00, 'Invoicedetail', 758, 2802.56, 1, 0),
(1057, '2015-11-14', 1, 58, 214.50, '', 0.00, 'Invoicedetail', 760, 214.50, 1, 0),
(1058, '2015-11-16', 1, 3, 874.50, '', 0.00, 'Invoicedetail', 761, 874.50, 1, 0),
(1059, '2015-11-16', 1, 332, 65.00, '', 0.00, 'Invoicedetail', 762, 65.00, 1, 0),
(1060, '2015-11-16', 1, 272, 11500.00, '', 0.00, 'Invoicedetail', 763, 11500.00, 1, 0),
(1061, '2015-11-16', 1, 52, 8000.00, '', 0.00, 'Invoicedetail', 764, 8000.00, 1, 0),
(1062, '2015-11-16', 1, 2, 768.00, '', 0.00, 'Invoicedetail', 767, 768.00, 1, 0),
(1063, '2015-11-16', 1, 311, 35.00, '', 0.00, 'Invoicedetail', 768, 35.00, 1, 0),
(1064, '2015-11-16', 1, 192, 75.60, '', 0.00, 'Invoicedetail', 769, 75.60, 1, 0),
(1065, '2015-11-16', 1, 228, 75.00, '', 0.00, 'Invoicedetail', 770, 75.00, 1, 0),
(1066, '2015-11-16', 1, 210, 55.50, '', 0.00, 'Invoicedetail', 771, 55.50, 1, 0),
(1067, '2015-11-16', 1, 219, 43.05, '', 0.00, 'Invoicedetail', 772, 43.05, 1, 0),
(1068, '2015-11-16', 1, 296, 200.00, '', 0.00, 'Invoicedetail', 773, 200.00, 1, 0),
(1069, '2015-11-16', 1, 324, 2500.00, '', 0.00, 'Invoicedetail', 774, 2500.00, 1, 0),
(1070, '2015-11-17', 1, 18, 2900.00, '', 0.00, 'Invoicedetail', 775, 2900.00, 1, 1),
(1071, '2015-11-17', 1, 73, 3000.00, '', 0.00, 'Invoicedetail', 776, 3000.00, 1, 1),
(1072, '2015-11-17', 1, 296, -262.64, '', 0.00, 'Invoicedetail', 780, -262.64, 1, 1),
(1073, '2015-11-17', 1, 73, 3000.00, '', 0.00, 'Invoicedetail', 782, 3000.00, 1, 0),
(1074, '2015-11-17', 1, 296, -162.64, '', 0.00, 'Invoicedetail', 786, -162.64, 1, 0),
(1075, '2015-11-14', 1, 22, 0.00, '', 0.00, 'Invoicedetail', 787, 0.00, 1, 0),
(1076, '2015-11-18', 1, 19, 4590.00, '', 0.00, 'Invoicedetail', 791, 4590.00, 1, 0),
(1077, '2015-11-18', 1, 257, 32.40, '', 0.00, 'Invoicedetail', 792, 32.40, 1, 0),
(1078, '2015-10-30', 1, 68, 0.00, '', 0.00, 'Invoicedetail', 793, 0.00, 1, 0),
(1079, '2015-11-18', 1, 383, 2800.00, '', 0.00, 'Invoicedetail', 794, 2800.00, 1, 0),
(1080, '2015-11-18', 1, 10, 3000.00, '', 0.00, 'Invoicedetail', 795, 3000.00, 1, 0),
(1081, '2015-11-18', 1, 381, 75.00, '', 0.00, 'Invoicedetail', 797, 75.00, 1, 0),
(1082, '2015-11-18', 1, 380, 75.00, '', 0.00, 'Invoicedetail', 798, 75.00, 1, 0),
(1083, '2015-11-18', 1, 256, 35.00, '', 0.00, 'Invoicedetail', 799, 35.00, 1, 0),
(1084, '2015-11-19', 1, 53, 6885.00, '', 0.00, 'Invoicedetail', 800, 6885.00, 1, 0),
(1085, '2015-11-19', 1, 507, 58.00, '', 0.00, 'Invoicedetail', 801, 58.00, 1, 0),
(1086, '2015-11-19', 1, 82, 165.00, '', 0.00, 'Invoicedetail', 802, 165.00, 1, 0),
(1087, '2015-11-19', 1, 56, 7.00, '', 0.00, 'Invoicedetail', 803, 7.00, 1, 0),
(1088, '2015-11-19', 1, 508, 500.00, '', 0.00, 'Invoicedetail', 805, 500.00, 1, 0),
(1089, '2015-11-19', 1, 509, 47.00, '', 0.00, 'Invoicedetail', 806, 47.00, 1, 0),
(1090, '2015-11-19', 1, 511, 47.00, '', 0.00, 'Invoicedetail', 807, 47.00, 1, 0),
(1091, '2015-11-19', 1, 511, 47.00, '', 0.00, 'Invoicedetail', 808, 47.00, 1, 0),
(1092, '2015-11-19', 1, 511, 40.00, '', 0.00, 'Invoicedetail', 809, 40.00, 1, 0),
(1093, '2015-11-04', 1, 502, 700.00, '', 0.00, 'Invoicedetail', 811, 700.00, 1, 0),
(1094, '2015-11-20', 1, 399, 380.00, '', 0.00, 'Invoicedetail', 812, 380.00, 1, 0),
(1095, '2015-11-20', 1, 292, 18.00, '', 0.00, 'Invoicedetail', 813, 18.00, 1, 0),
(1096, '2015-11-20', 1, 294, 35.00, '', 0.00, 'Invoicedetail', 814, 35.00, 1, 0),
(1097, '2015-11-20', 1, 296, 40.00, '', 0.00, 'Invoicedetail', 815, 40.00, 1, 0),
(1098, '2015-11-20', 1, 45, 935.00, '', 0.00, 'Invoicedetail', 816, 935.00, 1, 0),
(1099, '2015-11-21', 1, 44, 646.00, '', 0.00, 'Invoicedetail', 817, 646.00, 1, 0),
(1100, '2015-11-21', 1, 56, 7.00, '', 0.00, 'Invoicedetail', 818, 7.00, 1, 0),
(1101, '2015-11-21', 1, 92, 5200.00, '', 0.00, 'Invoicedetail', 819, 5200.00, 1, 0),
(1102, '2015-11-21', 1, 52, 7200.00, '', 0.00, 'Invoicedetail', 820, 7200.00, 1, 0),
(1103, '2015-11-21', 1, 52, 7000.00, '', 0.00, 'Invoicedetail', 821, 7000.00, 1, 0),
(1104, '2015-11-27', 1, 52, 7200.00, '', 0.00, 'Invoicedetail', 826, 7200.00, 1, 0),
(1105, '2015-11-30', 1, 52, 7000.00, '', 0.00, 'Invoicedetail', 827, 7000.00, 1, 0),
(1106, '2015-11-21', 1, 512, 27300.00, '', 0.00, 'Invoicedetail', 832, 27300.00, 1, 1),
(1107, '2015-11-21', 1, 52, 7200.00, '', 0.00, 'Invoicedetail', 833, 7200.00, 1, 0),
(1108, '2015-12-18', 1, 431, 12227.00, '', 2892.00, 'Invoicedetail', 834, 9335.00, 1, 0),
(1109, '2015-12-10', 1, 431, 12227.00, '', 0.00, 'Invoicedetail', 835, 12227.00, 1, 0),
(1110, '2015-12-10', 1, 52, 7200.00, '', 0.00, 'Invoicedetail', 836, 7200.00, 1, 0),
(1111, '2015-11-23', 1, 291, 10890.00, '', 0.00, 'Invoicedetail', 837, 10890.00, 1, 0),
(1112, '2015-11-23', 1, 507, 65.00, '', 0.00, 'Invoicedetail', 838, 65.00, 1, 0),
(1113, '2015-11-23', 1, 258, 50.40, '', 0.00, 'Invoicedetail', 839, 50.40, 1, 0),
(1114, '2015-11-23', 1, 296, 8.00, '', 0.00, 'Invoicedetail', 840, 8.00, 1, 0),
(1115, '2015-11-23', 1, 258, 50.00, '', 0.00, 'Invoicedetail', 841, 50.00, 1, 0),
(1116, '2015-11-23', 1, 507, 0.00, '', 0.00, 'Invoicedetail', 842, 0.00, 1, 0),
(1117, '2015-11-23', 1, 283, 350.00, '', 0.00, 'Invoicedetail', 843, 350.00, 1, 0),
(1118, '2015-11-23', 1, 518, 175.00, '', 0.00, 'Invoicedetail', 844, 175.00, 1, 0),
(1119, '2015-11-24', 1, 328, 260.00, '', 0.00, 'Invoicedetail', 845, 260.00, 1, 0),
(1120, '2015-11-24', 1, 54, 8262.00, '', 0.00, 'Invoicedetail', 846, 8262.00, 1, 0),
(1121, '2015-11-24', 1, 54, 8262.00, '', 0.00, 'Invoicedetail', 847, 8262.00, 1, 0),
(1122, '2015-11-26', 1, 256, 35.00, '', 0.00, 'Invoicedetail', 851, 35.00, 1, 0),
(1123, '2015-11-26', 1, 509, 50.00, '', 0.00, 'Invoicedetail', 852, 50.00, 1, 0),
(1124, '2015-11-26', 1, 328, 250.00, '', 0.00, 'Invoicedetail', 853, 250.00, 1, 0),
(1125, '2015-11-27', 1, 56, 7.00, '', 0.00, 'Invoicedetail', 854, 7.00, 1, 0),
(1126, '2015-11-27', 1, 42, 800.00, '', 0.00, 'Invoicedetail', 855, 800.00, 1, 0),
(1127, '2015-11-27', 1, 5, 152.10, '', 0.00, 'Invoicedetail', 856, 152.10, 1, 0),
(1128, '2015-11-27', 1, 272, 10500.00, '', 0.00, 'Invoicedetail', 858, 10500.00, 1, 1),
(1129, '2015-11-27', 1, 277, 7900.00, '', 0.00, 'Invoicedetail', 859, 7900.00, 1, 0),
(1130, '2015-11-27', 1, 18, 2900.00, '', 0.00, 'Invoicedetail', 860, 2900.00, 1, 1),
(1131, '2015-11-27', 1, 271, 6500.00, '', 0.00, 'Invoicedetail', 866, 6500.00, 1, 1),
(1132, '2015-11-28', 1, 256, 35.00, '', 0.00, 'Invoicedetail', 867, 35.00, 1, 0),
(1133, '2015-11-19', 1, 509, 47.00, '', 0.00, 'Invoicedetail', 868, 47.00, 1, 1),
(1134, '2015-11-19', 1, 510, 40.00, '', 0.00, 'Invoicedetail', 869, 40.00, 1, 1),
(1135, '2015-11-30', 1, 256, 35.00, '', 0.00, 'Invoicedetail', 874, 35.00, 1, 0),
(1136, '2015-11-30', 1, 380, 75.00, '', 0.00, 'Invoicedetail', 875, 75.00, 1, 0),
(1137, '2015-11-30', 1, 313, 390.00, '', 0.00, 'Invoicedetail', 876, 390.00, 1, 0),
(1138, '2015-11-30', 1, 91, 4641.00, '', 0.00, 'Invoicedetail', 878, 4641.00, 1, 0),
(1139, '2015-11-10', 1, 333, 65.00, '', 0.00, 'Invoicedetail', 879, 65.00, 1, 0),
(1140, '2015-10-27', 1, 399, 390.00, '', 0.00, 'Invoicedetail', 880, 390.00, 1, 0),
(1141, '2015-11-10', 1, 332, 65.00, '', 0.00, 'Invoicedetail', 881, 65.00, 1, 0),
(1142, '2015-12-01', 1, 291, 11400.00, '', 0.00, 'Invoicedetail', 882, 11400.00, 1, 0),
(1143, '2015-12-01', 1, 173, 52.50, '', 0.00, 'Invoicedetail', 883, 52.50, 1, 0),
(1144, '2015-12-01', 1, 174, 67.20, '', 0.00, 'Invoicedetail', 884, 67.20, 1, 0),
(1145, '2015-12-01', 1, 56, 7.00, '', 0.00, 'Invoicedetail', 885, 7.00, 1, 0),
(1146, '2015-12-01', 1, 52, 8000.00, '', 0.00, 'Invoicedetail', 886, 8000.00, 1, 0),
(1147, '2015-12-01', 1, 277, 7900.00, '', 0.00, 'Invoicedetail', 891, 7900.00, 1, 0),
(1148, '2015-12-01', 1, 56, 7.00, '', 0.00, 'Invoicedetail', 892, 7.00, 1, 0),
(1149, '2015-12-01', 1, 461, 189.00, '', 0.00, 'Invoicedetail', 893, 189.00, 1, 0),
(1150, '2015-12-01', 1, 345, 175.00, '', 0.00, 'Invoicedetail', 894, 175.00, 1, 0),
(1151, '2015-12-01', 1, 209, 40.50, '', 0.00, 'Invoicedetail', 895, 40.50, 1, 0),
(1152, '2015-12-01', 1, 18, 2900.00, '', 0.00, 'Invoicedetail', 897, 2900.00, 1, 0),
(1153, '2015-12-10', 1, 52, 7200.00, '', 0.00, 'Invoicedetail', 901, 7200.00, 1, 0),
(1154, '2015-12-10', 1, 431, 12227.00, '', 0.00, 'Invoicedetail', 902, 12227.00, 1, 0),
(1155, '2015-12-01', 1, 461, 189.00, '', 0.00, 'Invoicedetail', 903, 189.00, 1, 0),
(1156, '2015-12-02', 1, 311, 35.00, '', 0.00, 'Invoicedetail', 904, 35.00, 1, 0),
(1157, '2015-12-03', 1, 523, 10500.00, '', 0.00, 'Invoicedetail', 906, 10500.00, 1, 0),
(1158, '2015-12-03', 1, 9, 2800.00, '', 0.00, 'Invoicedetail', 907, 2800.00, 1, 0),
(1159, '2015-12-03', 1, 59, 332.48, '', 0.00, 'Invoicedetail', 908, 332.48, 1, 0),
(1160, '2015-12-03', 1, 515, 7800.00, '', 0.00, 'Invoicedetail', 911, 7800.00, 1, 0),
(1161, '2015-12-03', 1, 296, -762.64, '', 0.00, 'Invoicedetail', 915, -762.64, 1, 0),
(1162, '2015-11-24', 1, 324, 500.00, '', 0.00, 'Invoicedetail', 920, 500.00, 1, 0),
(1163, '2015-11-24', 1, 325, 500.00, '', 0.00, 'Invoicedetail', 921, 500.00, 1, 0),
(1164, '2015-11-24', 1, 315, 150.00, '', 0.00, 'Invoicedetail', 922, 150.00, 1, 0),
(1165, '2015-12-04', 1, 512, 27300.00, '', 0.00, 'Invoicedetail', 923, 27300.00, 1, 0),
(1166, '2015-12-05', 1, 271, 6900.00, '', 0.00, 'Invoicedetail', 924, 6900.00, 1, 0),
(1167, '2015-12-05', 1, 525, 25000.00, '', 0.00, 'Invoicedetail', 927, 25000.00, 1, 0),
(1168, '2015-12-05', 1, 525, 25000.00, '', 0.00, 'Invoicedetail', 928, 25000.00, 1, 0),
(1169, '2015-12-05', 1, 526, 42089.00, '', 0.00, 'Invoicedetail', 929, 42089.00, 1, 0),
(1170, '2015-12-05', 1, 41, 900.00, '', 0.00, 'Invoicedetail', 930, 900.00, 1, 0),
(1171, '2015-12-05', 1, 527, 2976.75, '', 0.00, 'Invoicedetail', 931, 2976.75, 1, 0),
(1172, '2015-12-05', 1, 383, 3000.00, '', 0.00, 'Invoicedetail', 932, 3000.00, 1, 0),
(1173, '2015-12-05', 1, 383, 2800.00, '', 0.00, 'Invoicedetail', 933, 2800.00, 1, 0),
(1174, '2015-12-05', 1, 383, 3000.00, '', 0.00, 'Invoicedetail', 934, 3000.00, 1, 0),
(1175, '2015-12-07', 1, 299, 18.00, '', 0.00, 'Invoicedetail', 935, 18.00, 1, 0),
(1176, '2015-12-07', 1, 209, 40.50, '', 0.00, 'Invoicedetail', 936, 40.50, 1, 0),
(1177, '2015-12-07', 1, 182, 72.45, '', 0.00, 'Invoicedetail', 937, 72.45, 1, 0),
(1178, '2015-12-07', 1, 191, 51.45, '', 0.00, 'Invoicedetail', 938, 51.45, 1, 0),
(1179, '2015-12-07', 1, 433, 2900.00, '', 0.00, 'Invoicedetail', 939, 2900.00, 1, 0),
(1180, '2015-12-07', 1, 309, 45.00, '', 0.00, 'Invoicedetail', 940, 45.00, 1, 0),
(1181, '2015-12-07', 1, 193, 105.00, '', 0.00, 'Invoicedetail', 941, 105.00, 1, 0),
(1182, '2015-12-07', 1, 60, 482.63, '', 0.00, 'Invoicedetail', 942, 482.63, 1, 0),
(1183, '2015-12-07', 1, 211, 79.50, '', 0.00, 'Invoicedetail', 943, 79.50, 1, 0),
(1184, '2015-12-08', 1, 71, 2900.00, '', 0.00, 'Invoicedetail', 946, 2900.00, 1, 0),
(1185, '2015-12-08', 1, 433, 3000.00, '', 0.00, 'Invoicedetail', 947, 3000.00, 1, 0),
(1186, '2015-12-08', 1, 291, 11400.00, '', 0.00, 'Invoicedetail', 949, 11400.00, 1, 0),
(1187, '2015-12-08', 1, 296, 560.00, '', 0.00, 'Invoicedetail', 952, 560.00, 1, 0),
(1188, '2015-12-08', 1, 296, -560.00, '', 0.00, 'Invoicedetail', 953, -560.00, 1, 0),
(1189, '2015-12-09', 1, 383, 3000.00, '', 0.00, 'Invoicedetail', 954, 3000.00, 1, 0),
(1190, '2015-12-09', 1, 304, 350.00, '', 0.00, 'Invoicedetail', 955, 350.00, 1, 0),
(1191, '2015-12-09', 1, 371, 336.00, '', 0.00, 'Invoicedetail', 956, 336.00, 1, 0),
(1192, '2015-12-09', 1, 296, -29.91, '', 0.00, 'Invoicedetail', 957, -29.91, 1, 0),
(1193, '2015-12-12', 1, 272, 11500.00, '', 0.00, 'Invoicedetail', 960, 11500.00, 1, 0),
(1194, '2015-12-12', 1, 70, 1800.00, '', 0.00, 'Invoicedetail', 963, 1800.00, 1, 0),
(1195, '2015-12-12', 1, 509, 50.40, '', 0.00, 'Invoicedetail', 964, 50.40, 1, 0),
(1196, '2015-12-12', 1, 328, 260.00, '', 0.00, 'Invoicedetail', 965, 260.00, 1, 0),
(1197, '2015-12-12', 1, 15, 9540.00, '', 0.00, 'Invoicedetail', 966, 9540.00, 1, 0),
(1198, '2015-12-12', 1, 10, 3000.00, '', 0.00, 'Invoicedetail', 967, 3000.00, 1, 0),
(1199, '2015-12-12', 1, 157, 24709.50, '', 0.00, 'Invoicedetail', 968, 24709.50, 1, 0),
(1200, '2015-12-12', 1, 157, 24709.50, '', 0.00, 'Invoicedetail', 969, 24709.50, 1, 0),
(1201, '2015-12-15', 1, 70, 1800.00, '', 0.00, 'Invoicedetail', 971, 1800.00, 1, 0),
(1202, '2015-12-16', 1, 256, 35.00, '', 0.00, 'Invoicedetail', 973, 35.00, 1, 0),
(1203, '2015-12-16', 1, 431, 12300.00, '', 0.00, 'Invoicedetail', 974, 12300.00, 1, 0),
(1204, '2015-12-16', 1, 45, 935.00, '', 0.00, 'Invoicedetail', 975, 935.00, 1, 0),
(1205, '2015-12-16', 1, 176, 194.25, '', 0.00, 'Invoicedetail', 976, 194.25, 1, 0),
(1206, '2015-12-16', 1, 176, 194.25, '', 0.00, 'Invoicedetail', 977, 194.25, 1, 0),
(1207, '2015-12-17', 1, 304, 350.00, '', 0.00, 'Invoicedetail', 978, 350.00, 1, 0),
(1208, '2015-12-01', 1, 461, 189.00, '', 0.00, 'Invoicedetail', 979, 189.00, 1, 0),
(1209, '2015-12-17', 1, 309, 45.00, '', 0.00, 'Invoicedetail', 980, 45.00, 1, 0),
(1210, '2015-12-17', 1, 193, 105.00, '', 0.00, 'Invoicedetail', 981, 105.00, 1, 0),
(1211, '2015-12-17', 1, 184, 132.30, '', 0.00, 'Invoicedetail', 982, 132.30, 1, 0),
(1212, '2015-12-17', 1, 175, 79.80, '', 0.00, 'Invoicedetail', 983, 79.80, 1, 0),
(1213, '2015-12-17', 1, 70, 1800.00, '', 0.00, 'Invoicedetail', 985, 1800.00, 1, 0),
(1214, '2015-12-17', 1, 70, 1800.00, '', 0.00, 'Invoicedetail', 986, 1800.00, 1, 0),
(1215, '2015-12-17', 1, 498, 0.00, '', 0.00, 'Invoicedetail', 987, 0.00, 1, 0),
(1216, '2015-12-17', 1, 461, 189.00, '', 0.00, 'Invoicedetail', 989, 189.00, 1, 0),
(1217, '2015-12-17', 1, 529, 8.00, '', 0.00, 'Invoicedetail', 990, 8.00, 1, 0),
(1218, '2015-12-17', 1, 530, 488.00, '', 0.00, 'Invoicedetail', 991, 488.00, 1, 0),
(1219, '2015-12-17', 1, 466, 222.00, '', 0.00, 'Invoicedetail', 992, 222.00, 1, 0),
(1220, '2015-12-17', 1, 469, 11.00, '', 0.00, 'Invoicedetail', 993, 11.00, 1, 0),
(1221, '2015-12-17', 1, 531, 5.00, '', 0.00, 'Invoicedetail', 994, 5.00, 1, 0),
(1222, '2015-12-17', 1, 56, 7.00, '', 0.00, 'Invoicedetail', 996, 7.00, 1, 0),
(1223, '2015-12-17', 1, 3, 874.50, '', 0.00, 'Invoicedetail', 997, 874.50, 1, 0),
(1224, '2015-12-18', 1, 9, 2800.00, '', 0.00, 'Invoicedetail', 998, 2800.00, 1, 0),
(1225, '2015-12-18', 1, 528, 1500.00, '', 0.00, 'Invoicedetail', 999, 1500.00, 1, 0),
(1226, '2015-12-19', 1, 70, 1800.00, '', 0.00, 'Invoicedetail', 1000, 1800.00, 1, 0),
(1227, '2015-12-17', 1, 532, 8.00, '', 0.00, 'Invoicedetail', 1001, 8.00, 1, 0),
(1228, '2015-12-17', 1, 533, 15.00, '', 0.00, 'Invoicedetail', 1002, 15.00, 1, 0),
(1229, '2015-12-17', 1, 532, 16.00, '', 0.00, 'Invoicedetail', 1003, 16.00, 1, 0),
(1230, '2015-12-17', 1, 534, 8.00, '', 0.00, 'Invoicedetail', 1004, 8.00, 1, 0),
(1231, '2015-12-19', 1, 325, 600.00, '', 0.00, 'Invoicedetail', 1005, 600.00, 1, 0),
(1232, '2015-12-19', 1, 58, 214.50, '', 0.00, 'Invoicedetail', 1006, 214.50, 1, 0),
(1233, '2015-12-21', 1, 256, 35.00, '', 0.00, 'Invoicedetail', 1007, 35.00, 1, 0),
(1234, '2015-12-21', 1, 381, 75.00, '', 0.00, 'Invoicedetail', 1008, 75.00, 1, 0),
(1235, '2015-12-21', 1, 380, 75.00, '', 0.00, 'Invoicedetail', 1009, 75.00, 1, 0),
(1236, '2015-12-22', 1, 82, 140.00, '', 0.00, 'Invoicedetail', 1014, 140.00, 1, 0),
(1237, '2015-12-22', 1, 70, 1800.00, '', 0.00, 'Invoicedetail', 1015, 1800.00, 1, 0),
(1238, '2015-12-23', 1, 191, 51.45, '', 0.00, 'Invoicedetail', 1016, 51.45, 1, 0),
(1239, '2015-12-23', 1, 300, 54.00, '', 0.00, 'Invoicedetail', 1017, 54.00, 1, 0),
(1240, '2015-12-23', 1, 173, 52.50, '', 0.00, 'Invoicedetail', 1018, 52.50, 1, 0),
(1241, '2015-12-23', 1, 209, 40.50, '', 0.00, 'Invoicedetail', 1019, 40.50, 1, 0),
(1242, '2015-12-23', 1, 71, 2900.00, '', 0.00, 'Invoicedetail', 1020, 2900.00, 1, 0);
INSERT INTO `quote` (`id`, `date`, `vendor_id`, `product_id`, `price`, `discrate`, `discamt`, `ref_class`, `ref_id`, `total`, `mine`, `is_cancelled`) VALUES
(1243, '2015-12-23', 1, 433, 2900.00, '', 0.00, 'Invoicedetail', 1021, 2900.00, 1, 0),
(1244, '2015-12-23', 1, 296, 920.00, '', -460.00, 'Invoicedetail', 1024, 1380.00, 1, 0),
(1245, '2015-12-23', 1, 296, -460.00, '', 0.00, 'Invoicedetail', 1025, -460.00, 1, 0),
(1246, '2015-11-23', 1, 517, 400.00, '', 0.00, 'Invoicedetail', 1026, 400.00, 1, 0),
(1247, '2015-12-26', 1, 311, 35.00, '', 0.00, 'Invoicedetail', 1027, 35.00, 1, 0),
(1248, '2015-12-26', 1, 210, 55.50, '', 0.00, 'Invoicedetail', 1028, 55.50, 1, 0),
(1249, '2015-12-26', 1, 383, 2800.00, '', 0.00, 'Invoicedetail', 1029, 2800.00, 1, 0),
(1250, '2015-12-26', 1, 20, 2880.00, '', 0.00, 'Invoicedetail', 1030, 2880.00, 1, 0),
(1251, '2015-12-26', 1, 20, 2880.00, '', 0.00, 'Invoicedetail', 1031, 2880.00, 1, 0),
(1252, '2015-12-26', 1, 10, 3000.00, '', 0.00, 'Invoicedetail', 1032, 3000.00, 1, 0),
(1253, '2015-12-26', 1, 296, -280.00, '', 0.00, 'Invoicedetail', 1034, -280.00, 1, 0),
(1254, '2015-12-28', 1, 299, 18.00, '', 0.00, 'Invoicedetail', 1035, 18.00, 1, 0),
(1255, '2015-12-29', 1, 317, 195.00, '', 0.00, 'Invoicedetail', 1036, 195.00, 1, 0),
(1256, '2015-12-29', 1, 319, 165.00, '', 0.00, 'Invoicedetail', 1038, 165.00, 1, 0),
(1257, '2015-12-29', 1, 271, 6900.00, '', 0.00, 'Invoicedetail', 1039, 6900.00, 1, 0),
(1258, '2016-01-02', 1, 92, 4900.00, '', 0.00, 'Invoicedetail', 1040, 4900.00, 1, 0),
(1259, '2016-01-02', 1, 209, 40.50, '', 0.00, 'Invoicedetail', 1041, 40.50, 1, 0),
(1260, '2016-01-02', 1, 300, 54.00, '', 0.00, 'Invoicedetail', 1042, 54.00, 1, 0),
(1261, '2016-01-02', 1, 62, 227.18, '', 0.00, 'Invoicedetail', 1043, 227.18, 1, 0),
(1262, '2016-01-02', 1, 191, 51.45, '', 0.00, 'Invoicedetail', 1044, 51.45, 1, 0),
(1263, '2016-01-02', 1, 182, 72.45, '', 0.00, 'Invoicedetail', 1045, 72.45, 1, 0),
(1264, '2016-01-02', 1, 535, 180.00, '', 0.00, 'Invoicedetail', 1046, 180.00, 1, 0),
(1265, '2016-01-02', 1, 299, 18.00, '', 0.00, 'Invoicedetail', 1047, 18.00, 1, 0),
(1266, '2016-01-02', 1, 173, 52.50, '', 0.00, 'Invoicedetail', 1048, 52.50, 1, 0),
(1267, '2016-01-04', 1, 430, 11170.00, '', 0.00, 'Invoicedetail', 1049, 11170.00, 1, 0),
(1268, '2016-01-04', 1, 45, 935.00, '', 0.00, 'Invoicedetail', 1050, 935.00, 1, 0),
(1269, '2016-01-04', 1, 515, 7500.00, '', 0.00, 'Invoicedetail', 1052, 7500.00, 1, 0),
(1270, '2016-01-04', 1, 296, -462.64, '', 0.00, 'Invoicedetail', 1056, -462.64, 1, 0),
(1271, '2016-01-04', 1, 328, 260.00, '', 0.00, 'Invoicedetail', 1057, 260.00, 1, 0),
(1272, '2016-01-04', 1, 296, -160.00, '', 0.00, 'Invoicedetail', 1058, -160.00, 1, 0),
(1273, '2016-01-04', 1, 513, 4000.00, '', 0.00, 'Invoicedetail', 1059, 4000.00, 1, 0),
(1274, '2016-01-05', 1, 299, 18.00, '', 0.00, 'Invoicedetail', 1061, 18.00, 1, 0),
(1275, '2016-01-05', 1, 82, 165.00, '', 0.00, 'Invoicedetail', 1062, 165.00, 1, 0),
(1276, '2016-01-05', 1, 56, 7.00, '', 0.00, 'Invoicedetail', 1063, 7.00, 1, 0),
(1277, '2016-01-05', 1, 56, 7.00, '', 0.00, 'Invoicedetail', 1064, 7.00, 1, 0),
(1278, '2016-01-05', 1, 536, 470.00, '', 0.00, 'Invoicedetail', 1065, 470.00, 1, 0),
(1279, '2016-01-05', 1, 284, 350.00, '', 0.00, 'Invoicedetail', 1066, 350.00, 1, 0),
(1280, '2016-01-05', 1, 73, 3000.00, '', 0.00, 'Invoicedetail', 1067, 3000.00, 1, 0),
(1281, '2016-01-07', 1, 299, 18.00, '', 0.00, 'Invoicedetail', 1069, 18.00, 1, 0),
(1282, '2016-01-07', 1, 82, 165.00, '', 0.00, 'Invoicedetail', 1070, 165.00, 1, 0),
(1283, '2016-01-07', 1, 299, 18.00, '', 0.00, 'Invoicedetail', 1071, 18.00, 1, 0),
(1284, '2016-01-08', 1, 304, 350.00, '', 0.00, 'Invoicedetail', 1072, 350.00, 1, 0),
(1285, '2016-01-09', 1, 271, 6600.00, '', 0.00, 'Invoicedetail', 1073, 6600.00, 1, 0),
(1286, '2016-01-09', 1, 71, 2900.00, '', 0.00, 'Invoicedetail', 1076, 2900.00, 1, 0),
(1287, '2016-01-11', 1, 299, 18.00, '', 0.00, 'Invoicedetail', 1077, 18.00, 1, 0),
(1288, '2016-01-11', 1, 311, 35.00, '', 0.00, 'Invoicedetail', 1078, 35.00, 1, 0),
(1289, '2016-01-11', 1, 174, 67.20, '', 0.00, 'Invoicedetail', 1079, 67.20, 1, 0),
(1290, '2016-01-11', 1, 173, 52.50, '', 0.00, 'Invoicedetail', 1080, 52.50, 1, 0),
(1291, '2016-01-11', 1, 313, 390.00, '', 0.00, 'Invoicedetail', 1081, 390.00, 1, 0),
(1292, '2016-01-11', 1, 56, 7.00, '', 0.00, 'Invoicedetail', 1082, 7.00, 1, 0),
(1293, '2016-01-12', 1, 299, 18.00, '', 0.00, 'Invoicedetail', 1083, 18.00, 1, 0),
(1294, '2016-01-12', 1, 218, 29.40, '', 0.00, 'Invoicedetail', 1084, 29.40, 1, 0),
(1295, '2016-01-12', 1, 209, 40.50, '', 0.00, 'Invoicedetail', 1085, 40.50, 1, 0),
(1296, '2016-01-12', 1, 271, 6900.00, '', 0.00, 'Invoicedetail', 1086, 6900.00, 1, 0),
(1297, '2016-01-14', 1, 16, 2500.00, '', 0.00, 'Invoicedetail', 1087, 2500.00, 1, 0),
(1298, '2016-01-14', 1, 513, 3500.00, '', 0.00, 'Invoicedetail', 1088, 3500.00, 1, 0),
(1299, '2016-01-14', 1, 535, 180.00, '', 0.00, 'Invoicedetail', 1089, 180.00, 1, 0),
(1300, '2016-01-14', 1, 309, 45.00, '', 0.00, 'Invoicedetail', 1090, 45.00, 1, 0),
(1301, '2016-01-15', 1, 334, 85.00, '', 0.00, 'Invoicedetail', 1091, 85.00, 1, 0),
(1302, '2016-01-15', 1, 70, 1900.00, '', 0.00, 'Invoicedetail', 1092, 1900.00, 1, 0),
(1303, '2016-01-16', 1, 515, 7500.00, '', 0.00, 'Invoicedetail', 1093, 7500.00, 1, 0),
(1304, '2016-01-16', 1, 296, -462.64, '', 0.00, 'Invoicedetail', 1098, -462.64, 1, 0),
(1305, '2016-01-16', 1, 58, 214.50, '', 0.00, 'Invoicedetail', 1099, 214.50, 1, 0),
(1306, '2016-01-16', 1, 66, 227.18, '', 0.00, 'Invoicedetail', 1100, 227.18, 1, 0),
(1307, '2016-01-16', 1, 45, 935.00, '', 0.00, 'Invoicedetail', 1101, 935.00, 1, 0),
(1308, '2016-01-16', 1, 157, 24709.50, '', 0.00, 'Invoicedetail', 1102, 24709.50, 1, 0),
(1309, '2016-01-16', 1, 322, 1184.58, '', 0.00, 'Invoicedetail', 1103, 1184.58, 1, 0),
(1310, '2016-01-16', 1, 19, 45000.00, '', 0.00, 'Invoicedetail', 1104, 45000.00, 1, 0),
(1311, '2016-01-16', 1, 19, 4500.00, '', 0.00, 'Invoicedetail', 1105, 4500.00, 1, 0),
(1312, '2016-01-16', 1, 515, 7500.00, '', 0.00, 'Invoicedetail', 1106, 7500.00, 1, 0),
(1313, '2016-01-16', 1, 73, 3000.00, '', 0.00, 'Invoicedetail', 1107, 3000.00, 1, 0),
(1314, '2016-01-16', 1, 296, -465.64, '', 0.00, 'Invoicedetail', 1111, -465.64, 1, 0),
(1315, '2016-01-16', 1, 296, 465.64, '', 0.00, 'Invoicedetail', 1112, 465.64, 1, 0),
(1316, '2016-01-16', 1, 296, -465.64, '', 0.00, 'Invoicedetail', 1113, -465.64, 1, 0),
(1317, '2016-01-16', 1, 296, -462.64, '', 0.00, 'Invoicedetail', 1114, -462.64, 1, 0),
(1318, '2016-01-16', 1, 54, 8537.40, '', 0.00, 'Invoicedetail', 1115, 8537.40, 1, 0),
(1319, '2016-01-28', 1, 404, 234.00, '', 0.00, 'Invoicedetail', 1116, 234.00, 1, 0),
(1320, '2016-01-29', 1, 404, 234.00, '', 0.00, 'Invoicedetail', 1117, 234.00, 1, 0),
(1321, '2016-01-29', 1, 405, 234.00, '', 0.00, 'Invoicedetail', 1118, 234.00, 1, 0);

-- --------------------------------------------------------

--
-- Table structure for table `settings`
--

CREATE TABLE IF NOT EXISTS `settings` (
  `id` int(11) NOT NULL AUTO_INCREMENT,
  `name` varchar(50) NOT NULL,
  `value` varchar(10) NOT NULL,
  PRIMARY KEY (`id`),
  UNIQUE KEY `name` (`name`)
) ENGINE=InnoDB  DEFAULT CHARSET=latin1 AUTO_INCREMENT=22 ;

--
-- Dumping data for table `settings`
--

INSERT INTO `settings` (`id`, `name`, `value`) VALUES
(1, 'default_warehouse_id', '2'),
(2, 'me_vendor_id', '1'),
(3, 'account_id_cash_on_hand', '3'),
(4, 'account_id_petty_cash', '9'),
(5, 'account_id_payables', '12'),
(14, 'account_id_cash_at_home', '6'),
(15, 'account_id_utilitiesexpense', '7'),
(16, 'account_id_merchandiseexpense', '8'),
(17, 'account_id_salesincome', '10'),
(18, 'account_id_receivables', '11'),
(19, 'account_id_inchecks', '13'),
(20, 'account_id_outchecks', '14'),
(21, 'manager_password', 'check');

-- --------------------------------------------------------

--
-- Table structure for table `sf_guard_forgot_password`
--

CREATE TABLE IF NOT EXISTS `sf_guard_forgot_password` (
  `id` bigint(20) NOT NULL AUTO_INCREMENT,
  `user_id` bigint(20) NOT NULL,
  `unique_key` varchar(255) DEFAULT NULL,
  `expires_at` datetime NOT NULL,
  `created_at` datetime NOT NULL,
  `updated_at` datetime NOT NULL,
  PRIMARY KEY (`id`),
  KEY `user_id_idx` (`user_id`)
) ENGINE=InnoDB DEFAULT CHARSET=latin1 AUTO_INCREMENT=1 ;

-- --------------------------------------------------------

--
-- Table structure for table `sf_guard_group`
--

CREATE TABLE IF NOT EXISTS `sf_guard_group` (
  `id` bigint(20) NOT NULL AUTO_INCREMENT,
  `name` varchar(255) DEFAULT NULL,
  `description` text,
  `created_at` datetime NOT NULL,
  `updated_at` datetime NOT NULL,
  PRIMARY KEY (`id`),
  UNIQUE KEY `name` (`name`)
) ENGINE=InnoDB  DEFAULT CHARSET=latin1 AUTO_INCREMENT=4 ;

--
-- Dumping data for table `sf_guard_group`
--

INSERT INTO `sf_guard_group` (`id`, `name`, `description`, `created_at`, `updated_at`) VALUES
(1, 'cashier', NULL, '0000-00-00 00:00:00', '0000-00-00 00:00:00'),
(2, 'sales', NULL, '0000-00-00 00:00:00', '0000-00-00 00:00:00'),
(3, 'encoder', NULL, '0000-00-00 00:00:00', '0000-00-00 00:00:00');

-- --------------------------------------------------------

--
-- Table structure for table `sf_guard_group_permission`
--

CREATE TABLE IF NOT EXISTS `sf_guard_group_permission` (
  `group_id` bigint(20) NOT NULL DEFAULT '0',
  `permission_id` bigint(20) NOT NULL DEFAULT '0',
  `created_at` datetime NOT NULL,
  `updated_at` datetime NOT NULL,
  PRIMARY KEY (`group_id`,`permission_id`),
  KEY `sf_guard_group_permission_permission_id_sf_guard_permission_id` (`permission_id`)
) ENGINE=InnoDB DEFAULT CHARSET=latin1;

--
-- Dumping data for table `sf_guard_group_permission`
--

INSERT INTO `sf_guard_group_permission` (`group_id`, `permission_id`, `created_at`, `updated_at`) VALUES
(1, 1, '0000-00-00 00:00:00', '0000-00-00 00:00:00'),
(2, 2, '0000-00-00 00:00:00', '0000-00-00 00:00:00'),
(3, 3, '0000-00-00 00:00:00', '0000-00-00 00:00:00');

-- --------------------------------------------------------

--
-- Table structure for table `sf_guard_permission`
--

CREATE TABLE IF NOT EXISTS `sf_guard_permission` (
  `id` bigint(20) NOT NULL AUTO_INCREMENT,
  `name` varchar(255) DEFAULT NULL,
  `description` text,
  `created_at` datetime NOT NULL,
  `updated_at` datetime NOT NULL,
  PRIMARY KEY (`id`),
  UNIQUE KEY `name` (`name`)
) ENGINE=InnoDB  DEFAULT CHARSET=latin1 AUTO_INCREMENT=4 ;

--
-- Dumping data for table `sf_guard_permission`
--

INSERT INTO `sf_guard_permission` (`id`, `name`, `description`, `created_at`, `updated_at`) VALUES
(1, 'cashier', NULL, '0000-00-00 00:00:00', '0000-00-00 00:00:00'),
(2, 'sales', NULL, '0000-00-00 00:00:00', '0000-00-00 00:00:00'),
(3, 'encoder', NULL, '0000-00-00 00:00:00', '0000-00-00 00:00:00');

-- --------------------------------------------------------

--
-- Table structure for table `sf_guard_remember_key`
--

CREATE TABLE IF NOT EXISTS `sf_guard_remember_key` (
  `id` bigint(20) NOT NULL AUTO_INCREMENT,
  `user_id` bigint(20) DEFAULT NULL,
  `remember_key` varchar(32) DEFAULT NULL,
  `ip_address` varchar(50) DEFAULT NULL,
  `created_at` datetime NOT NULL,
  `updated_at` datetime NOT NULL,
  PRIMARY KEY (`id`),
  KEY `user_id_idx` (`user_id`)
) ENGINE=InnoDB DEFAULT CHARSET=latin1 AUTO_INCREMENT=1 ;

-- --------------------------------------------------------

--
-- Table structure for table `sf_guard_user`
--

CREATE TABLE IF NOT EXISTS `sf_guard_user` (
  `id` bigint(20) NOT NULL AUTO_INCREMENT,
  `first_name` varchar(255) DEFAULT NULL,
  `last_name` varchar(255) DEFAULT NULL,
  `email_address` varchar(255) NOT NULL,
  `username` varchar(128) NOT NULL,
  `algorithm` varchar(128) NOT NULL DEFAULT 'sha1',
  `salt` varchar(128) DEFAULT NULL,
  `password` varchar(128) DEFAULT NULL,
  `is_active` tinyint(1) DEFAULT '1',
  `is_super_admin` tinyint(1) DEFAULT '0',
  `last_login` datetime DEFAULT NULL,
  `created_at` datetime NOT NULL,
  `updated_at` datetime NOT NULL,
  PRIMARY KEY (`id`),
  UNIQUE KEY `username` (`username`),
  UNIQUE KEY `email_address` (`email_address`),
  KEY `is_active_idx_idx` (`is_active`)
) ENGINE=InnoDB  DEFAULT CHARSET=latin1 AUTO_INCREMENT=5 ;

--
-- Dumping data for table `sf_guard_user`
--

INSERT INTO `sf_guard_user` (`id`, `first_name`, `last_name`, `email_address`, `username`, `algorithm`, `salt`, `password`, `is_active`, `is_super_admin`, `last_login`, `created_at`, `updated_at`) VALUES
(1, 'admin', '', 'a@a.com', 'admin', 'sha1', 'cc1f2f6421dde7479bdb328774efd1c7', '14f10109242c4e5c001c827dbfa5541019b72f73', 1, 1, '2016-02-05 16:41:36', '2010-12-13 09:50:28', '2016-02-05 16:41:36'),
(2, 'cashier', '', 'c@tmc.com', 'cashier', 'sha1', 'ac35c23cd9f9a9c5c4693330853150d8', '2aad9bae7bff6b95c05bade8d0dd575affff43c1', 1, 0, '2016-01-28 20:25:20', '2010-12-14 08:14:59', '2016-01-28 20:25:20'),
(3, 'sales', '', 's@tmc.com', 'sales', 'sha1', 'fbca49049a74774f5d5565b135f9a3d7', '4102428d290e2c3b1f68cc86a192eff28c3499ba', 1, 0, '2016-01-30 00:40:49', '2010-12-23 05:34:51', '2016-01-30 00:40:49'),
(4, 'encoder', '', 'e@tmc.com', 'encoder', 'sha1', '954d31092423b61f00b04314f366af02', '03d73237053e7d3478b765f169bd9ba728dd026c', 1, 0, '2015-08-10 17:48:01', '2015-08-10 11:01:33', '2015-08-10 17:48:01');

-- --------------------------------------------------------

--
-- Table structure for table `sf_guard_user_group`
--

CREATE TABLE IF NOT EXISTS `sf_guard_user_group` (
  `user_id` bigint(20) NOT NULL DEFAULT '0',
  `group_id` bigint(20) NOT NULL DEFAULT '0',
  `created_at` datetime NOT NULL,
  `updated_at` datetime NOT NULL,
  PRIMARY KEY (`user_id`,`group_id`),
  KEY `sf_guard_user_group_group_id_sf_guard_group_id` (`group_id`)
) ENGINE=InnoDB DEFAULT CHARSET=latin1;

--
-- Dumping data for table `sf_guard_user_group`
--

INSERT INTO `sf_guard_user_group` (`user_id`, `group_id`, `created_at`, `updated_at`) VALUES
(2, 1, '2015-08-10 11:05:19', '2015-08-10 11:05:19'),
(3, 2, '2015-08-10 11:05:09', '2015-08-10 11:05:09'),
(4, 3, '2015-08-10 11:05:26', '2015-08-10 11:05:26');

-- --------------------------------------------------------

--
-- Table structure for table `sf_guard_user_permission`
--

CREATE TABLE IF NOT EXISTS `sf_guard_user_permission` (
  `user_id` bigint(20) NOT NULL DEFAULT '0',
  `permission_id` bigint(20) NOT NULL DEFAULT '0',
  `created_at` datetime NOT NULL,
  `updated_at` datetime NOT NULL,
  PRIMARY KEY (`user_id`,`permission_id`),
  KEY `sf_guard_user_permission_permission_id_sf_guard_permission_id` (`permission_id`)
) ENGINE=InnoDB DEFAULT CHARSET=latin1;

-- --------------------------------------------------------

--
-- Table structure for table `stock`
--

CREATE TABLE IF NOT EXISTS `stock` (
  `id` int(11) NOT NULL AUTO_INCREMENT,
  `warehouse_id` int(11) NOT NULL,
  `product_id` int(11) NOT NULL,
  `currentqty` decimal(10,2) NOT NULL DEFAULT '0.00',
  `date` date NOT NULL,
  `quota` decimal(10,2) NOT NULL DEFAULT '0.00',
  PRIMARY KEY (`id`),
  KEY `warehouse_id_idx` (`warehouse_id`),
  KEY `product_id_idx` (`product_id`)
) ENGINE=InnoDB  DEFAULT CHARSET=latin1 AUTO_INCREMENT=489 ;

--
-- Dumping data for table `stock`
--

INSERT INTO `stock` (`id`, `warehouse_id`, `product_id`, `currentqty`, `date`, `quota`) VALUES
(1, 2, 1, 5.00, '2015-11-11', 0.00),
(2, 2, 2, 2.00, '2015-11-16', 0.00),
(3, 2, 3, 2.00, '2015-12-17', 0.00),
(4, 2, 4, 3.00, '2015-07-11', 0.00),
(5, 2, 5, 0.00, '2015-11-27', 0.00),
(6, 2, 6, 0.00, '2015-11-09', 0.00),
(7, 2, 7, 3.00, '2015-07-15', 0.00),
(8, 2, 8, 2.00, '2015-07-15', 0.00),
(9, 2, 9, 2.00, '2015-12-18', 0.00),
(10, 2, 11, 3.00, '2015-07-15', 0.00),
(11, 2, 12, 3.00, '2015-07-15', 0.00),
(12, 2, 10, 2.00, '2015-12-26', 0.00),
(13, 2, 13, 2.00, '2015-08-05', 0.00),
(14, 2, 14, 0.00, '2015-07-15', 0.00),
(15, 2, 15, 0.00, '2015-12-12', 0.00),
(16, 2, 16, 7.00, '2016-01-14', 0.00),
(17, 2, 17, 2.00, '2015-07-15', 0.00),
(18, 2, 18, 1.00, '2015-12-01', 0.00),
(19, 2, 19, 2.00, '2016-01-16', 0.00),
(20, 2, 20, 3.00, '2015-12-26', 0.00),
(21, 2, 30, 6.00, '2015-07-15', 0.00),
(23, 2, 32, 4.00, '2015-10-09', 0.00),
(24, 2, 33, 0.00, '2015-10-24', 0.00),
(28, 2, 40, 73.00, '2016-01-16', 0.00),
(29, 2, 41, 54.00, '2015-12-05', 0.00),
(30, 2, 43, 20.00, '2015-07-15', 0.00),
(31, 2, 42, 18.00, '2015-11-27', 0.00),
(32, 2, 44, 0.00, '2015-11-21', 0.00),
(33, 2, 45, -1.00, '2016-01-16', 0.00),
(34, 2, 46, 3.00, '2015-07-11', 0.00),
(35, 2, 47, 0.00, '2011-01-01', 0.00),
(36, 2, 48, 0.00, '2011-01-01', 0.00),
(40, 2, 52, 0.00, '2015-12-10', 0.00),
(41, 2, 53, 0.00, '2015-11-19', 0.00),
(42, 2, 54, 0.00, '2016-01-16', 0.00),
(43, 2, 56, 309.00, '2016-01-11', 0.00),
(44, 2, 57, 42.00, '2015-10-01', 0.00),
(45, 2, 58, 7.00, '2016-01-16', 0.00),
(46, 2, 59, 11.00, '2015-12-03', 0.00),
(47, 2, 60, 9.00, '2015-12-07', 0.00),
(48, 2, 61, 6.00, '2015-07-15', 0.00),
(49, 2, 62, 10.00, '2016-01-02', 0.00),
(50, 2, 63, 12.00, '2015-07-15', 0.00),
(51, 2, 64, 10.00, '2015-09-08', 0.00),
(52, 2, 65, 6.00, '2015-07-15', 0.00),
(53, 2, 68, 2.00, '2015-10-30', 0.00),
(54, 2, 69, 1.00, '2015-11-05', 0.00),
(55, 2, 70, 1.00, '2016-01-15', 0.00),
(56, 2, 71, 2.00, '2016-01-09', 0.00),
(57, 2, 73, 3.00, '2016-01-16', 0.00),
(58, 2, 74, 0.00, '2015-09-09', 0.00),
(59, 2, 75, 0.00, '2011-01-01', 0.00),
(60, 2, 76, 2.00, '2016-01-16', 0.00),
(61, 2, 77, 4.00, '2016-01-16', 0.00),
(62, 2, 78, 0.00, '2011-01-01', 0.00),
(64, 2, 23, 3.00, '2015-07-15', 0.00),
(65, 2, 24, 0.00, '2015-09-04', 0.00),
(66, 2, 80, 3.00, '2015-07-15', 0.00),
(67, 2, 81, 3.00, '2015-07-15', 0.00),
(68, 2, 28, 0.00, '2015-08-26', 0.00),
(69, 2, 29, 0.00, '2015-10-28', 0.00),
(70, 2, 67, 12.00, '2015-07-11', 0.00),
(71, 2, 66, 5.00, '2016-01-16', 0.00),
(72, 2, 82, 0.00, '2016-01-07', 0.00),
(81, 2, 91, 2.00, '2015-11-30', 0.00),
(82, 2, 92, 2.00, '2016-01-02', 0.00),
(83, 2, 93, 2.00, '2015-07-15', 0.00),
(84, 2, 94, 1.00, '2015-07-15', 0.00),
(85, 2, 95, 1.00, '2015-07-15', 0.00),
(86, 2, 96, 1.00, '2015-07-15', 0.00),
(87, 2, 97, 10.00, '2015-07-15', 0.00),
(88, 2, 98, 10.00, '2015-07-15', 0.00),
(89, 2, 99, 10.00, '2015-07-15', 0.00),
(90, 2, 100, 10.00, '2015-07-15', 0.00),
(103, 2, 113, 10.00, '2015-07-15', 0.00),
(104, 2, 114, 10.00, '2015-07-15', 0.00),
(105, 2, 115, 9.00, '2015-07-15', 0.00),
(106, 2, 116, 10.00, '2015-07-15', 0.00),
(107, 2, 117, 10.00, '2015-07-15', 0.00),
(108, 2, 118, 10.00, '2015-07-15', 0.00),
(109, 2, 119, 10.00, '2015-07-15', 0.00),
(110, 2, 120, 10.00, '2015-07-15', 0.00),
(111, 2, 34, 1.00, '2015-10-27', 0.00),
(112, 2, 35, 2.00, '2015-07-15', 0.00),
(114, 2, 121, 0.00, '2015-07-27', 0.00),
(118, 2, 125, 0.00, '2011-01-01', 0.00),
(119, 2, 126, 0.00, '2015-10-09', 0.00),
(122, 2, 129, 0.00, '2011-01-01', 0.00),
(124, 2, 131, 0.00, '2011-01-01', 0.00),
(126, 2, 133, 0.00, '2011-01-01', 0.00),
(127, 2, 134, -27.00, '2016-01-16', 0.00),
(130, 2, 27, 3.00, '2015-12-11', 0.00),
(131, 2, 21, 2.00, '2015-10-27', 0.00),
(132, 2, 22, 3.00, '2015-12-26', 0.00),
(133, 2, 135, 33.00, '2015-10-19', 0.00),
(134, 2, 136, 122.00, '2015-10-19', 0.00),
(135, 2, 137, 69.00, '2015-11-03', 0.00),
(136, 2, 138, 37.00, '2015-10-17', 0.00),
(137, 2, 139, 33.00, '2015-11-07', 0.00),
(138, 2, 140, 29.00, '2015-10-19', 0.00),
(139, 2, 141, 97.00, '2015-10-19', 0.00),
(140, 2, 142, 70.00, '2015-10-19', 0.00),
(141, 2, 143, 31.00, '2015-10-19', 0.00),
(142, 2, 144, 33.00, '2015-10-19', 0.00),
(143, 2, 145, 35.00, '2015-10-19', 0.00),
(144, 2, 146, 0.00, '2011-01-01', 0.00),
(145, 2, 153, 0.00, '2015-10-15', 0.00),
(146, 2, 154, 0.00, '2011-01-01', 0.00),
(147, 2, 155, 1.00, '2015-11-30', 0.00),
(148, 2, 156, 0.00, '2011-01-01', 0.00),
(149, 2, 157, 0.00, '2015-12-12', 0.00),
(150, 2, 158, 0.00, '2011-01-01', 0.00),
(151, 2, 159, 0.00, '2011-01-01', 0.00),
(152, 2, 148, 0.00, '2011-01-01', 0.00),
(153, 2, 160, 0.00, '2011-01-01', 0.00),
(154, 2, 149, 0.00, '2011-01-01', 0.00),
(155, 2, 161, 0.00, '2011-01-01', 0.00),
(156, 2, 162, 0.00, '2011-01-01', 0.00),
(157, 2, 163, 0.00, '2011-01-01', 0.00),
(158, 2, 150, 0.00, '2015-09-15', 0.00),
(159, 2, 164, 0.00, '2011-01-01', 0.00),
(160, 2, 165, 0.00, '2011-01-01', 0.00),
(161, 2, 166, 0.00, '2011-01-01', 0.00),
(162, 2, 167, 0.00, '2011-01-01', 0.00),
(163, 2, 151, 0.00, '2011-01-01', 0.00),
(164, 2, 152, 0.00, '2011-01-01', 0.00),
(165, 2, 168, 0.00, '2011-01-01', 0.00),
(166, 2, 169, 0.00, '2011-01-01', 0.00),
(167, 2, 170, 0.00, '2011-01-01', 0.00),
(168, 2, 171, 0.00, '2011-01-01', 0.00),
(169, 2, 147, 0.00, '2011-01-01', 0.00),
(170, 2, 173, 0.00, '2016-01-11', 0.00),
(171, 2, 174, 11.00, '2016-01-11', 0.00),
(172, 2, 175, 7.00, '2015-12-17', 0.00),
(173, 2, 176, 8.00, '2015-12-16', 0.00),
(174, 2, 182, 4.00, '2016-01-02', 0.00),
(175, 2, 183, 9.00, '2015-07-15', 0.00),
(176, 2, 184, 7.00, '2015-12-17', 0.00),
(177, 2, 185, 10.00, '2015-07-15', 0.00),
(178, 2, 191, 1.00, '2016-01-02', 0.00),
(179, 2, 192, 9.00, '2015-11-16', 0.00),
(180, 2, 193, 0.00, '2015-12-17', 0.00),
(181, 2, 194, 10.00, '2015-07-15', 0.00),
(182, 2, 218, 8.00, '2016-01-12', 0.00),
(183, 2, 219, 9.00, '2015-11-16', 0.00),
(184, 2, 220, 10.00, '2015-07-15', 0.00),
(185, 2, 221, 10.00, '2015-07-15', 0.00),
(186, 2, 200, 9.00, '2015-08-27', 0.00),
(187, 2, 201, 10.00, '2015-07-15', 0.00),
(188, 2, 202, 10.00, '2015-07-15', 0.00),
(189, 2, 203, 10.00, '2015-07-15', 0.00),
(190, 2, 256, -83.00, '2015-12-21', 0.00),
(191, 2, 257, -30.00, '2015-11-18', 0.00),
(192, 2, 258, -20.00, '2015-11-23', 0.00),
(193, 2, 259, 0.00, '2015-12-22', 0.00),
(194, 2, 247, 0.00, '2011-01-01', 0.00),
(195, 2, 246, 0.00, '2011-01-01', 0.00),
(196, 2, 245, 0.00, '2011-01-01', 0.00),
(197, 2, 255, 2.00, '2015-09-01', 0.00),
(198, 2, 254, 0.00, '2011-01-01', 0.00),
(199, 2, 253, 0.00, '2011-01-01', 0.00),
(200, 2, 252, 1.00, '2015-09-01', 0.00),
(201, 2, 251, 2.00, '2015-07-11', 0.00),
(202, 2, 250, 2.00, '2015-10-12', 0.00),
(203, 2, 249, 0.00, '2011-01-01', 0.00),
(204, 2, 248, 0.00, '2011-01-01', 0.00),
(205, 2, 260, 2.00, '2015-10-28', 0.00),
(206, 2, 261, 1.00, '2015-07-20', 0.00),
(207, 2, 262, 2.00, '2015-07-20', 0.00),
(208, 2, 263, 1.00, '2015-07-20', 0.00),
(209, 2, 264, 1.00, '2015-07-20', 0.00),
(212, 2, 267, 0.00, '2015-08-23', 0.00),
(213, 2, 268, 0.00, '2015-08-23', 0.00),
(214, 2, 269, 0.00, '2011-01-01', 0.00),
(215, 2, 270, -2.00, '2015-09-21', 0.00),
(216, 2, 271, 1.00, '2016-01-12', 0.00),
(217, 2, 272, 3.00, '2015-12-12', 0.00),
(219, 2, 274, 0.00, '2011-01-01', 0.00),
(220, 2, 275, 0.00, '2015-09-18', 0.00),
(221, 2, 276, 0.00, '2015-08-24', 0.00),
(222, 2, 277, 0.00, '2015-12-01', 0.00),
(223, 2, 278, 0.00, '2011-01-01', 0.00),
(224, 2, 279, 0.00, '2011-01-01', 0.00),
(225, 2, 280, 0.00, '2015-09-17', 0.00),
(226, 2, 281, 2.00, '2015-09-01', 0.00),
(227, 2, 283, 0.00, '2015-08-13', 0.00),
(228, 2, 282, 0.00, '2015-08-13', 0.00),
(229, 2, 284, -14.00, '2016-01-05', 0.00),
(230, 2, 285, 0.00, '2015-08-13', 0.00),
(231, 2, 287, 0.00, '2015-08-13', 0.00),
(232, 2, 288, 1.00, '2015-10-27', 0.00),
(233, 2, 289, 1.00, '2015-08-07', 0.00),
(234, 2, 291, 4.00, '2015-12-11', 0.00),
(235, 2, 290, 2.00, '2015-08-07', 0.00),
(236, 2, 292, -149.00, '2015-11-20', 0.00),
(237, 2, 293, -2.00, '2015-10-02', 0.00),
(238, 2, 236, 10.00, '2015-09-05', 0.00),
(239, 2, 209, 2.00, '2016-01-12', 0.00),
(240, 2, 294, -10.00, '2015-11-20', 0.00),
(241, 2, 295, 2.00, '2015-09-29', 0.00),
(242, 2, 296, -36.00, '2016-01-16', 0.00),
(243, 2, 297, 4.00, '2015-09-07', 0.00),
(244, 2, 298, 3.00, '2015-10-19', 0.00),
(245, 2, 299, -457.00, '2016-01-12', 0.00),
(246, 2, 300, 5.00, '2016-01-02', 0.00),
(248, 2, 302, 1.00, '2015-08-10', 0.00),
(249, 2, 303, 1.00, '2015-08-10', 0.00),
(250, 2, 306, 4.00, '2015-08-15', 0.00),
(251, 2, 305, 2.00, '2015-08-10', 0.00),
(252, 2, 304, 1.00, '2016-01-08', 0.00),
(253, 2, 307, 0.00, '2015-09-22', 0.00),
(254, 2, 308, 2.00, '2015-08-15', 0.00),
(255, 2, 309, -80.00, '2016-01-14', 0.00),
(256, 2, 310, -100.00, '2015-09-11', 0.00),
(257, 2, 311, -50.00, '2016-01-11', 0.00),
(258, 2, 211, 4.00, '2015-12-07', 0.00),
(259, 2, 312, 8.00, '2015-09-05', 0.00),
(260, 2, 314, 4.00, '2015-09-02', 0.00),
(261, 2, 317, 9.00, '2015-12-29', 0.00),
(262, 2, 319, 8.00, '2015-12-29', 0.00),
(263, 2, 315, 1.00, '2015-11-24', 0.00),
(264, 2, 318, 5.00, '2015-08-29', 0.00),
(265, 2, 313, 1.00, '2016-01-11', 0.00),
(266, 2, 316, 1.00, '2015-08-26', 0.00),
(267, 2, 320, 3.00, '2015-10-06', 0.00),
(268, 2, 321, 0.00, '2015-08-31', 0.00),
(269, 2, 322, -1.00, '2015-09-10', 0.00),
(270, 2, 323, 2.00, '2015-09-08', 0.00),
(271, 2, 324, -5.00, '2015-11-24', 0.00),
(272, 2, 325, -6.00, '2015-12-19', 0.00),
(273, 2, 326, -1.00, '2015-09-14', 0.00),
(274, 2, 327, 4.00, '2015-09-03', 0.00),
(275, 2, 328, -60.00, '2016-01-04', 0.00),
(276, 2, 329, 0.00, '2015-09-03', 0.00),
(277, 2, 210, 6.00, '2015-12-26', 0.00),
(278, 2, 238, 10.00, '2015-09-05', 0.00),
(279, 2, 212, 9.00, '2015-10-16', 0.00),
(280, 2, 330, 9.00, '2015-09-05', 0.00),
(281, 2, 331, 10.00, '2015-09-05', 0.00),
(282, 2, 237, 10.00, '2015-09-05', 0.00),
(283, 2, 239, 10.00, '2015-09-05', 0.00),
(284, 2, 332, 41.00, '2015-11-16', 0.00),
(285, 2, 334, 47.00, '2016-01-15', 0.00),
(286, 2, 335, 50.00, '2015-08-28', 0.00),
(287, 2, 333, 50.00, '2015-08-28', 0.00),
(288, 2, 336, 0.00, '2011-01-01', 0.00),
(289, 2, 337, 3.00, '2015-09-08', 0.00),
(290, 2, 338, 2.00, '2015-09-08', 0.00),
(291, 2, 339, 2.00, '2015-09-08', 0.00),
(292, 2, 340, 1.00, '2015-07-27', 0.00),
(293, 2, 342, 0.00, '2015-09-10', 0.00),
(294, 2, 344, 0.00, '2015-09-10', 0.00),
(295, 2, 347, 0.00, '2015-09-10', 0.00),
(296, 2, 349, 0.00, '2015-10-19', 0.00),
(297, 2, 350, 0.00, '2015-10-19', 0.00),
(298, 2, 351, 0.00, '2015-09-10', 0.00),
(299, 2, 341, 0.00, '2015-09-10', 0.00),
(300, 2, 352, 0.00, '2015-10-19', 0.00),
(301, 2, 343, 0.00, '2015-09-10', 0.00),
(302, 2, 345, 0.00, '2015-09-10', 0.00),
(303, 2, 346, 0.00, '2015-09-10', 0.00),
(304, 2, 348, 0.00, '2015-10-19', 0.00),
(305, 2, 353, 0.00, '2015-09-14', 0.00),
(306, 2, 354, 0.00, '2015-09-14', 0.00),
(307, 2, 355, 0.00, '2015-09-04', 0.00),
(308, 2, 356, 1.00, '2015-11-12', 0.00),
(309, 2, 357, 2.00, '2015-10-17', 0.00),
(310, 2, 358, 1.00, '2015-09-14', 0.00),
(311, 2, 359, 2.00, '2015-09-14', 0.00),
(312, 2, 360, 0.00, '2015-10-14', 0.00),
(313, 2, 363, 0.00, '2015-10-14', 0.00),
(314, 2, 361, 0.00, '2015-10-19', 0.00),
(315, 2, 362, 2.00, '2015-10-14', 0.00),
(316, 2, 364, 0.00, '2015-09-14', 0.00),
(317, 2, 365, 0.00, '2015-09-14', 0.00),
(318, 2, 366, 0.00, '2015-09-14', 0.00),
(319, 2, 367, 107.00, '2015-10-27', 0.00),
(320, 2, 369, 3.00, '2015-09-18', 0.00),
(321, 2, 370, 3.00, '2015-09-18', 0.00),
(322, 2, 368, 0.00, '2015-10-19', 0.00),
(323, 2, 371, 3.00, '2015-12-09', 0.00),
(324, 2, 372, 4.00, '2015-09-18', 0.00),
(325, 2, 373, 4.00, '2015-09-18', 0.00),
(326, 2, 374, 5.00, '2015-09-05', 0.00),
(327, 2, 375, 1.00, '2015-09-05', 0.00),
(328, 2, 376, 1.00, '2015-10-19', 0.00),
(329, 2, 377, 1.00, '2015-09-21', 0.00),
(330, 2, 379, 1.00, '2015-09-19', 0.00),
(331, 2, 378, 0.00, '2015-09-19', 0.00),
(332, 2, 381, 5.00, '2015-12-21', 0.00),
(333, 2, 380, 4.00, '2015-12-21', 0.00),
(334, 2, 383, 0.00, '2015-12-09', 0.00),
(335, 2, 393, 10.00, '2015-08-28', 0.00),
(336, 2, 402, 9.00, '2015-10-26', 0.00),
(337, 2, 410, 10.00, '2015-08-28', 0.00),
(338, 2, 399, 8.00, '2015-11-20', 0.00),
(339, 2, 412, 9.00, '2015-10-26', 0.00),
(340, 2, 413, 10.00, '2015-10-26', 0.00),
(341, 2, 414, 9.00, '2015-10-26', 0.00),
(342, 2, 416, 0.00, '2015-10-02', 0.00),
(343, 2, 396, 10.00, '2015-10-26', 0.00),
(344, 2, 417, 0.00, '2015-10-05', 0.00),
(346, 2, 419, 3.00, '2015-09-29', 0.00),
(347, 2, 420, 8.00, '2015-11-09', 0.00),
(348, 2, 421, 0.00, '2015-09-29', 0.00),
(349, 2, 422, 0.00, '2015-09-29', 0.00),
(350, 2, 424, 3.00, '2015-09-30', 0.00),
(351, 2, 423, 4.00, '2015-09-30', 0.00),
(352, 2, 425, 3.00, '2015-09-30', 0.00),
(353, 2, 415, 10.00, '2015-10-26', 0.00),
(354, 2, 426, 9.00, '2015-10-26', 0.00),
(355, 2, 427, 11.00, '2015-10-26', 0.00),
(356, 2, 428, 10.00, '2015-10-26', 0.00),
(357, 2, 429, 0.00, '2011-01-01', 0.00),
(358, 2, 430, 4.00, '2016-01-04', 0.00),
(359, 2, 431, 1.00, '2015-12-18', 0.00),
(360, 2, 432, 3.00, '2015-10-03', 0.00),
(361, 2, 433, 1.00, '2015-12-23', 0.00),
(362, 2, 434, 50.00, '2015-08-28', 0.00),
(363, 2, 435, 50.00, '2015-08-28', 0.00),
(364, 2, 437, 50.00, '2015-08-28', 0.00),
(365, 2, 436, 50.00, '2015-08-28', 0.00),
(366, 2, 395, 10.00, '2015-08-28', 0.00),
(367, 2, 438, 10.00, '2015-08-28', 0.00),
(368, 2, 439, 10.00, '2015-08-28', 0.00),
(369, 2, 440, 10.00, '2015-08-28', 0.00),
(370, 2, 443, 10.00, '2015-08-28', 0.00),
(371, 2, 441, 10.00, '2015-08-28', 0.00),
(372, 2, 444, 10.00, '2015-08-28', 0.00),
(373, 2, 442, 10.00, '2015-08-28', 0.00),
(374, 2, 445, 10.00, '2015-08-28', 0.00),
(375, 2, 446, 10.00, '2015-08-28', 0.00),
(376, 2, 447, 10.00, '2015-08-28', 0.00),
(377, 2, 397, 17.00, '2015-11-06', 0.00),
(378, 2, 404, 10.00, '2015-08-28', 0.00),
(379, 2, 390, 10.00, '2015-08-28', 0.00),
(380, 2, 406, 17.00, '2015-10-29', 0.00),
(381, 2, 405, 10.00, '2015-08-28', 0.00),
(382, 2, 407, 10.00, '2015-08-28', 0.00),
(383, 2, 408, 10.00, '2015-08-28', 0.00),
(385, 2, 411, 10.00, '2015-08-28', 0.00),
(386, 2, 409, 10.00, '2015-08-28', 0.00),
(387, 2, 384, 10.00, '2015-08-28', 0.00),
(388, 2, 387, 9.00, '2015-08-28', 0.00),
(389, 2, 386, 10.00, '2015-08-28', 0.00),
(390, 2, 391, 10.00, '2015-08-28', 0.00),
(391, 2, 388, 6.00, '2015-08-28', 0.00),
(392, 2, 392, 10.00, '2015-08-28', 0.00),
(393, 2, 394, 10.00, '2015-08-28', 0.00),
(394, 2, 385, 10.00, '2015-08-28', 0.00),
(395, 2, 389, 10.00, '2015-08-28', 0.00),
(398, 2, 450, 0.00, '2015-10-14', 0.00),
(399, 2, 451, 0.00, '2015-10-14', 0.00),
(400, 2, 464, 0.00, '2011-01-01', 0.00),
(401, 2, 463, 0.00, '2011-01-01', 0.00),
(402, 2, 462, 0.00, '2011-01-01', 0.00),
(403, 2, 461, 0.00, '2015-12-17', 0.00),
(404, 2, 453, 0.00, '2015-10-14', 0.00),
(405, 2, 475, 0.00, '2015-10-19', 0.00),
(406, 2, 474, 0.00, '2015-10-19', 0.00),
(407, 2, 476, 0.00, '2015-10-19', 0.00),
(408, 2, 459, 0.00, '2015-10-14', 0.00),
(409, 2, 470, 0.00, '2015-10-14', 0.00),
(410, 2, 455, 0.00, '2015-10-14', 0.00),
(411, 2, 472, 0.00, '2015-10-14', 0.00),
(412, 2, 478, 0.00, '2015-10-14', 0.00),
(413, 2, 456, 0.00, '2011-01-01', 0.00),
(414, 2, 480, 0.00, '2015-10-14', 0.00),
(415, 2, 473, 0.00, '2015-10-14', 0.00),
(416, 2, 467, 0.00, '2015-10-14', 0.00),
(417, 2, 469, 0.00, '2015-12-18', 0.00),
(418, 2, 454, 0.00, '2015-10-19', 0.00),
(419, 2, 457, 0.00, '2015-10-19', 0.00),
(420, 2, 452, 0.00, '2015-10-19', 0.00),
(421, 2, 477, 0.00, '2015-10-19', 0.00),
(422, 2, 483, -1.00, '2015-10-16', 0.00),
(423, 2, 403, 10.00, '2015-10-26', 0.00),
(424, 2, 401, 10.00, '2015-10-26', 0.00),
(425, 2, 398, 10.00, '2015-10-26', 0.00),
(426, 2, 400, 10.00, '2015-10-26', 0.00),
(427, 2, 227, 0.00, '2015-10-19', 0.00),
(429, 2, 479, 0.00, '2015-10-19', 0.00),
(430, 2, 484, 0.00, '2015-10-21', 0.00),
(431, 2, 485, -1.00, '2015-10-26', 0.00),
(432, 2, 486, 1.00, '2015-11-14', 0.00),
(433, 2, 487, 1.00, '2015-11-14', 0.00),
(434, 2, 488, 2.00, '2015-10-13', 0.00),
(435, 2, 489, 2.00, '2015-10-13', 0.00),
(436, 2, 494, 0.00, '2015-11-04', 0.00),
(437, 2, 490, 0.00, '2015-11-04', 0.00),
(438, 2, 492, 0.00, '2015-11-04', 0.00),
(439, 2, 491, -2.00, '2015-11-04', 0.00),
(440, 2, 493, 0.00, '2015-11-04', 0.00),
(441, 2, 495, -15.00, '2015-12-10', 0.00),
(442, 2, 496, 10.00, '2015-10-31', 0.00),
(443, 2, 497, 9.00, '2015-11-11', 0.00),
(444, 2, 498, 0.00, '2015-12-17', 0.00),
(445, 2, 499, 8.00, '2015-11-30', 0.00),
(446, 2, 500, 0.00, '2015-11-14', 0.00),
(447, 2, 501, 0.00, '2015-11-14', 0.00),
(448, 2, 502, 5.00, '2015-11-07', 0.00),
(449, 2, 503, 2.00, '2015-11-04', 0.00),
(450, 2, 504, 2.00, '2015-11-07', 0.00),
(451, 2, 505, 2.00, '2015-11-07', 0.00),
(452, 2, 228, 0.00, '2015-11-16', 0.00),
(453, 2, 506, 1.00, '2015-11-11', 0.00),
(454, 2, 507, -28.00, '2015-11-23', 0.00),
(455, 2, 508, -1.00, '2015-11-19', 0.00),
(456, 2, 511, -3.00, '2015-11-19', 0.00),
(457, 2, 509, -76.00, '2015-12-12', 0.00),
(458, 2, 512, 0.00, '2015-12-04', 0.00),
(459, 2, 513, 2.00, '2016-12-12', 0.00),
(460, 2, 510, 10.00, '2015-11-11', 0.00),
(462, 2, 515, 3.00, '2016-01-16', 0.00),
(463, 2, 516, 1.00, '2015-11-05', 0.00),
(464, 2, 517, 0.00, '2015-11-23', 0.00),
(465, 2, 518, 0.00, '2015-11-23', 0.00),
(466, 2, 519, 3.00, '2015-11-30', 0.00),
(467, 2, 522, 1.00, '2015-11-25', 0.00),
(468, 2, 520, 3.00, '2015-11-30', 0.00),
(469, 2, 521, 3.00, '2015-11-30', 0.00),
(470, 2, 523, 0.00, '2015-12-03', 0.00),
(471, 2, 525, 0.00, '2015-12-05', 0.00),
(472, 2, 526, 0.00, '2015-12-05', 0.00),
(473, 2, 527, 0.00, '2015-12-05', 0.00),
(474, 2, 466, 0.00, '2015-12-18', 0.00),
(475, 2, 528, -2.00, '2015-12-18', 0.00),
(476, 2, 532, -1.00, '2015-12-18', 0.00),
(477, 2, 529, 0.00, '2015-12-18', 0.00),
(478, 2, 530, 0.00, '2015-12-18', 0.00),
(479, 2, 531, 0.00, '2015-12-18', 0.00),
(480, 2, 533, 0.00, '2015-12-18', 0.00),
(481, 2, 534, 0.00, '2015-12-18', 0.00),
(482, 2, 535, 1.00, '2016-01-14', 0.00),
(483, 2, 536, 0.00, '2016-01-05', 0.00),
(484, 2, 537, 12.00, '2015-12-22', 0.00),
(485, 2, 538, 0.00, '2011-01-01', 0.00),
(486, 2, 524, 0.00, '2011-01-01', 0.00),
(487, 2, 465, 0.00, '2011-01-01', 0.00),
(488, 2, 539, 0.00, '2011-01-01', 0.00);

-- --------------------------------------------------------

--
-- Table structure for table `stockentry`
--

CREATE TABLE IF NOT EXISTS `stockentry` (
  `id` int(11) NOT NULL AUTO_INCREMENT,
  `date` date NOT NULL,
  `qty` decimal(10,2) NOT NULL,
  `balance` decimal(10,2) DEFAULT NULL,
  `stock_id` int(11) NOT NULL,
  `ref_class` varchar(20) DEFAULT NULL,
  `ref_id` int(11) DEFAULT NULL,
  `is_cancelled` tinyint(4) NOT NULL DEFAULT '0',
  `priority` int(11) DEFAULT NULL,
  `type` varchar(10) DEFAULT NULL,
  `description` varchar(100) DEFAULT NULL,
  PRIMARY KEY (`id`),
  KEY `stock_id_idx` (`stock_id`)
) ENGINE=InnoDB  DEFAULT CHARSET=latin1 AUTO_INCREMENT=1789 ;

--
-- Dumping data for table `stockentry`
--

INSERT INTO `stockentry` (`id`, `date`, `qty`, `balance`, `stock_id`, `ref_class`, `ref_id`, `is_cancelled`, `priority`, `type`, `description`) VALUES
(1, '2015-07-11', 3.00, 3.00, 3, 'Purchasedetail', 1, 0, 1, NULL, NULL),
(2, '2015-07-11', 3.00, 3.00, 4, 'Purchasedetail', 2, 0, 1, NULL, NULL),
(3, '2015-07-11', 12.00, 12.00, 5, 'Purchasedetail', 3, 0, 1, NULL, NULL),
(4, '2015-07-14', 1.00, 1.00, 54, 'Purchasedetail', 4, 0, 1, NULL, NULL),
(5, '2015-06-22', 10.00, 10.00, 55, 'Purchasedetail', 5, 0, 1, NULL, NULL),
(6, '2015-06-22', 5.00, 5.00, 56, 'Purchasedetail', 6, 0, 1, NULL, NULL),
(10, '2015-07-15', 2.00, 6.00, 57, 'Purchasedetail', 10, 0, 1, NULL, NULL),
(11, '2015-07-15', 2.00, 7.00, 56, 'Purchasedetail', 11, 0, 1, NULL, NULL),
(12, '2015-07-15', 2.00, 21.00, 28, 'Purchasedetail', 12, 0, 1, NULL, NULL),
(13, '2015-07-15', 2.00, 21.00, 61, 'Purchasedetail', 13, 0, 1, NULL, NULL),
(14, '2015-07-11', 12.00, 12.00, 70, 'Purchasedetail', 14, 0, 1, NULL, NULL),
(15, '2015-07-11', 3.00, 3.00, 32, 'Purchasedetail', 15, 0, 1, NULL, NULL),
(16, '2015-07-11', 3.00, 3.00, 33, 'Purchasedetail', 16, 0, 1, NULL, NULL),
(17, '2015-07-11', 3.00, 3.00, 34, 'Purchasedetail', 17, 0, 1, NULL, NULL),
(18, '2015-07-11', 3.00, 3.00, 1, 'Purchasedetail', 18, 0, 1, NULL, NULL),
(19, '2015-07-11', 3.00, 3.00, 2, 'Purchasedetail', 19, 0, 1, NULL, NULL),
(20, '2015-07-15', 3.00, 3.00, 65, 'Purchasedetail', 20, 0, 1, NULL, NULL),
(21, '2015-07-15', 3.00, 3.00, 66, 'Purchasedetail', 21, 0, 1, NULL, NULL),
(22, '2015-07-15', 3.00, 3.00, 67, 'Purchasedetail', 22, 0, 1, NULL, NULL),
(23, '2015-07-15', 2.00, 2.00, 130, 'Purchasedetail', 23, 0, 1, NULL, NULL),
(24, '2015-07-15', 1.00, 1.00, 68, 'Purchasedetail', 24, 0, 1, NULL, NULL),
(25, '2015-07-15', 1.00, 1.00, 69, 'Purchasedetail', 25, 0, 1, NULL, NULL),
(26, '2015-07-15', 3.00, 3.00, 15, 'Purchasedetail', 26, 0, 1, NULL, NULL),
(28, '2015-07-15', 10.00, 10.00, 16, 'Purchasedetail', 28, 0, 1, NULL, NULL),
(29, '2015-07-15', 2.00, 2.00, 17, 'Purchasedetail', 29, 0, 1, NULL, NULL),
(30, '2015-07-15', 15.00, 15.00, 18, 'Purchasedetail', 30, 0, 1, NULL, NULL),
(31, '2015-07-15', 5.00, 5.00, 19, 'Purchasedetail', 31, 0, 1, NULL, NULL),
(33, '2015-07-15', 3.00, 3.00, 131, 'Purchasedetail', 33, 0, 1, NULL, NULL),
(35, '2015-07-15', 5.00, 5.00, 20, 'Purchasedetail', 32, 0, 1, NULL, NULL),
(36, '2015-07-15', 5.00, 5.00, 132, 'Purchasedetail', 34, 0, 1, NULL, NULL),
(37, '2015-07-15', 3.00, 3.00, 7, 'Purchasedetail', 35, 0, 1, NULL, NULL),
(38, '2015-07-15', 2.00, 2.00, 8, 'Purchasedetail', 36, 0, 1, NULL, NULL),
(39, '2015-07-15', 3.00, 3.00, 13, 'Purchasedetail', 37, 0, 1, NULL, NULL),
(40, '2015-07-15', 3.00, 3.00, 14, 'Purchasedetail', 38, 0, 1, NULL, NULL),
(41, '2015-07-15', 5.00, 5.00, 9, 'Purchasedetail', 39, 0, 1, NULL, NULL),
(42, '2015-07-15', 10.00, 10.00, 12, 'Purchasedetail', 40, 0, 1, NULL, NULL),
(43, '2015-07-15', 3.00, 3.00, 10, 'Purchasedetail', 41, 0, 1, NULL, NULL),
(44, '2015-07-15', 3.00, 3.00, 11, 'Purchasedetail', 42, 0, 1, NULL, NULL),
(45, '2015-07-15', 3.00, 3.00, 64, 'Purchasedetail', 43, 0, 1, NULL, NULL),
(46, '2015-07-15', 6.00, 6.00, 21, 'Purchasedetail', 44, 0, 1, NULL, NULL),
(47, '2015-07-15', 12.00, 12.00, 45, 'Purchasedetail', 45, 0, 1, NULL, NULL),
(48, '2015-07-15', 12.00, 12.00, 46, 'Purchasedetail', 46, 0, 1, NULL, NULL),
(49, '2015-07-15', 10.00, 10.00, 47, 'Purchasedetail', 47, 0, 1, NULL, NULL),
(50, '2015-07-15', 6.00, 6.00, 48, 'Purchasedetail', 48, 0, 1, NULL, NULL),
(51, '2015-07-15', 12.00, 12.00, 49, 'Purchasedetail', 49, 0, 1, NULL, NULL),
(52, '2015-07-15', 12.00, 12.00, 50, 'Purchasedetail', 50, 0, 1, NULL, NULL),
(53, '2015-07-15', 12.00, 12.00, 51, 'Purchasedetail', 51, 0, 1, NULL, NULL),
(54, '2015-07-15', 6.00, 6.00, 52, 'Purchasedetail', 52, 0, 1, NULL, NULL),
(55, '2015-07-15', 12.00, 12.00, 71, 'Purchasedetail', 53, 0, 1, NULL, NULL),
(56, '2015-07-15', 12.00, 12.00, 72, 'Purchasedetail', 54, 0, 1, NULL, NULL),
(57, '2015-07-15', 240.00, 240.00, 43, 'Purchasedetail', 55, 0, 1, NULL, NULL),
(58, '2015-07-15', 48.00, 48.00, 44, 'Purchasedetail', 56, 0, 1, NULL, NULL),
(61, '2015-07-15', -1.00, 20.00, 28, 'Invoicedetail', 1, 0, 2, NULL, NULL),
(62, '2015-07-15', -1.00, -1.00, 133, 'Invoicedetail', 2, 0, 1, NULL, NULL),
(63, '2015-07-15', -4.00, -4.00, 134, 'Invoicedetail', 3, 0, 1, NULL, NULL),
(64, '2015-07-15', -1.00, -1.00, 135, 'Invoicedetail', 4, 0, 1, NULL, NULL),
(65, '2015-07-15', -1.00, -1.00, 136, 'Invoicedetail', 5, 0, 1, NULL, NULL),
(76, '2015-07-15', 1.00, 1.00, 84, 'Purchasedetail', 68, 0, 1, NULL, NULL),
(77, '2015-07-15', 1.00, 1.00, 81, 'Purchasedetail', 65, 0, 1, NULL, NULL),
(79, '2015-07-15', 2.00, 2.00, 83, 'Purchasedetail', 67, 0, 1, NULL, NULL),
(80, '2015-07-15', 1.00, 1.00, 86, 'Purchasedetail', 69, 0, 1, NULL, NULL),
(81, '2015-07-15', 1.00, 1.00, 85, 'Purchasedetail', 70, 0, 1, NULL, NULL),
(82, '2015-07-15', 2.00, 2.00, 82, 'Purchasedetail', 66, 0, 1, NULL, NULL),
(83, '2015-07-15', 10.00, 10.00, 87, 'Purchasedetail', 71, 0, 1, NULL, NULL),
(84, '2015-07-15', 10.00, 10.00, 88, 'Purchasedetail', 72, 0, 1, NULL, NULL),
(85, '2015-07-15', 10.00, 10.00, 89, 'Purchasedetail', 73, 0, 1, NULL, NULL),
(86, '2015-07-15', 10.00, 10.00, 90, 'Purchasedetail', 74, 0, 1, NULL, NULL),
(99, '2015-07-15', 10.00, 10.00, 103, 'Purchasedetail', 87, 0, 1, NULL, NULL),
(100, '2015-07-15', 10.00, 10.00, 104, 'Purchasedetail', 88, 0, 1, NULL, NULL),
(101, '2015-07-15', 10.00, 10.00, 105, 'Purchasedetail', 89, 0, 1, NULL, NULL),
(102, '2015-07-15', 10.00, 10.00, 106, 'Purchasedetail', 90, 0, 1, NULL, NULL),
(103, '2015-07-15', 10.00, 10.00, 107, 'Purchasedetail', 91, 0, 1, NULL, NULL),
(104, '2015-07-15', 10.00, 10.00, 108, 'Purchasedetail', 92, 0, 1, NULL, NULL),
(105, '2015-07-15', 10.00, 10.00, 109, 'Purchasedetail', 93, 0, 1, NULL, NULL),
(106, '2015-07-15', 10.00, 10.00, 110, 'Purchasedetail', 94, 0, 1, NULL, NULL),
(107, '2015-07-15', 5.00, 5.00, 23, 'Purchasedetail', 95, 0, 1, NULL, NULL),
(108, '2015-07-15', 1.00, 1.00, 24, 'Purchasedetail', 96, 0, 1, NULL, NULL),
(109, '2015-07-15', 2.00, 2.00, 111, 'Purchasedetail', 97, 0, 1, NULL, NULL),
(110, '2015-07-15', 2.00, 2.00, 112, 'Purchasedetail', 98, 0, 1, NULL, NULL),
(111, '2015-07-15', 30.00, 51.00, 61, 'Purchasedetail', 99, 0, 2, NULL, NULL),
(112, '2015-07-15', 12.00, 32.00, 28, 'Purchasedetail', 100, 0, 3, NULL, NULL),
(113, '2015-07-15', 60.00, 60.00, 29, 'Purchasedetail', 101, 0, 1, NULL, NULL),
(114, '2015-07-15', 20.00, 20.00, 31, 'Purchasedetail', 102, 0, 1, NULL, NULL),
(115, '2015-07-15', 20.00, 20.00, 30, 'Purchasedetail', 103, 0, 1, NULL, NULL),
(117, '2015-07-15', 10.00, 10.00, 137, 'Purchasedetail', 105, 0, 1, NULL, NULL),
(118, '2015-07-15', 10.00, 10.00, 138, 'Purchasedetail', 106, 0, 1, NULL, NULL),
(119, '2015-07-15', 30.00, 30.00, 139, 'Purchasedetail', 107, 0, 1, NULL, NULL),
(120, '2015-07-15', 20.00, 20.00, 140, 'Purchasedetail', 108, 0, 1, NULL, NULL),
(121, '2015-07-15', 10.00, 9.00, 136, 'Purchasedetail', 109, 0, 2, NULL, NULL),
(122, '2015-07-15', 10.00, 10.00, 141, 'Purchasedetail', 110, 0, 1, NULL, NULL),
(123, '2015-07-15', 10.00, 10.00, 142, 'Purchasedetail', 111, 0, 1, NULL, NULL),
(124, '2015-07-15', 40.00, 36.00, 134, 'Purchasedetail', 112, 0, 2, NULL, NULL),
(125, '2015-07-15', 10.00, 10.00, 143, 'Purchasedetail', 113, 0, 1, NULL, NULL),
(126, '2015-07-15', 20.00, 19.00, 135, 'Purchasedetail', 114, 0, 2, NULL, NULL),
(127, '2015-07-15', 10.00, 61.00, 61, 'Purchasedetail', 115, 0, 3, NULL, NULL),
(129, '2015-07-15', 10.00, 42.00, 28, 'Purchasedetail', 117, 0, 4, NULL, NULL),
(130, '2015-07-15', 100.00, 340.00, 43, 'Purchasedetail', 118, 0, 2, NULL, NULL),
(131, '2015-07-15', 10.00, 9.00, 133, 'Purchasedetail', 119, 0, 2, NULL, NULL),
(132, '2015-07-15', 8.00, 8.00, 170, 'Purchasedetail', 57, 0, 1, NULL, NULL),
(133, '2015-07-15', 10.00, 10.00, 171, 'Purchasedetail', 58, 0, 1, NULL, NULL),
(134, '2015-07-15', 10.00, 10.00, 172, 'Purchasedetail', 59, 0, 1, NULL, NULL),
(135, '2015-07-15', 10.00, 10.00, 173, 'Purchasedetail', 60, 0, 1, NULL, NULL),
(136, '2015-07-15', 10.00, 10.00, 174, 'Purchasedetail', 61, 0, 1, NULL, NULL),
(137, '2015-07-15', 10.00, 10.00, 175, 'Purchasedetail', 62, 0, 1, NULL, NULL),
(138, '2015-07-15', 10.00, 10.00, 176, 'Purchasedetail', 63, 0, 1, NULL, NULL),
(139, '2015-07-15', 10.00, 10.00, 177, 'Purchasedetail', 64, 0, 1, NULL, NULL),
(140, '2015-07-15', 10.00, 10.00, 178, 'Purchasedetail', 75, 0, 1, NULL, NULL),
(141, '2015-07-15', 10.00, 10.00, 179, 'Purchasedetail', 76, 0, 1, NULL, NULL),
(142, '2015-07-15', 10.00, 10.00, 180, 'Purchasedetail', 77, 0, 1, NULL, NULL),
(143, '2015-07-15', 10.00, 10.00, 181, 'Purchasedetail', 78, 0, 1, NULL, NULL),
(145, '2015-07-15', 10.00, 10.00, 182, 'Purchasedetail', 79, 0, 1, NULL, NULL),
(146, '2015-07-15', 10.00, 10.00, 183, 'Purchasedetail', 80, 0, 1, NULL, NULL),
(147, '2015-07-15', 10.00, 10.00, 184, 'Purchasedetail', 81, 0, 1, NULL, NULL),
(148, '2015-07-15', 10.00, 10.00, 185, 'Purchasedetail', 82, 0, 1, NULL, NULL),
(149, '2015-07-15', 10.00, 10.00, 186, 'Purchasedetail', 83, 0, 1, NULL, NULL),
(150, '2015-07-15', 10.00, 10.00, 187, 'Purchasedetail', 84, 0, 1, NULL, NULL),
(151, '2015-07-15', 10.00, 10.00, 188, 'Purchasedetail', 85, 0, 1, NULL, NULL),
(152, '2015-07-15', 10.00, 10.00, 189, 'Purchasedetail', 86, 0, 1, NULL, NULL),
(154, '2015-07-20', 3.00, 3.00, 193, 'Purchasedetail', 121, 0, 1, NULL, NULL),
(155, '2015-07-20', 3.00, 3.00, 205, 'Purchasedetail', 122, 0, 1, NULL, NULL),
(156, '2015-07-20', 1.00, 1.00, 206, 'Purchasedetail', 123, 0, 1, NULL, NULL),
(157, '2015-07-20', 2.00, 2.00, 207, 'Purchasedetail', 124, 0, 1, NULL, NULL),
(158, '2015-07-20', 1.00, 1.00, 208, 'Purchasedetail', 125, 0, 1, NULL, NULL),
(159, '2015-07-20', 1.00, 1.00, 209, 'Purchasedetail', 126, 0, 1, NULL, NULL),
(165, '2015-07-16', -2.00, 5.00, 56, 'Invoicedetail', 7, 0, 1, NULL, NULL),
(166, '2015-07-21', -1.00, 2.00, 15, 'Invoicedetail', 8, 0, 1, NULL, NULL),
(167, '2015-07-17', -1.00, 9.00, 12, 'Invoicedetail', 9, 0, 1, NULL, NULL),
(168, '2015-07-18', -1.00, 2.00, 60, 'Invoicedetail', 10, 0, 1, NULL, NULL),
(169, '2015-07-20', -1.00, 40.00, 28, 'Invoicedetail', 11, 0, 1, NULL, NULL),
(170, '2015-07-20', -1.00, 59.00, 61, 'Invoicedetail', 12, 0, 1, NULL, NULL),
(171, '2015-07-20', -1.00, 39.00, 28, 'Invoicedetail', 13, 0, 2, NULL, NULL),
(172, '2015-07-20', -1.00, 58.00, 61, 'Invoicedetail', 14, 0, 2, NULL, NULL),
(173, '2015-07-20', -1.00, 18.00, 135, 'Invoicedetail', 15, 0, 1, NULL, NULL),
(174, '2015-07-24', -7.00, 51.00, 61, 'Invoicedetail', 16, 0, 1, NULL, NULL),
(175, '2015-07-24', -1.00, 11.00, 5, 'Invoicedetail', 17, 0, 1, NULL, NULL),
(179, '2015-07-23', -1.00, -1.00, 212, 'Invoicedetail', 21, 0, 1, NULL, NULL),
(180, '2015-07-23', -1.00, -1.00, 213, 'Invoicedetail', 22, 0, 1, NULL, NULL),
(186, '2015-07-27', 1.00, 51.00, 61, 'Purchasedetail', 136, 0, 1, NULL, NULL),
(187, '2015-07-27', 1.00, 39.00, 28, 'Purchasedetail', 137, 0, 1, NULL, NULL),
(188, '2015-07-27', 1.00, 0.00, 114, 'Purchasedetail', 138, 0, 1, NULL, NULL),
(189, '2015-07-27', 1.00, 5.00, 56, 'Purchasedetail', 139, 0, 1, NULL, NULL),
(190, '2015-07-27', 1.00, -1.00, 127, 'Purchasedetail', 140, 0, 1, NULL, NULL),
(191, '2015-07-25', -1.00, 4.00, 56, 'Invoicedetail', 23, 0, 1, NULL, NULL),
(193, '2015-07-25', -1.00, 38.00, 28, 'Invoicedetail', 25, 0, 1, NULL, NULL),
(194, '2015-07-25', -1.00, 50.00, 61, 'Invoicedetail', 26, 0, 1, NULL, NULL),
(195, '2015-07-25', -1.00, -2.00, 127, 'Invoicedetail', 27, 0, 1, NULL, NULL),
(196, '2015-07-25', -1.00, -1.00, 114, 'Invoicedetail', 24, 0, 1, NULL, NULL),
(197, '2015-07-24', -1.00, 8.00, 40, 'Invoicedetail', 19, 1, 1, NULL, NULL),
(198, '2015-07-24', -1.00, 1.00, 60, 'Invoicedetail', 28, 1, 1, NULL, NULL),
(200, '2015-07-24', -1.00, 50.00, 61, 'Invoicedetail', 30, 1, 2, NULL, NULL),
(201, '2015-07-24', -1.00, -2.00, 127, 'Invoicedetail', 31, 1, 1, NULL, NULL),
(202, '2015-07-16', -1.00, 9.00, 40, 'Invoicedetail', 6, 0, 1, NULL, NULL),
(203, '2015-07-16', -1.00, 3.00, 60, 'Invoicedetail', 32, 0, 1, NULL, NULL),
(204, '2015-07-16', -1.00, 41.00, 28, 'Invoicedetail', 33, 0, 1, NULL, NULL),
(205, '2015-07-16', -1.00, 60.00, 61, 'Invoicedetail', 34, 0, 1, NULL, NULL),
(206, '2015-07-16', -1.00, -1.00, 127, 'Invoicedetail', 35, 0, 1, NULL, NULL),
(207, '2015-07-24', -1.00, 38.00, 28, 'Invoicedetail', 29, 1, 1, NULL, NULL),
(208, '2015-07-31', -1.00, 8.00, 12, 'Invoicedetail', 36, 0, 1, NULL, NULL),
(209, '2015-07-31', -1.00, 6.00, 60, 'Invoicedetail', 37, 0, 1, NULL, NULL),
(210, '2015-07-29', -2.00, 8.00, 55, 'Invoicedetail', 38, 0, 1, NULL, NULL),
(211, '2015-08-01', -1.00, 3.00, 19, 'Invoicedetail', 39, 0, 1, NULL, NULL),
(212, '2015-08-04', -1.00, 8.00, 40, 'Invoicedetail', 40, 0, 1, NULL, NULL),
(213, '2015-08-04', -3.00, 17.00, 135, 'Invoicedetail', 41, 0, 1, NULL, NULL),
(214, '2015-08-04', -2.00, -2.00, 215, 'Invoicedetail', 42, 0, 1, NULL, NULL),
(215, '2015-08-04', -1.00, 10.00, 143, 'Invoicedetail', 43, 0, 1, NULL, NULL),
(216, '2015-08-04', -1.00, 4.00, 56, 'Invoicedetail', 44, 0, 1, NULL, NULL),
(217, '2015-08-04', -1.00, 5.00, 57, 'Invoicedetail', 45, 0, 1, NULL, NULL),
(218, '2015-08-04', -1.00, 38.00, 28, 'Invoicedetail', 46, 0, 1, NULL, NULL),
(219, '2015-08-04', -1.00, 50.00, 61, 'Invoicedetail', 47, 0, 1, NULL, NULL),
(220, '2015-08-04', -1.00, -2.00, 127, 'Invoicedetail', 48, 0, 1, NULL, NULL),
(221, '2015-08-04', -1.00, 2.00, 1, 'Invoicedetail', 49, 0, 1, NULL, NULL),
(222, '2015-07-23', -1.00, 1.00, 130, 'Invoicedetail', 50, 0, 1, NULL, NULL),
(223, '2015-08-05', -1.00, 2.00, 13, 'Invoicedetail', 51, 0, 1, NULL, NULL),
(224, '2015-08-06', -1.00, 339.00, 43, 'Invoicedetail', 52, 0, 1, NULL, NULL),
(225, '2015-08-07', -1.00, 49.00, 61, 'Invoicedetail', 53, 0, 1, NULL, NULL),
(226, '2015-08-07', -1.00, 37.00, 28, 'Invoicedetail', 54, 0, 1, NULL, NULL),
(227, '2015-08-07', -2.00, 6.00, 40, 'Invoicedetail', 55, 0, 1, NULL, NULL),
(228, '2015-08-07', -1.00, 2.00, 32, 'Invoicedetail', 56, 0, 1, NULL, NULL),
(229, '2015-08-07', -1.00, 2.00, 193, 'Invoicedetail', 57, 0, 1, NULL, NULL),
(230, '2015-08-08', -1.00, 7.00, 12, 'Invoicedetail', 58, 0, 1, NULL, NULL),
(231, '2015-08-10', -1.00, 4.00, 20, 'Invoicedetail', 59, 0, 1, NULL, NULL),
(232, '2015-08-11', -1.00, 1.00, 193, 'Invoicedetail', 60, 0, 1, NULL, NULL),
(235, '2015-06-30', 10.00, 10.00, 40, 'Purchasedetail', 141, 0, 1, NULL, NULL),
(236, '2015-06-30', 10.00, 10.00, 61, 'Purchasedetail', 142, 0, 1, NULL, NULL),
(237, '2015-06-30', 10.00, 10.00, 28, 'Purchasedetail', 143, 0, 1, NULL, NULL),
(238, '2015-06-30', 2.00, 2.00, 41, 'Purchasedetail', 144, 0, 1, NULL, NULL),
(239, '2015-06-30', 2.00, 2.00, 42, 'Purchasedetail', 145, 0, 1, NULL, NULL),
(241, '2015-08-14', -1.00, -1.00, 225, 'Invoicedetail', 64, 0, 1, NULL, NULL),
(242, '2015-08-10', 5.00, 11.00, 60, 'Purchasedetail', 146, 0, 1, NULL, NULL),
(243, '2015-08-10', 2.00, 2.00, 226, 'Purchasedetail', 147, 0, 1, NULL, NULL),
(244, '2015-08-10', 1.00, 1.00, 228, 'Purchasedetail', 148, 0, 1, NULL, NULL),
(245, '2015-08-10', 3.00, 3.00, 227, 'Purchasedetail', 149, 0, 1, NULL, NULL),
(246, '2015-08-10', 1.00, 1.00, 229, 'Purchasedetail', 150, 0, 1, NULL, NULL),
(247, '2015-08-10', 1.00, 1.00, 230, 'Purchasedetail', 151, 0, 1, NULL, NULL),
(248, '2015-08-10', 2.00, 2.00, 231, 'Purchasedetail', 152, 0, 1, NULL, NULL),
(249, '2015-08-10', 1.00, 42.00, 140, 'Purchasedetail', 153, 0, 1, NULL, NULL),
(251, '2015-08-13', -3.00, NULL, 227, 'Invoicedetail', 66, 0, 1, NULL, NULL),
(256, '2015-08-13', -1.00, 0.00, 228, 'Invoicedetail', 71, 0, 1, NULL, NULL),
(257, '2015-08-13', -3.00, -2.00, 229, 'Invoicedetail', 72, 0, 1, NULL, NULL),
(258, '2015-08-13', -1.00, 0.00, 230, 'Invoicedetail', 73, 0, 1, NULL, NULL),
(259, '2015-08-13', -2.00, NULL, 231, 'Invoicedetail', 74, 0, 1, NULL, NULL),
(260, '2015-08-13', -1.00, 41.00, 140, 'Invoicedetail', 75, 0, 1, NULL, NULL),
(261, '2015-07-24', 5.00, 7.00, 60, 'Purchasedetail', 154, 0, 1, NULL, NULL),
(262, '2015-07-24', 2.00, 2.00, 216, 'Purchasedetail', 155, 0, 1, NULL, NULL),
(263, '2015-08-15', -1.00, 5.00, 40, 'Invoicedetail', 76, 0, 1, NULL, NULL),
(264, '2015-08-15', -1.00, 1.00, 42, 'Invoicedetail', 77, 0, 1, NULL, NULL),
(265, '2015-08-15', -1.00, 59.00, 29, 'Invoicedetail', 78, 0, 1, NULL, NULL),
(266, '2015-08-15', -1.00, 10.00, 60, 'Invoicedetail', 79, 0, 1, NULL, NULL),
(267, '2015-08-17', -1.00, 10.00, 193, 'Invoicedetail', 80, 0, 1, NULL, NULL),
(268, '2015-08-17', -1.00, 11.00, 12, 'Invoicedetail', 81, 0, 1, NULL, NULL),
(269, '2015-08-17', -1.00, 0.00, 42, 'Invoicedetail', 82, 0, 1, NULL, NULL),
(270, '2015-08-17', -1.00, 6.00, 18, 'Invoicedetail', 83, 0, 1, NULL, NULL),
(271, '2015-08-07', 2.00, 2.00, 232, 'Purchasedetail', 156, 0, 1, NULL, NULL),
(272, '2015-08-07', 1.00, 1.00, 233, 'Purchasedetail', 157, 0, 1, NULL, NULL),
(273, '2015-08-07', 2.00, 2.00, 235, 'Purchasedetail', 158, 0, 1, NULL, NULL),
(274, '2015-08-07', 2.00, 2.00, 234, 'Purchasedetail', 159, 0, 1, NULL, NULL),
(275, '2015-08-17', -1.00, 4.00, 9, 'Invoicedetail', 84, 0, 1, NULL, NULL),
(276, '2015-08-18', -1.00, 3.00, 56, 'Invoicedetail', 85, 0, 1, NULL, NULL),
(277, '2015-08-18', -1.00, 9.00, 60, 'Invoicedetail', 86, 0, 1, NULL, NULL),
(278, '2015-08-18', -1.00, 53.00, 61, 'Invoicedetail', 87, 0, 1, NULL, NULL),
(279, '2015-08-18', -1.00, 41.00, 28, 'Invoicedetail', 88, 0, 1, NULL, NULL),
(280, '2015-08-18', -1.00, -3.00, 127, 'Invoicedetail', 89, 0, 1, NULL, NULL),
(281, '2015-08-18', -1.00, 40.00, 28, 'Invoicedetail', 90, 0, 2, NULL, NULL),
(282, '2015-08-18', -2.00, 6.00, 170, 'Invoicedetail', 91, 0, 1, NULL, NULL),
(283, '2015-08-18', -1.00, 10.00, 172, 'Invoicedetail', 92, 0, 1, NULL, NULL),
(284, '2015-08-18', -40.00, -40.00, 236, 'Invoicedetail', 93, 0, 1, NULL, NULL),
(285, '2015-08-18', -1.00, 47.00, 44, 'Invoicedetail', 94, 0, 1, NULL, NULL),
(286, '2015-08-19', -1.00, 1.00, 216, 'Invoicedetail', 95, 0, 1, NULL, NULL),
(287, '2015-08-19', -1.00, 52.00, 61, 'Invoicedetail', 96, 0, 1, NULL, NULL),
(288, '2015-08-19', -1.00, 39.00, 28, 'Invoicedetail', 97, 0, 1, NULL, NULL),
(289, '2015-08-19', -1.00, 10.00, 5, 'Invoicedetail', 98, 0, 1, NULL, NULL),
(290, '2015-08-19', -1.00, 5.00, 170, 'Invoicedetail', 99, 0, 1, NULL, NULL),
(292, '2015-08-19', -2.00, -2.00, 239, 'Invoicedetail', 101, 0, 1, NULL, NULL),
(294, '2015-08-19', -1.00, 2.00, 2, 'Invoicedetail', 103, 0, 1, NULL, NULL),
(295, '2015-08-19', -1.00, -1.00, 237, 'Invoicedetail', 104, 0, 1, NULL, NULL),
(296, '2015-08-19', -1.00, 2.00, 19, 'Invoicedetail', 105, 0, 1, NULL, NULL),
(297, '2015-08-20', -1.00, 338.00, 43, 'Invoicedetail', 106, 0, 1, NULL, NULL),
(298, '2015-08-20', -1.00, 2.00, 3, 'Invoicedetail', 107, 0, 1, NULL, NULL),
(299, '2015-08-20', -1.00, 9.00, 40, 'Invoicedetail', 108, 1, 1, NULL, NULL),
(300, '2015-08-20', -2.00, 1.00, 65, 'Invoicedetail', 109, 0, 1, NULL, NULL),
(301, '2015-08-21', -1.00, 4.00, 170, 'Invoicedetail', 110, 0, 1, NULL, NULL),
(302, '2015-08-21', -2.00, 45.00, 44, 'Invoicedetail', 111, 0, 1, NULL, NULL),
(303, '2015-08-21', -1.00, 9.00, 40, 'Invoicedetail', 112, 0, 1, NULL, NULL),
(304, '2015-08-21', -1.00, -1.00, 241, 'Invoicedetail', 113, 0, 1, NULL, NULL),
(305, '2015-08-21', -1.00, 5.00, 18, 'Invoicedetail', 114, 0, 1, NULL, NULL),
(306, '2015-08-21', -1.00, 38.00, 28, 'Invoicedetail', 115, 0, 1, NULL, NULL),
(307, '2015-08-21', -1.00, 51.00, 61, 'Invoicedetail', 116, 0, 1, NULL, NULL),
(308, '2015-08-21', -1.00, 4.00, 57, 'Invoicedetail', 117, 0, 1, NULL, NULL),
(309, '2015-08-21', -1.00, -4.00, 127, 'Invoicedetail', 118, 0, 1, NULL, NULL),
(310, '2015-08-21', -1.00, -1.00, 242, 'Invoicedetail', 119, 0, 1, NULL, NULL),
(311, '2015-08-21', -1.00, 3.00, 57, 'Invoicedetail', 120, 0, 2, NULL, NULL),
(312, '2015-08-21', -1.00, 337.00, 43, 'Invoicedetail', 121, 0, 1, NULL, NULL),
(313, '2015-08-21', -2.00, 35.00, 135, 'Invoicedetail', 122, 0, 1, NULL, NULL),
(314, '2015-08-21', -1.00, 19.00, 143, 'Invoicedetail', 123, 0, 1, NULL, NULL),
(315, '2015-08-23', -1.00, 6.00, 40, 'Invoicedetail', 124, 1, 1, NULL, NULL),
(316, '2015-08-23', 1.00, 0.00, 212, 'Purchasedetail', 160, 0, 1, NULL, NULL),
(317, '2015-08-23', 1.00, 0.00, 213, 'Purchasedetail', 161, 0, 1, NULL, NULL),
(318, '2015-07-03', 4.00, 4.00, 57, 'Purchasedetail', 162, 0, 1, NULL, NULL),
(319, '2015-07-03', 4.00, 4.00, 60, 'Purchasedetail', 163, 0, 1, NULL, NULL),
(320, '2015-07-11', 2.00, 2.00, 201, 'Purchasedetail', 164, 0, 1, NULL, NULL),
(321, '2015-07-11', 2.00, 2.00, 200, 'Purchasedetail', 165, 0, 1, NULL, NULL),
(322, '2015-07-11', 3.00, 3.00, 202, 'Purchasedetail', 166, 0, 1, NULL, NULL),
(323, '2015-07-11', 2.00, 2.00, 197, 'Purchasedetail', 167, 0, 1, NULL, NULL),
(324, '2015-07-11', 9.00, 19.00, 28, 'Purchasedetail', 168, 0, 1, NULL, NULL),
(325, '2015-07-11', 9.00, 19.00, 61, 'Purchasedetail', 169, 0, 1, NULL, NULL),
(326, '2015-07-15', 4.00, 6.00, 243, 'Purchasedetail', 170, 0, 1, NULL, NULL),
(327, '2015-07-15', 4.00, 6.00, 244, 'Purchasedetail', 171, 0, 1, NULL, NULL),
(329, '2015-08-24', -3.00, 9.00, 72, 'Invoicedetail', 126, 0, 1, NULL, NULL),
(330, '2015-08-24', -1.00, 9.00, 5, 'Invoicedetail', 127, 0, 1, NULL, NULL),
(331, '2015-08-24', -1.00, 11.00, 45, 'Invoicedetail', 128, 0, 1, NULL, NULL),
(332, '2015-08-24', -3.00, -5.00, 239, 'Invoicedetail', 129, 0, 1, NULL, NULL),
(333, '2015-08-24', -2.00, 8.00, 178, 'Invoicedetail', 130, 0, 1, NULL, NULL),
(334, '2015-08-24', -1.00, -1.00, 246, 'Invoicedetail', 131, 0, 1, NULL, NULL),
(335, '2015-08-24', -16.00, -16.00, 245, 'Invoicedetail', 132, 0, 1, NULL, NULL),
(338, '2015-08-24', -1.00, 18.00, 136, 'Invoicedetail', 135, 0, 1, NULL, NULL),
(339, '2015-08-24', -1.00, 40.00, 140, 'Invoicedetail', 136, 0, 1, NULL, NULL),
(340, '2015-08-24', -1.00, 1.00, 197, 'Invoicedetail', 137, 0, 1, NULL, NULL),
(341, '2015-08-24', -1.00, 1.00, 226, 'Invoicedetail', 138, 0, 1, NULL, NULL),
(344, '2015-08-24', -1.00, 50.00, 61, 'Invoicedetail', 141, 0, 1, NULL, NULL),
(345, '2015-08-24', -1.00, 37.00, 28, 'Invoicedetail', 142, 0, 1, NULL, NULL),
(346, '2015-08-24', -1.00, 0.00, 81, 'Invoicedetail', 143, 0, 1, NULL, NULL),
(347, '2015-08-25', -1.00, 2.00, 14, 'Invoicedetail', 144, 1, 1, NULL, NULL),
(348, '2015-08-25', -1.00, 48.00, 61, 'Invoicedetail', 145, 0, 1, NULL, NULL),
(349, '2015-08-25', -1.00, 35.00, 28, 'Invoicedetail', 146, 0, 1, NULL, NULL),
(350, '2015-08-25', -2.00, 35.00, 135, 'Invoicedetail', 147, 0, 1, NULL, NULL),
(351, '2015-08-25', -1.00, 20.00, 143, 'Invoicedetail', 148, 0, 1, NULL, NULL),
(352, '2015-08-25', -1.00, 8.00, 40, 'Invoicedetail', 149, 0, 1, NULL, NULL),
(353, '2015-08-25', -1.00, 0.00, 216, 'Invoicedetail', 150, 0, 1, NULL, NULL),
(354, '2015-08-14', 3.00, 3.00, 253, 'Purchasedetail', 172, 0, 1, NULL, NULL),
(355, '2015-08-14', 2.00, 2.00, 250, 'Purchasedetail', 173, 0, 1, NULL, NULL),
(356, '2015-08-11', 10.00, 11.00, 193, 'Purchasedetail', 174, 0, 2, NULL, NULL),
(357, '2015-08-10', 2.00, 2.00, 251, 'Purchasedetail', 175, 0, 1, NULL, NULL),
(358, '2015-08-10', 1.00, 1.00, 248, 'Purchasedetail', 176, 0, 1, NULL, NULL),
(359, '2015-08-10', 1.00, 1.00, 249, 'Purchasedetail', 177, 0, 1, NULL, NULL),
(360, '2015-08-10', 5.00, 12.00, 12, 'Purchasedetail', 178, 0, 1, NULL, NULL),
(361, '2015-08-10', 5.00, 5.00, 252, 'Purchasedetail', 179, 0, 1, NULL, NULL),
(362, '2015-08-15', 2.00, 2.00, 254, 'Purchasedetail', 180, 0, 1, NULL, NULL),
(363, '2015-08-15', 2.00, 4.00, 250, 'Purchasedetail', 181, 0, 1, NULL, NULL),
(364, '2015-08-19', 2.00, 2.00, 217, 'Purchasedetail', 182, 0, 1, NULL, NULL),
(365, '2015-08-17', 5.00, 10.00, 40, 'Purchasedetail', 183, 0, 1, NULL, NULL),
(366, '2015-08-17', 3.00, 3.00, 42, 'Purchasedetail', 184, 0, 2, NULL, NULL),
(367, '2015-08-17', 5.00, 42.00, 28, 'Purchasedetail', 185, 0, 1, NULL, NULL),
(368, '2015-08-17', 5.00, 54.00, 61, 'Purchasedetail', 186, 0, 1, NULL, NULL),
(369, '2015-08-25', -15.00, -55.00, 236, 'Invoicedetail', 151, 0, 1, NULL, NULL),
(370, '2015-08-26', -1.00, 0.00, 68, 'Invoicedetail', 152, 0, 1, NULL, NULL),
(371, '2015-08-26', -5.00, 5.00, 180, 'Invoicedetail', 153, 0, 1, NULL, NULL),
(372, '2015-08-26', -2.00, -2.00, 258, 'Invoicedetail', 154, 0, 1, NULL, NULL),
(373, '2015-08-26', -2.00, -2.00, 259, 'Invoicedetail', 155, 0, 1, NULL, NULL),
(374, '2015-08-26', -1.00, 1.00, 3, 'Invoicedetail', 156, 0, 1, NULL, NULL),
(375, '2015-08-26', -2.00, -2.00, 158, 'Invoicedetail', 157, 0, 1, NULL, NULL),
(376, '2015-08-27', -75.00, -130.00, 236, 'Invoicedetail', 158, 0, 1, NULL, NULL),
(377, '2015-08-27', -2.00, 6.00, 178, 'Invoicedetail', 159, 0, 1, NULL, NULL),
(378, '2015-08-27', -1.00, 9.00, 186, 'Invoicedetail', 160, 0, 1, NULL, NULL),
(379, '2015-08-27', -1.00, 8.00, 60, 'Invoicedetail', 161, 0, 1, NULL, NULL),
(387, '2015-08-28', -1.00, 1.00, 111, 'Invoicedetail', 169, 0, 1, NULL, NULL),
(389, '2015-08-28', -1.00, -131.00, 236, 'Invoicedetail', 171, 0, 1, NULL, NULL),
(390, '2015-08-29', 10.00, 10.00, 262, 'Purchasedetail', 187, 0, 1, NULL, NULL),
(392, '2015-08-29', 10.00, 10.00, 261, 'Purchasedetail', 189, 0, 1, NULL, NULL),
(393, '2015-08-29', 5.00, 5.00, 264, 'Purchasedetail', 190, 0, 1, NULL, NULL),
(394, '2015-08-29', 10.00, 15.00, 180, 'Purchasedetail', 191, 0, 1, NULL, NULL),
(395, '2015-08-26', 5.00, 5.00, 265, 'Purchasedetail', 192, 0, 1, NULL, NULL),
(396, '2015-08-26', 5.00, 5.00, 260, 'Purchasedetail', 193, 0, 1, NULL, NULL),
(397, '2015-08-26', 4.00, 4.00, 263, 'Purchasedetail', 194, 0, 1, NULL, NULL),
(398, '2015-08-26', 1.00, 1.00, 266, 'Purchasedetail', 195, 0, 1, NULL, NULL),
(399, '2015-08-29', 5.00, 5.00, 267, 'Purchasedetail', 196, 0, 1, NULL, NULL),
(400, '2015-08-26', 10.00, 14.00, 170, 'Purchasedetail', 197, 0, 1, NULL, NULL),
(402, '2015-08-31', 2.00, 2.00, 268, 'Purchasedetail', 199, 0, 1, NULL, NULL),
(403, '2015-08-28', -1.00, 5.00, 243, 'Invoicedetail', 172, 0, 1, NULL, NULL),
(404, '2015-08-28', -1.00, 5.00, 244, 'Invoicedetail', 173, 0, 1, NULL, NULL),
(410, '2015-08-27', -1.00, 9.00, 193, 'Invoicedetail', 179, 0, 1, NULL, NULL),
(411, '2015-08-27', -1.00, 7.00, 60, 'Invoicedetail', 180, 0, 2, NULL, NULL),
(412, '2015-08-27', -1.00, 34.00, 28, 'Invoicedetail', 181, 0, 1, NULL, NULL),
(413, '2015-08-27', -1.00, 47.00, 61, 'Invoicedetail', 182, 0, 1, NULL, NULL),
(414, '2015-08-27', -1.00, -6.00, 127, 'Invoicedetail', 183, 0, 1, NULL, NULL),
(415, '2015-08-27', -1.00, -3.00, 242, 'Invoicedetail', 184, 0, 1, NULL, NULL),
(416, '2015-08-31', -1.00, 46.00, 61, 'Invoicedetail', 185, 0, 1, NULL, NULL),
(417, '2015-08-31', -1.00, 33.00, 28, 'Invoicedetail', 186, 0, 1, NULL, NULL),
(418, '2015-08-31', -3.00, 32.00, 135, 'Invoicedetail', 187, 0, 1, NULL, NULL),
(419, '2015-08-31', -1.00, 19.00, 143, 'Invoicedetail', 188, 0, 1, NULL, NULL),
(420, '2015-08-31', -2.00, 20.00, 137, 'Invoicedetail', 189, 0, 1, NULL, NULL),
(421, '2015-08-31', -1.00, 20.00, 138, 'Invoicedetail', 190, 0, 1, NULL, NULL),
(422, '2015-08-31', -1.00, 39.00, 140, 'Invoicedetail', 191, 0, 1, NULL, NULL),
(423, '2015-08-31', -1.00, -3.00, 215, 'Invoicedetail', 192, 0, 1, NULL, NULL),
(424, '2015-08-31', -1.00, 63.00, 139, 'Invoicedetail', 193, 0, 1, NULL, NULL),
(425, '2015-08-31', -2.00, 19.00, 141, 'Invoicedetail', 194, 0, 1, NULL, NULL),
(426, '2015-08-31', -2.00, 74.00, 134, 'Invoicedetail', 195, 0, 1, NULL, NULL),
(427, '2015-08-31', -1.00, -1.00, 270, 'Invoicedetail', 196, 0, 1, NULL, NULL),
(428, '2015-08-31', -1.00, 5.00, 217, 'Invoicedetail', 197, 0, 1, NULL, NULL),
(430, '2015-08-31', -2.00, NULL, 268, 'Invoicedetail', 199, 0, 2, NULL, NULL),
(431, '2015-08-31', -1.00, 9.00, 16, 'Invoicedetail', 200, 0, 1, NULL, NULL),
(441, '2015-08-31', -1.00, 45.00, 61, 'Invoicedetail', 210, 0, 2, NULL, NULL),
(442, '2015-08-31', -1.00, 32.00, 28, 'Invoicedetail', 211, 0, 2, NULL, NULL),
(456, '2015-08-25', 5.00, 5.00, 216, 'Purchasedetail', 201, 0, 2, NULL, NULL),
(457, '2015-08-25', 5.00, 6.00, 217, 'Purchasedetail', 202, 0, 1, NULL, NULL),
(458, '2015-09-01', -1.00, 1.00, 200, 'Invoicedetail', 215, 0, 1, NULL, NULL),
(459, '2015-09-01', 1.00, 2.00, 197, 'Invoicedetail', 216, 0, 1, NULL, NULL),
(460, '2015-09-01', -1.00, -6.00, 239, 'Invoicedetail', 217, 0, 1, NULL, NULL),
(461, '2015-09-01', -1.00, 5.00, 178, 'Invoicedetail', 218, 0, 1, NULL, NULL),
(462, '2015-09-01', -1.00, 9.00, 174, 'Invoicedetail', 219, 0, 1, NULL, NULL),
(463, '2015-09-01', -10.00, -141.00, 236, 'Invoicedetail', 220, 0, 1, NULL, NULL),
(464, '2015-09-02', -1.00, 4.00, 252, 'Invoicedetail', 221, 0, 1, NULL, NULL),
(480, '2015-09-02', -1.00, -1.00, 272, 'Invoicedetail', 237, 0, 1, NULL, NULL),
(481, '2015-09-02', -2.00, 2.00, 263, 'Invoicedetail', 238, 0, 1, NULL, NULL),
(482, '2015-09-02', -1.00, 4.00, 260, 'Invoicedetail', 239, 0, 1, NULL, NULL),
(483, '2015-09-02', -1.00, -1.00, 274, 'Invoicedetail', 240, 0, 1, NULL, NULL),
(484, '2015-09-03', -3.00, -3.00, 275, 'Invoicedetail', 241, 0, 1, NULL, NULL),
(485, '2015-09-03', -1.00, 8.00, 193, 'Invoicedetail', 242, 0, 1, NULL, NULL),
(486, '2015-09-03', -40.00, -56.00, 245, 'Invoicedetail', 243, 0, 1, NULL, NULL),
(494, '2015-09-03', -1.00, 0.00, 276, 'Invoicedetail', 251, 0, 1, NULL, NULL),
(495, '2015-08-25', 1.00, 1.00, 145, 'Purchasedetail', 203, 0, 1, NULL, NULL),
(496, '2015-08-25', 1.00, 4.00, 42, 'Purchasedetail', 204, 0, 1, NULL, NULL),
(497, '2015-09-02', 2.00, 0.00, 158, 'Purchasedetail', 205, 0, 1, NULL, NULL),
(500, '2015-09-03', -1.00, 17.00, 136, 'Invoicedetail', 254, 0, 1, NULL, NULL),
(501, '2015-09-03', -1.00, 9.00, 172, 'Invoicedetail', 255, 0, 1, NULL, NULL),
(513, '2015-09-04', -1.00, 29.00, 28, 'Invoicedetail', 267, 0, 1, NULL, NULL),
(514, '2015-09-04', -1.00, -10.00, 127, 'Invoicedetail', 268, 0, 1, NULL, NULL),
(515, '2015-09-04', -1.00, 42.00, 61, 'Invoicedetail', 269, 0, 1, NULL, NULL),
(516, '2015-09-04', -1.00, 5.00, 60, 'Invoicedetail', 270, 0, 1, NULL, NULL),
(517, '2015-09-04', -1.00, 6.00, 40, 'Invoicedetail', 271, 0, 1, NULL, NULL),
(518, '2015-09-04', -1.00, -7.00, 242, 'Invoicedetail', 272, 0, 1, NULL, NULL),
(519, '2015-09-03', -1.00, 30.00, 28, 'Invoicedetail', 273, 0, 1, NULL, NULL),
(520, '2015-09-03', -1.00, -9.00, 127, 'Invoicedetail', 274, 0, 1, NULL, NULL),
(521, '2015-09-03', -1.00, 43.00, 61, 'Invoicedetail', 275, 0, 1, NULL, NULL),
(522, '2015-09-03', -1.00, 7.00, 40, 'Invoicedetail', 276, 0, 1, NULL, NULL),
(523, '2015-09-03', -1.00, 6.00, 60, 'Invoicedetail', 277, 0, 1, NULL, NULL),
(524, '2015-09-03', -1.00, -6.00, 242, 'Invoicedetail', 278, 0, 1, NULL, NULL),
(525, '2015-09-04', -1.00, 3.00, 20, 'Invoicedetail', 279, 0, 1, NULL, NULL),
(526, '2015-09-04', -1.00, 3.00, 252, 'Invoicedetail', 280, 0, 1, NULL, NULL),
(527, '2015-09-04', -1.00, 1.00, 19, 'Invoicedetail', 281, 0, 1, NULL, NULL),
(528, '2015-09-04', -1.00, 2.00, 20, 'Invoicedetail', 282, 0, 2, NULL, NULL),
(529, '2015-09-04', -1.00, 2.00, 131, 'Invoicedetail', 283, 0, 1, NULL, NULL),
(530, '2015-09-04', -1.00, 2.00, 252, 'Invoicedetail', 284, 0, 2, NULL, NULL),
(531, '2015-09-04', -1.00, 0.00, 65, 'Invoicedetail', 285, 0, 1, NULL, NULL),
(533, '2015-09-05', 10.00, 4.00, 239, 'Purchasedetail', 206, 0, 1, NULL, NULL),
(534, '2015-09-05', 10.00, 10.00, 277, 'Purchasedetail', 207, 0, 1, NULL, NULL),
(536, '2015-09-05', 10.00, 10.00, 279, 'Purchasedetail', 209, 0, 1, NULL, NULL),
(537, '2015-09-05', 10.00, 9.00, 246, 'Purchasedetail', 210, 0, 1, NULL, NULL),
(538, '2015-09-05', 10.00, 10.00, 280, 'Purchasedetail', 211, 0, 1, NULL, NULL),
(539, '2015-09-05', 10.00, 8.00, 259, 'Purchasedetail', 212, 0, 1, NULL, NULL),
(540, '2015-09-05', 10.00, 10.00, 281, 'Purchasedetail', 213, 0, 1, NULL, NULL),
(541, '2015-09-05', 10.00, 10.00, 238, 'Purchasedetail', 214, 0, 1, NULL, NULL),
(542, '2015-09-05', 10.00, 10.00, 282, 'Purchasedetail', 215, 0, 1, NULL, NULL),
(543, '2015-09-05', 10.00, 10.00, 278, 'Purchasedetail', 216, 0, 1, NULL, NULL),
(544, '2015-09-05', 10.00, 10.00, 283, 'Purchasedetail', 217, 0, 1, NULL, NULL),
(545, '2015-09-05', 10.00, 8.00, 258, 'Purchasedetail', 208, 0, 1, NULL, NULL),
(546, '2015-08-21', 2.00, 21.00, 143, 'Purchasedetail', 218, 0, 2, NULL, NULL),
(547, '2015-08-21', 16.00, 76.00, 134, 'Purchasedetail', 219, 0, 1, NULL, NULL),
(548, '2015-08-21', 1.00, 21.00, 133, 'Purchasedetail', 220, 0, 1, NULL, NULL),
(549, '2015-08-21', 2.00, 37.00, 135, 'Purchasedetail', 221, 0, 2, NULL, NULL),
(550, '2015-08-07', 10.00, 21.00, 138, 'Purchasedetail', 222, 0, 1, NULL, NULL),
(551, '2015-08-07', 10.00, 21.00, 142, 'Purchasedetail', 223, 0, 1, NULL, NULL),
(552, '2015-08-07', 20.00, 41.00, 140, 'Purchasedetail', 224, 0, 1, NULL, NULL),
(553, '2015-08-07', 10.00, 19.00, 136, 'Purchasedetail', 225, 0, 1, NULL, NULL),
(554, '2015-08-07', 20.00, 37.00, 135, 'Purchasedetail', 226, 0, 1, NULL, NULL),
(555, '2015-08-07', 10.00, 20.00, 143, 'Purchasedetail', 227, 0, 1, NULL, NULL),
(556, '2015-08-07', 10.00, 22.00, 137, 'Purchasedetail', 228, 0, 1, NULL, NULL),
(557, '2015-08-07', 30.00, 64.00, 139, 'Purchasedetail', 229, 0, 1, NULL, NULL),
(558, '2015-08-07', 10.00, 21.00, 141, 'Purchasedetail', 230, 0, 1, NULL, NULL),
(559, '2015-08-07', 20.00, 60.00, 134, 'Purchasedetail', 231, 0, 1, NULL, NULL),
(560, '2015-08-07', 10.00, 20.00, 133, 'Purchasedetail', 232, 0, 1, NULL, NULL),
(561, '2015-09-05', -1.00, 2.00, 205, 'Invoicedetail', 286, 0, 1, NULL, NULL),
(562, '2015-09-05', -1.00, 3.00, 18, 'Invoicedetail', 287, 0, 1, NULL, NULL),
(563, '2015-09-05', -2.00, 43.00, 44, 'Invoicedetail', 288, 0, 1, NULL, NULL),
(564, '2015-09-05', -1.00, 9.00, 277, 'Invoicedetail', 289, 0, 2, NULL, NULL),
(565, '2015-09-07', -1.00, 4.00, 217, 'Invoicedetail', 290, 0, 1, NULL, NULL),
(566, '2015-09-07', -1.00, 1.00, 20, 'Invoicedetail', 291, 0, 1, NULL, NULL),
(567, '2015-09-07', -1.00, 0.00, 111, 'Invoicedetail', 292, 0, 1, NULL, NULL),
(568, '2015-09-07', -1.00, 4.00, 244, 'Invoicedetail', 293, 0, 1, NULL, NULL),
(569, '2015-09-07', -1.00, 4.00, 243, 'Invoicedetail', 294, 0, 1, NULL, NULL),
(570, '2015-08-28', 50.00, 50.00, 284, 'Purchasedetail', 233, 0, 1, NULL, NULL),
(571, '2015-08-28', 50.00, 50.00, 287, 'Purchasedetail', 234, 0, 1, NULL, NULL),
(573, '2015-08-28', 50.00, 50.00, 285, 'Purchasedetail', 236, 0, 1, NULL, NULL),
(574, '2015-08-28', 50.00, 50.00, 286, 'Purchasedetail', 237, 0, 1, NULL, NULL),
(575, '2015-09-07', -2.00, 48.00, 285, 'Invoicedetail', 295, 0, 1, NULL, NULL),
(576, '2015-09-07', -1.00, 1.00, 205, 'Invoicedetail', 296, 0, 1, NULL, NULL),
(577, '2015-09-07', -35.00, -91.00, 245, 'Invoicedetail', 297, 0, 1, NULL, NULL),
(580, '2015-09-07', -10.00, -10.00, 190, 'Invoicedetail', 300, 0, 1, NULL, NULL),
(581, '2015-09-08', -1.00, 7.00, 55, 'Invoicedetail', 301, 0, 1, NULL, NULL),
(582, '2015-09-08', -2.00, 10.00, 51, 'Invoicedetail', 302, 0, 1, NULL, NULL),
(583, '2015-09-08', -80.00, -80.00, 256, 'Invoicedetail', 303, 0, 1, NULL, NULL),
(584, '2015-09-08', 4.00, 67.00, 139, 'Purchasedetail', 238, 0, 1, NULL, NULL),
(585, '2015-09-08', 2.00, 41.00, 140, 'Purchasedetail', 239, 0, 1, NULL, NULL),
(586, '2015-09-08', 2.00, 3.00, 289, 'Purchasedetail', 240, 0, 1, NULL, NULL),
(587, '2015-09-08', 2.00, 2.00, 270, 'Purchasedetail', 241, 0, 1, NULL, NULL),
(588, '2015-09-08', 6.00, 56.00, 135, 'Purchasedetail', 242, 0, 1, NULL, NULL),
(589, '2015-09-08', 2.00, 27.00, 143, 'Purchasedetail', 243, 0, 1, NULL, NULL),
(590, '2015-09-08', 2.00, 0.00, 215, 'Purchasedetail', 244, 0, 1, NULL, NULL),
(591, '2015-09-08', 4.00, 24.00, 137, 'Purchasedetail', 245, 0, 1, NULL, NULL),
(592, '2015-09-08', 2.00, 2.00, 290, 'Purchasedetail', 246, 0, 1, NULL, NULL),
(593, '2015-09-08', 2.00, 23.00, 142, 'Purchasedetail', 247, 0, 1, NULL, NULL),
(594, '2015-09-08', 2.00, 21.00, 141, 'Purchasedetail', 248, 0, 1, NULL, NULL),
(595, '2015-09-08', 2.00, 2.00, 291, 'Purchasedetail', 249, 0, 1, NULL, NULL),
(596, '2015-09-08', 2.00, 23.00, 133, 'Purchasedetail', 250, 0, 1, NULL, NULL),
(597, '2015-09-08', 8.00, 82.00, 134, 'Purchasedetail', 251, 0, 1, NULL, NULL),
(598, '2015-07-27', 4.00, 34.00, 139, 'Purchasedetail', 252, 0, 1, NULL, NULL),
(599, '2015-07-27', 1.00, 11.00, 142, 'Purchasedetail', 253, 0, 1, NULL, NULL),
(600, '2015-07-27', 1.00, 11.00, 141, 'Purchasedetail', 254, 0, 1, NULL, NULL),
(601, '2015-07-27', 1.00, 11.00, 138, 'Purchasedetail', 255, 0, 1, NULL, NULL),
(602, '2015-07-27', 1.00, 11.00, 137, 'Purchasedetail', 256, 0, 1, NULL, NULL),
(603, '2015-07-27', 1.00, 1.00, 289, 'Purchasedetail', 257, 0, 1, NULL, NULL),
(604, '2015-07-27', 1.00, 21.00, 140, 'Purchasedetail', 258, 0, 1, NULL, NULL),
(605, '2015-07-27', 1.00, 12.00, 137, 'Purchasedetail', 259, 0, 2, NULL, NULL),
(606, '2015-07-27', 2.00, 20.00, 135, 'Purchasedetail', 260, 0, 1, NULL, NULL),
(607, '2015-07-27', 1.00, 11.00, 143, 'Purchasedetail', 261, 0, 1, NULL, NULL),
(608, '2015-07-27', 4.00, 40.00, 134, 'Purchasedetail', 262, 0, 1, NULL, NULL),
(609, '2015-07-27', 1.00, 10.00, 133, 'Purchasedetail', 263, 0, 1, NULL, NULL),
(610, '2015-07-27', 1.00, 1.00, 292, 'Purchasedetail', 264, 0, 1, NULL, NULL),
(611, '2015-08-24', -1.00, 4.00, 18, 'Invoicedetail', 304, 0, 1, NULL, NULL),
(612, '2015-08-24', -1.00, 2.00, 57, 'Invoicedetail', 305, 0, 1, NULL, NULL),
(613, '2015-08-24', -1.00, 36.00, 28, 'Invoicedetail', 306, 0, 2, NULL, NULL),
(614, '2015-08-24', -1.00, 49.00, 61, 'Invoicedetail', 307, 0, 2, NULL, NULL),
(615, '2015-08-24', -1.00, -5.00, 127, 'Invoicedetail', 308, 0, 1, NULL, NULL),
(616, '2015-08-24', -1.00, -2.00, 242, 'Invoicedetail', 309, 0, 1, NULL, NULL),
(617, '2015-08-31', -1.00, 2.00, 56, 'Invoicedetail', 310, 0, 1, NULL, NULL),
(618, '2015-08-31', -1.00, 4.00, 57, 'Invoicedetail', 311, 0, 1, NULL, NULL),
(619, '2015-08-31', -1.00, -7.00, 127, 'Invoicedetail', 312, 0, 1, NULL, NULL),
(620, '2015-08-31', -1.00, -4.00, 242, 'Invoicedetail', 313, 0, 1, NULL, NULL),
(621, '2015-09-02', -1.00, 44.00, 61, 'Invoicedetail', 314, 0, 1, NULL, NULL),
(622, '2015-09-02', -1.00, 31.00, 28, 'Invoicedetail', 315, 0, 1, NULL, NULL),
(623, '2015-09-02', -1.00, 2.00, 253, 'Invoicedetail', 316, 0, 1, NULL, NULL),
(624, '2015-09-02', -1.00, 1.00, 56, 'Invoicedetail', 317, 0, 1, NULL, NULL),
(625, '2015-09-02', -1.00, -8.00, 127, 'Invoicedetail', 318, 0, 1, NULL, NULL),
(626, '2015-09-02', -1.00, -5.00, 242, 'Invoicedetail', 319, 0, 1, NULL, NULL),
(627, '2015-08-25', 3.00, 5.00, 57, 'Purchasedetail', 200, 0, 1, NULL, NULL),
(628, '2015-08-24', -1.00, 1.00, 217, 'Invoicedetail', 320, 0, 1, NULL, NULL),
(631, '2015-09-09', -1.00, 5.00, 56, 'Invoicedetail', 323, 0, 1, NULL, NULL),
(632, '2015-09-09', -1.00, 41.00, 61, 'Invoicedetail', 324, 0, 1, NULL, NULL),
(634, '2015-09-09', -1.00, 3.00, 57, 'Invoicedetail', 326, 0, 1, NULL, NULL),
(635, '2015-09-09', -1.00, -11.00, 127, 'Invoicedetail', 327, 0, 1, NULL, NULL),
(636, '2015-09-09', -1.00, 28.00, 28, 'Invoicedetail', 328, 0, 1, NULL, NULL),
(637, '2015-09-09', -1.00, 10.00, 12, 'Invoicedetail', 329, 0, 1, NULL, NULL),
(638, '2015-09-09', -1.00, 0.00, 20, 'Invoicedetail', 330, 0, 1, NULL, NULL),
(639, '2015-09-09', -1.00, 4.00, 132, 'Invoicedetail', 331, 0, 1, NULL, NULL),
(640, '2015-09-09', -1.00, -8.00, 242, 'Invoicedetail', 332, 0, 1, NULL, NULL),
(641, '2015-09-02', 1.00, 1.00, 276, 'Purchasedetail', 265, 0, 1, NULL, NULL),
(642, '2015-09-02', 2.00, 2.00, 299, 'Purchasedetail', 266, 0, 1, NULL, NULL),
(643, '2015-09-02', 2.00, 2.00, 293, 'Purchasedetail', 267, 0, 1, NULL, NULL),
(644, '2015-09-02', 2.00, 2.00, 301, 'Purchasedetail', 268, 0, 1, NULL, NULL),
(645, '2015-09-02', 5.00, 5.00, 294, 'Purchasedetail', 269, 0, 1, NULL, NULL),
(646, '2015-09-02', 15.00, 15.00, 302, 'Purchasedetail', 270, 0, 1, NULL, NULL),
(647, '2015-09-02', 5.00, 5.00, 303, 'Purchasedetail', 271, 0, 1, NULL, NULL),
(648, '2015-09-02', 5.00, 5.00, 295, 'Purchasedetail', 272, 0, 1, NULL, NULL),
(649, '2015-09-02', 20.00, 20.00, 304, 'Purchasedetail', 273, 0, 1, NULL, NULL),
(650, '2015-09-02', 10.00, 10.00, 296, 'Purchasedetail', 274, 0, 1, NULL, NULL),
(651, '2015-09-02', 15.00, 15.00, 297, 'Purchasedetail', 275, 0, 1, NULL, NULL),
(652, '2015-09-02', 2.00, 2.00, 298, 'Purchasedetail', 276, 0, 1, NULL, NULL),
(653, '2015-09-02', 20.00, 20.00, 300, 'Purchasedetail', 277, 0, 1, NULL, NULL),
(654, '2015-09-10', -1.00, 27.00, 28, 'Invoicedetail', 333, 0, 1, NULL, NULL),
(655, '2015-09-10', -15.00, 0.00, 302, 'Invoicedetail', 334, 0, 1, NULL, NULL),
(656, '2015-09-10', -5.00, NULL, 295, 'Invoicedetail', 335, 0, 1, NULL, NULL),
(657, '2015-09-10', -5.00, NULL, 303, 'Invoicedetail', 336, 0, 1, NULL, NULL),
(658, '2015-09-10', -20.00, 0.00, 304, 'Invoicedetail', 337, 0, 1, NULL, NULL),
(659, '2015-09-10', -10.00, NULL, 296, 'Invoicedetail', 338, 0, 1, NULL, NULL),
(660, '2015-09-10', -15.00, 0.00, 297, 'Invoicedetail', 339, 0, 1, NULL, NULL),
(661, '2015-09-10', -2.00, 0.00, 298, 'Invoicedetail', 340, 0, 1, NULL, NULL),
(662, '2015-09-10', -20.00, NULL, 300, 'Invoicedetail', 341, 0, 1, NULL, NULL),
(663, '2015-09-10', -2.00, 0.00, 299, 'Invoicedetail', 342, 0, 1, NULL, NULL),
(664, '2015-09-10', -2.00, 0.00, 293, 'Invoicedetail', 343, 0, 1, NULL, NULL),
(665, '2015-09-10', -2.00, 0.00, 301, 'Invoicedetail', 344, 0, 1, NULL, NULL),
(666, '2015-09-10', -5.00, 0.00, 294, 'Invoicedetail', 345, 0, 1, NULL, NULL),
(667, '2015-09-10', -1.00, 0.00, 145, 'Invoicedetail', 346, 1, 1, NULL, NULL),
(670, '2015-09-10', -1.00, 1.00, 253, 'Invoicedetail', 349, 0, 1, NULL, NULL),
(671, '2015-09-10', -1.00, -1.00, 269, 'Invoicedetail', 350, 0, 1, NULL, NULL),
(672, '2015-09-10', -1.00, 6.00, 55, 'Invoicedetail', 351, 0, 1, NULL, NULL),
(673, '2015-09-03', 5.00, 4.00, 274, 'Purchasedetail', 278, 0, 1, NULL, NULL),
(674, '2015-09-04', 1.00, 1.00, 305, 'Purchasedetail', 279, 0, 1, NULL, NULL),
(675, '2015-09-04', 1.00, 1.00, 306, 'Purchasedetail', 280, 0, 1, NULL, NULL),
(676, '2015-09-04', 1.00, 1.00, 307, 'Purchasedetail', 281, 0, 1, NULL, NULL),
(677, '2015-09-03', 15.00, 50.00, 135, 'Purchasedetail', 282, 0, 1, NULL, NULL),
(678, '2015-09-03', 5.00, 25.00, 143, 'Purchasedetail', 283, 0, 1, NULL, NULL),
(679, '2015-09-03', 1.00, 0.00, 270, 'Purchasedetail', 284, 0, 1, NULL, NULL),
(680, '2015-09-03', 2.00, 2.00, 308, 'Purchasedetail', 285, 0, 1, NULL, NULL),
(681, '2015-09-03', 5.00, 6.00, 56, 'Purchasedetail', 286, 0, 1, NULL, NULL),
(682, '2015-09-11', -20.00, -100.00, 256, 'Invoicedetail', 352, 0, 1, NULL, NULL),
(683, '2015-09-11', -1.00, 10.00, 182, 'Invoicedetail', 353, 0, 1, NULL, NULL),
(684, '2015-09-11', -2.00, 13.00, 180, 'Invoicedetail', 354, 0, 1, NULL, NULL),
(685, '2015-09-12', -1.00, 4.00, 265, 'Invoicedetail', 355, 0, 1, NULL, NULL),
(687, '2015-09-13', -1.00, 5.00, 55, 'Invoicedetail', 357, 0, 1, NULL, NULL),
(688, '2015-09-13', -1.00, 5.00, 40, 'Invoicedetail', 358, 0, 1, NULL, NULL),
(689, '2015-09-13', -1.00, 0.00, 145, 'Invoicedetail', 359, 0, 1, NULL, NULL),
(690, '2015-09-14', -1.00, 0.00, 309, 'Invoicedetail', 360, 0, 1, NULL, NULL),
(691, '2015-09-14', -5.00, 1.00, 310, 'Invoicedetail', 361, 0, 1, NULL, NULL),
(692, '2015-09-14', -1.00, 2.00, 311, 'Invoicedetail', 362, 0, 1, NULL, NULL),
(693, '2015-09-14', -2.00, 3.00, 312, 'Invoicedetail', 363, 0, 1, NULL, NULL),
(694, '2015-09-14', -2.00, 0.00, 314, 'Invoicedetail', 364, 0, 1, NULL, NULL),
(695, '2015-09-14', -4.00, 12.00, 315, 'Invoicedetail', 365, 0, 1, NULL, NULL),
(696, '2015-09-14', -2.00, 10.00, 313, 'Invoicedetail', 366, 0, 1, NULL, NULL),
(697, '2015-09-14', -1.00, 0.00, 316, 'Invoicedetail', 367, 0, 1, NULL, NULL),
(698, '2015-09-14', -1.00, 0.00, 317, 'Invoicedetail', 368, 0, 1, NULL, NULL),
(706, '2015-09-14', -1.00, 0.00, 318, 'Invoicedetail', 376, 0, 1, NULL, NULL),
(707, '2015-09-14', -3.00, 53.00, 135, 'Invoicedetail', 377, 0, 1, NULL, NULL),
(708, '2015-09-14', -1.00, 26.00, 143, 'Invoicedetail', 378, 0, 1, NULL, NULL),
(709, '2015-09-14', -7.00, 13.00, 319, 'Invoicedetail', 379, 0, 1, NULL, NULL),
(710, '2015-09-14', -1.00, -1.00, 273, 'Invoicedetail', 380, 0, 1, NULL, NULL),
(711, '2015-09-14', -1.00, -1.00, 215, 'Invoicedetail', 381, 0, 1, NULL, NULL),
(712, '2015-09-15', -1.00, -1.00, 158, 'Invoicedetail', 382, 0, 1, NULL, NULL),
(713, '2015-09-03', 2.00, 2.00, 322, 'Purchasedetail', 287, 0, 1, NULL, NULL),
(714, '2015-09-05', 5.00, 5.00, 320, 'Purchasedetail', 288, 0, 1, NULL, NULL),
(715, '2015-09-05', 5.00, 5.00, 321, 'Purchasedetail', 289, 0, 1, NULL, NULL),
(716, '2015-09-05', 5.00, 5.00, 323, 'Purchasedetail', 290, 0, 1, NULL, NULL),
(717, '2015-09-05', 5.00, 5.00, 324, 'Purchasedetail', 291, 0, 1, NULL, NULL),
(718, '2015-09-05', 5.00, 5.00, 325, 'Purchasedetail', 292, 0, 1, NULL, NULL),
(719, '2015-09-05', 5.00, 5.00, 326, 'Purchasedetail', 293, 0, 1, NULL, NULL),
(720, '2015-09-05', 1.00, 1.00, 327, 'Purchasedetail', 294, 0, 1, NULL, NULL),
(721, '2015-09-02', 1.00, 1.00, 309, 'Purchasedetail', 295, 0, 1, NULL, NULL),
(722, '2015-09-02', 20.00, 20.00, 319, 'Purchasedetail', 296, 0, 1, NULL, NULL),
(723, '2015-09-02', 1.00, 1.00, 318, 'Purchasedetail', 297, 0, 1, NULL, NULL),
(724, '2015-09-02', 3.00, 35.00, 135, 'Purchasedetail', 298, 0, 1, NULL, NULL),
(725, '2015-09-02', 1.00, 20.00, 143, 'Purchasedetail', 299, 0, 1, NULL, NULL),
(726, '2015-09-02', 1.00, -2.00, 215, 'Purchasedetail', 300, 0, 1, NULL, NULL),
(727, '2015-09-14', -2.00, 0.00, 322, 'Invoicedetail', 383, 0, 1, NULL, NULL),
(728, '2015-09-02', 6.00, 6.00, 310, 'Purchasedetail', 301, 0, 1, NULL, NULL),
(729, '2015-09-02', 3.00, 3.00, 311, 'Purchasedetail', 302, 0, 1, NULL, NULL),
(730, '2015-09-02', 3.00, 5.00, 312, 'Purchasedetail', 303, 0, 1, NULL, NULL),
(732, '2015-09-02', 2.00, 2.00, 314, 'Purchasedetail', 305, 0, 1, NULL, NULL),
(733, '2015-09-02', 6.00, 16.00, 315, 'Purchasedetail', 306, 0, 1, NULL, NULL),
(734, '2015-09-02', 1.00, 1.00, 316, 'Purchasedetail', 307, 0, 1, NULL, NULL),
(735, '2015-09-02', 1.00, 1.00, 317, 'Purchasedetail', 308, 0, 1, NULL, NULL),
(736, '2015-09-02', 2.00, 12.00, 313, 'Purchasedetail', 309, 0, 1, NULL, NULL),
(737, '2015-09-02', 1.00, 1.00, 328, 'Purchasedetail', 310, 0, 1, NULL, NULL),
(738, '2015-09-14', -1.00, 0.00, 306, 'Invoicedetail', 384, 0, 1, NULL, NULL),
(739, '2015-09-14', -1.00, 0.00, 305, 'Invoicedetail', 385, 0, 1, NULL, NULL),
(740, '2015-09-17', 1.00, 0.00, 225, 'Purchasedetail', 311, 0, 1, NULL, NULL),
(741, '2015-09-17', 1.00, 2.00, 54, 'Purchasedetail', 312, 0, 1, NULL, NULL),
(742, '2015-09-17', 1.00, 1.00, 20, 'Purchasedetail', 313, 0, 1, NULL, NULL),
(743, '2015-09-17', 1.00, 11.00, 12, 'Purchasedetail', 314, 0, 1, NULL, NULL),
(744, '2015-09-17', 1.00, 5.00, 132, 'Purchasedetail', 315, 0, 1, NULL, NULL),
(745, '2015-09-17', -1.00, 7.00, 193, 'Invoicedetail', 386, 0, 1, NULL, NULL),
(746, '2015-09-17', -1.00, 0.00, 20, 'Invoicedetail', 387, 0, 2, NULL, NULL),
(769, '2015-09-18', -1.00, 4.00, 55, 'Invoicedetail', 410, 0, 1, NULL, NULL),
(773, '2015-09-18', -1.00, 2.00, 57, 'Invoicedetail', 414, 0, 1, NULL, NULL),
(774, '2015-09-18', -1.00, 26.00, 28, 'Invoicedetail', 415, 0, 1, NULL, NULL),
(775, '2015-09-18', -1.00, 40.00, 61, 'Invoicedetail', 416, 0, 1, NULL, NULL),
(776, '2015-09-18', -1.00, -12.00, 127, 'Invoicedetail', 417, 0, 1, NULL, NULL),
(777, '2015-09-18', -1.00, -9.00, 242, 'Invoicedetail', 418, 0, 1, NULL, NULL),
(781, '2015-09-15', 1.00, 0.00, 158, 'Purchasedetail', 316, 0, 2, NULL, NULL),
(782, '2015-09-15', 1.00, 1.00, 145, 'Purchasedetail', 317, 0, 1, NULL, NULL),
(783, '2015-09-15', 5.00, 10.00, 40, 'Purchasedetail', 318, 0, 1, NULL, NULL),
(784, '2015-09-21', -1.00, 3.00, 217, 'Invoicedetail', 422, 0, 1, NULL, NULL),
(785, '2015-09-21', -1.00, 39.00, 61, 'Invoicedetail', 423, 0, 1, NULL, NULL),
(786, '2015-09-21', -1.00, 25.00, 28, 'Invoicedetail', 424, 0, 1, NULL, NULL),
(787, '2015-09-21', -3.00, 50.00, 135, 'Invoicedetail', 425, 0, 1, NULL, NULL),
(788, '2015-09-21', -1.00, 25.00, 143, 'Invoicedetail', 426, 0, 1, NULL, NULL),
(789, '2015-09-21', -1.00, -2.00, 215, 'Invoicedetail', 427, 0, 1, NULL, NULL),
(790, '2015-09-21', -1.00, 40.00, 140, 'Invoicedetail', 428, 0, 1, NULL, NULL),
(791, '2015-09-19', 1.00, 1.00, 329, 'Purchasedetail', 319, 0, 1, NULL, NULL),
(792, '2015-09-19', 1.00, 2.00, 329, 'Purchasedetail', 320, 0, 2, NULL, NULL),
(793, '2015-09-19', 1.00, 1.00, 330, 'Purchasedetail', 321, 0, 1, NULL, NULL),
(794, '2015-09-19', 1.00, 1.00, 331, 'Purchasedetail', 322, 0, 1, NULL, NULL),
(795, '2015-09-21', -1.00, 1.00, 329, 'Invoicedetail', 429, 0, 1, NULL, NULL),
(796, '2015-09-22', -20.00, -30.00, 190, 'Invoicedetail', 430, 0, 1, NULL, NULL),
(797, '2015-09-22', -1.00, 8.00, 40, 'Invoicedetail', 431, 0, 1, NULL, NULL),
(798, '2015-09-22', -1.00, 0.00, 253, 'Invoicedetail', 432, 0, 1, NULL, NULL),
(799, '2015-09-22', -1.00, 38.00, 61, 'Invoicedetail', 433, 0, 1, NULL, NULL),
(800, '2015-09-22', -1.00, 24.00, 28, 'Invoicedetail', 434, 0, 1, NULL, NULL),
(801, '2015-09-22', -1.00, -13.00, 127, 'Invoicedetail', 435, 0, 1, NULL, NULL),
(802, '2015-09-22', -1.00, -11.00, 242, 'Invoicedetail', 436, 0, 1, NULL, NULL),
(803, '2015-09-22', 1.00, 1.00, 332, 'Purchasedetail', 323, 0, 1, NULL, NULL),
(804, '2015-09-22', 1.00, 1.00, 333, 'Purchasedetail', 324, 0, 1, NULL, NULL),
(805, '2015-09-22', -1.00, 0.00, 332, 'Invoicedetail', 437, 0, 2, NULL, NULL),
(806, '2015-09-22', -1.00, 0.00, 333, 'Invoicedetail', 438, 0, 2, NULL, NULL),
(807, '2015-09-22', -22.00, -52.00, 190, 'Invoicedetail', 439, 0, 2, NULL, NULL),
(808, '2015-09-22', -1.00, -1.00, 332, 'Invoicedetail', 440, 0, 3, NULL, NULL),
(809, '2015-09-22', -1.00, -1.00, 333, 'Invoicedetail', 441, 0, 3, NULL, NULL),
(810, '2015-09-23', 11.00, 11.00, 334, 'Purchasedetail', 325, 0, 1, NULL, NULL),
(812, '2015-07-15', -3.00, 12.00, 18, 'Purchasedetail', 327, 0, 2, NULL, NULL),
(814, '2015-07-15', -3.00, 0.00, 14, 'Purchasedetail', 329, 0, 2, NULL, NULL),
(815, '2015-07-15', -1.00, 4.00, 19, 'Purchasedetail', 330, 0, 2, NULL, NULL),
(816, '2015-09-15', -1.00, 9.00, 40, 'Purchasedetail', 331, 0, 2, NULL, NULL),
(817, '2015-09-12', -1.00, 10.00, 45, 'Invoicedetail', 442, 0, 1, NULL, NULL),
(819, '2015-08-27', -1.00, 1.00, 32, 'Invoicedetail', 444, 0, 1, NULL, NULL),
(820, '2015-09-24', -1.00, 3.00, 55, 'Invoicedetail', 445, 0, 1, NULL, NULL),
(821, '2015-09-24', -1.00, -1.00, 271, 'Invoicedetail', 446, 0, 1, NULL, NULL),
(822, '2015-09-24', -1.00, 2.00, 312, 'Invoicedetail', 447, 0, 1, NULL, NULL),
(823, '2015-09-24', -1.00, 8.00, 5, 'Invoicedetail', 448, 0, 1, NULL, NULL),
(824, '2015-09-18', -2.00, 3.00, 320, 'Invoicedetail', 449, 0, 1, NULL, NULL),
(825, '2015-09-18', -1.00, 4.00, 323, 'Invoicedetail', 450, 0, 1, NULL, NULL),
(826, '2015-09-18', -1.00, 4.00, 325, 'Invoicedetail', 451, 0, 1, NULL, NULL),
(827, '2015-09-18', -1.00, 4.00, 324, 'Invoicedetail', 452, 0, 1, NULL, NULL),
(828, '2015-09-18', -2.00, -3.00, 272, 'Invoicedetail', 453, 0, 1, NULL, NULL),
(831, '2015-09-18', -1.00, -10.00, 242, 'Invoicedetail', 456, 0, 2, NULL, NULL),
(832, '2015-09-25', -10.00, -62.00, 190, 'Invoicedetail', 457, 0, 1, NULL, NULL),
(833, '2015-09-25', -1.00, 4.00, 332, 'Invoicedetail', 458, 0, 1, NULL, NULL),
(834, '2015-09-25', -1.00, 4.00, 333, 'Invoicedetail', 459, 0, 1, NULL, NULL),
(835, '2015-09-25', -5.00, 9.00, 170, 'Invoicedetail', 460, 0, 1, NULL, NULL),
(836, '2015-09-25', -5.00, 5.00, 171, 'Invoicedetail', 461, 0, 1, NULL, NULL),
(837, '2015-09-28', -1.00, 9.00, 176, 'Invoicedetail', 462, 0, 1, NULL, NULL),
(838, '2015-09-28', -1.00, 12.00, 180, 'Invoicedetail', 463, 0, 1, NULL, NULL);
INSERT INTO `stockentry` (`id`, `date`, `qty`, `balance`, `stock_id`, `ref_class`, `ref_id`, `is_cancelled`, `priority`, `type`, `description`) VALUES
(839, '2015-09-18', -2.00, 3.00, 321, 'Invoicedetail', 464, 0, 1, NULL, NULL),
(840, '2015-09-28', -1.00, 10.00, 12, 'Invoicedetail', 465, 0, 1, NULL, NULL),
(841, '2015-09-28', -1.00, 10.00, 334, 'Invoicedetail', 466, 0, 1, NULL, NULL),
(842, '2015-09-28', -1.00, 4.00, 132, 'Invoicedetail', 467, 0, 1, NULL, NULL),
(843, '2015-09-28', -1.00, -12.00, 242, 'Invoicedetail', 468, 0, 1, NULL, NULL),
(844, '2015-09-28', -1.00, 1.00, 252, 'Invoicedetail', 469, 0, 1, NULL, NULL),
(845, '2015-09-26', -3.00, -3.00, 338, 'Invoicedetail', 470, 0, 1, NULL, NULL),
(846, '2015-09-26', -4.00, 3.00, 40, 'Invoicedetail', 471, 1, 1, NULL, NULL),
(847, '2015-09-26', -4.00, 1.00, 60, 'Invoicedetail', 472, 1, 1, NULL, NULL),
(848, '2015-09-26', -4.00, 20.00, 28, 'Invoicedetail', 473, 1, 1, NULL, NULL),
(849, '2015-09-26', -4.00, 34.00, 61, 'Invoicedetail', 474, 1, 1, NULL, NULL),
(850, '2015-09-26', -4.00, -17.00, 127, 'Invoicedetail', 475, 1, 1, NULL, NULL),
(855, '2015-09-28', -1.00, -1.00, 339, 'Invoicedetail', 480, 0, 1, NULL, NULL),
(857, '2015-09-28', -1.00, -13.00, 242, 'Invoicedetail', 482, 0, 2, NULL, NULL),
(858, '2015-09-28', -55.00, -117.00, 190, 'Invoicedetail', 483, 0, 1, NULL, NULL),
(859, '2015-09-28', -2.00, 2.00, 332, 'Invoicedetail', 484, 0, 1, NULL, NULL),
(860, '2015-09-28', -2.00, 2.00, 333, 'Invoicedetail', 485, 0, 1, NULL, NULL),
(861, '2015-09-23', 6.00, 5.00, 332, 'Purchasedetail', 332, 0, 1, NULL, NULL),
(862, '2015-09-23', 6.00, 5.00, 333, 'Purchasedetail', 333, 0, 1, NULL, NULL),
(863, '2015-09-01', 1.00, 2.00, 226, 'Invoicedetail', 486, 0, 1, NULL, NULL),
(864, '2015-07-11', 2.00, 2.00, 243, 'Purchasedetail', 334, 0, 1, NULL, NULL),
(865, '2015-07-11', 2.00, 2.00, 244, 'Purchasedetail', 335, 0, 1, NULL, NULL),
(866, '2015-09-25', 1.00, 1.00, 342, 'Purchasedetail', 336, 0, 1, NULL, NULL),
(867, '2015-09-30', -1.00, 4.00, 216, 'Invoicedetail', 487, 0, 1, NULL, NULL),
(868, '2015-09-30', -10.00, -127.00, 190, 'Invoicedetail', 488, 0, 1, NULL, NULL),
(869, '2015-09-30', -1.00, 11.00, 332, 'Invoicedetail', 489, 0, 1, NULL, NULL),
(870, '2015-09-30', -1.00, 11.00, 333, 'Invoicedetail', 490, 0, 1, NULL, NULL),
(872, '2015-10-01', -1.00, 42.00, 44, 'Invoicedetail', 492, 0, 1, NULL, NULL),
(873, '2015-10-01', -1.00, 12.00, 319, 'Invoicedetail', 493, 0, 1, NULL, NULL),
(874, '2015-10-01', -1.00, 7.00, 57, 'Invoicedetail', 494, 0, 1, NULL, NULL),
(875, '2015-10-01', -10.00, -137.00, 190, 'Invoicedetail', 495, 0, 1, NULL, NULL),
(876, '2015-10-02', -1.00, -2.00, 237, 'Invoicedetail', 496, 0, 1, NULL, NULL),
(877, '2015-10-02', -1.00, 0.00, 342, 'Invoicedetail', 497, 0, 1, NULL, NULL),
(881, '2015-10-03', -1.00, 7.00, 40, 'Invoicedetail', 501, 0, 1, NULL, NULL),
(882, '2015-10-03', -1.00, 23.00, 28, 'Invoicedetail', 502, 0, 1, NULL, NULL),
(883, '2015-10-03', -1.00, 37.00, 61, 'Invoicedetail', 503, 0, 1, NULL, NULL),
(884, '2015-10-03', -1.00, -14.00, 127, 'Invoicedetail', 504, 0, 1, NULL, NULL),
(885, '2015-10-03', -1.00, -1.00, 344, 'Invoicedetail', 505, 0, 1, NULL, NULL),
(886, '2015-10-03', -1.00, 12.00, 60, 'Invoicedetail', 506, 0, 1, NULL, NULL),
(887, '2015-10-03', -1.00, -14.00, 242, 'Invoicedetail', 507, 0, 1, NULL, NULL),
(889, '2015-09-28', 8.00, 13.00, 60, 'Purchasedetail', 337, 0, 1, NULL, NULL),
(890, '2015-09-28', 5.00, 7.00, 57, 'Purchasedetail', 338, 0, 1, NULL, NULL),
(891, '2015-09-28', 3.00, 3.00, 81, 'Purchasedetail', 339, 0, 1, NULL, NULL),
(892, '2015-09-29', 3.00, 3.00, 53, 'Purchasedetail', 340, 0, 1, NULL, NULL),
(893, '2015-09-29', 3.00, 3.00, 346, 'Purchasedetail', 341, 0, 1, NULL, NULL),
(895, '2015-09-29', 2.00, 2.00, 241, 'Purchasedetail', 343, 0, 1, NULL, NULL),
(896, '2015-09-29', 2.00, 9.00, 57, 'Purchasedetail', 344, 0, 1, NULL, NULL),
(897, '2015-10-06', -2.00, 3.00, 267, 'Invoicedetail', 509, 0, 1, NULL, NULL),
(898, '2015-10-06', -1.00, -2.00, 271, 'Invoicedetail', 510, 0, 1, NULL, NULL),
(899, '2015-10-06', -1.00, 3.00, 216, 'Invoicedetail', 511, 0, 1, NULL, NULL),
(900, '2015-10-06', -2.00, 10.00, 319, 'Invoicedetail', 512, 0, 1, NULL, NULL),
(901, '2015-09-29', 4.00, 4.00, 347, 'Purchasedetail', 345, 0, 1, NULL, NULL),
(902, '2015-09-29', 10.00, 10.00, 348, 'Purchasedetail', 346, 0, 1, NULL, NULL),
(903, '2015-09-29', 10.00, 10.00, 349, 'Purchasedetail', 347, 0, 1, NULL, NULL),
(905, '2015-09-30', 3.00, 3.00, 350, 'Purchasedetail', 348, 0, 1, NULL, NULL),
(906, '2015-09-30', 4.00, 4.00, 351, 'Purchasedetail', 349, 0, 1, NULL, NULL),
(907, '2015-09-30', 3.00, 3.00, 352, 'Purchasedetail', 350, 0, 1, NULL, NULL),
(908, '2015-09-30', 5.00, 9.00, 347, 'Purchasedetail', 351, 0, 1, NULL, NULL),
(909, '2015-09-30', 5.00, 8.00, 239, 'Purchasedetail', 352, 0, 1, NULL, NULL),
(910, '2015-09-30', 5.00, 10.00, 178, 'Purchasedetail', 353, 0, 1, NULL, NULL),
(911, '2015-09-30', 5.00, 10.00, 171, 'Purchasedetail', 354, 0, 1, NULL, NULL),
(912, '2015-09-29', 5.00, 6.00, 252, 'Purchasedetail', 355, 0, 1, NULL, NULL),
(913, '2015-09-29', 10.00, 12.00, 333, 'Purchasedetail', 356, 0, 1, NULL, NULL),
(914, '2015-09-29', 10.00, 12.00, 332, 'Purchasedetail', 357, 0, 1, NULL, NULL),
(915, '2015-10-26', 10.00, 10.00, 353, 'Purchasedetail', 358, 0, 1, NULL, NULL),
(916, '2015-10-26', 10.00, 9.00, 339, 'Purchasedetail', 359, 0, 1, NULL, NULL),
(917, '2015-10-26', 10.00, 10.00, 340, 'Purchasedetail', 360, 0, 1, NULL, NULL),
(918, '2015-10-26', 10.00, 9.00, 341, 'Purchasedetail', 361, 0, 1, NULL, NULL),
(919, '2015-10-26', 9.00, 9.00, 354, 'Purchasedetail', 362, 0, 1, NULL, NULL),
(920, '2015-10-26', 11.00, 11.00, 355, 'Purchasedetail', 363, 0, 1, NULL, NULL),
(921, '2015-10-26', 10.00, 10.00, 356, 'Purchasedetail', 364, 0, 1, NULL, NULL),
(922, '2015-10-03', -1.00, 49.00, 284, 'Invoicedetail', 514, 0, 1, NULL, NULL),
(923, '2015-10-06', -1.00, 48.00, 284, 'Invoicedetail', 515, 0, 1, NULL, NULL),
(924, '2015-10-08', -4.00, -141.00, 190, 'Invoicedetail', 516, 0, 1, NULL, NULL),
(925, '2015-10-08', -1.00, 0.00, 3, 'Invoicedetail', 517, 0, 1, NULL, NULL),
(926, '2015-10-09', -53.00, -144.00, 245, 'Invoicedetail', 518, 0, 1, NULL, NULL),
(927, '2015-10-09', -1.00, 9.00, 182, 'Invoicedetail', 519, 0, 1, NULL, NULL),
(929, '2015-10-09', -75.00, -219.00, 245, 'Invoicedetail', 521, 0, 2, NULL, NULL),
(930, '2015-10-09', -1.00, -15.00, 242, 'Invoicedetail', 522, 0, 1, NULL, NULL),
(931, '2015-10-09', -1.00, 8.00, 72, 'Invoicedetail', 523, 0, 1, NULL, NULL),
(932, '2015-10-09', -1.00, 7.00, 55, 'Invoicedetail', 524, 0, 1, NULL, NULL),
(933, '2015-10-09', -1.00, 36.00, 61, 'Invoicedetail', 525, 0, 1, NULL, NULL),
(934, '2015-10-09', -1.00, 22.00, 28, 'Invoicedetail', 526, 0, 1, NULL, NULL),
(936, '2015-10-09', -1.00, 336.00, 43, 'Invoicedetail', 528, 0, 1, NULL, NULL),
(937, '2015-10-03', 8.00, 8.00, 359, 'Purchasedetail', 365, 0, 1, NULL, NULL),
(938, '2015-10-03', 3.00, 3.00, 360, 'Purchasedetail', 366, 0, 1, NULL, NULL),
(939, '2015-10-03', 2.00, 3.00, 145, 'Purchasedetail', 367, 0, 1, NULL, NULL),
(940, '2015-10-03', 3.00, 3.00, 361, 'Purchasedetail', 368, 0, 1, NULL, NULL),
(941, '2015-10-09', -1.00, 4.00, 23, 'Invoicedetail', 529, 0, 1, NULL, NULL),
(942, '2015-10-09', -1.00, 35.00, 61, 'Invoicedetail', 530, 0, 2, NULL, NULL),
(944, '2015-10-09', -3.00, 45.00, 284, 'Invoicedetail', 532, 0, 1, NULL, NULL),
(945, '2015-10-09', -1.00, 21.00, 28, 'Invoicedetail', 533, 0, 2, NULL, NULL),
(946, '2015-08-28', 50.00, 50.00, 362, 'Purchasedetail', 369, 0, 1, NULL, NULL),
(947, '2015-08-28', 50.00, 50.00, 365, 'Purchasedetail', 370, 0, 1, NULL, NULL),
(948, '2015-08-28', 50.00, 50.00, 363, 'Purchasedetail', 371, 0, 1, NULL, NULL),
(949, '2015-08-28', 50.00, 50.00, 364, 'Purchasedetail', 372, 0, 1, NULL, NULL),
(950, '2015-10-09', -8.00, -149.00, 190, 'Invoicedetail', 534, 0, 1, NULL, NULL),
(951, '2015-10-09', -1.00, 10.00, 332, 'Invoicedetail', 535, 0, 1, NULL, NULL),
(952, '2015-10-09', -1.00, 10.00, 333, 'Invoicedetail', 536, 0, 1, NULL, NULL),
(953, '2015-08-28', 10.00, 10.00, 367, 'Purchasedetail', 373, 0, 1, NULL, NULL),
(954, '2015-08-28', 10.00, 10.00, 368, 'Purchasedetail', 374, 0, 1, NULL, NULL),
(955, '2015-08-28', 10.00, 10.00, 369, 'Purchasedetail', 375, 0, 1, NULL, NULL),
(956, '2015-08-28', 10.00, 10.00, 370, 'Purchasedetail', 376, 0, 1, NULL, NULL),
(957, '2015-08-28', 10.00, 10.00, 371, 'Purchasedetail', 377, 0, 1, NULL, NULL),
(958, '2015-08-28', 10.00, 10.00, 372, 'Purchasedetail', 378, 0, 1, NULL, NULL),
(959, '2015-08-28', 10.00, 10.00, 373, 'Purchasedetail', 379, 0, 1, NULL, NULL),
(960, '2015-08-28', 10.00, 10.00, 374, 'Purchasedetail', 380, 0, 1, NULL, NULL),
(961, '2015-08-28', 10.00, 10.00, 375, 'Purchasedetail', 381, 0, 1, NULL, NULL),
(962, '2015-08-28', 10.00, 10.00, 376, 'Purchasedetail', 382, 0, 1, NULL, NULL),
(963, '2015-08-28', 10.00, 10.00, 378, 'Purchasedetail', 383, 0, 1, NULL, NULL),
(964, '2015-08-28', 10.00, 10.00, 381, 'Purchasedetail', 384, 0, 1, NULL, NULL),
(965, '2015-08-28', 10.00, 10.00, 380, 'Purchasedetail', 385, 0, 1, NULL, NULL),
(966, '2015-08-28', 10.00, 10.00, 382, 'Purchasedetail', 386, 0, 1, NULL, NULL),
(967, '2015-08-28', 10.00, 10.00, 383, 'Purchasedetail', 387, 0, 1, NULL, NULL),
(968, '2015-08-28', 10.00, 10.00, 386, 'Purchasedetail', 388, 0, 1, NULL, NULL),
(969, '2015-08-28', 10.00, 10.00, 385, 'Purchasedetail', 389, 0, 1, NULL, NULL),
(970, '2015-08-28', 10.00, 10.00, 337, 'Purchasedetail', 390, 0, 1, NULL, NULL),
(975, '2015-08-28', 10.00, 10.00, 379, 'Purchasedetail', 395, 0, 1, NULL, NULL),
(976, '2015-08-28', 10.00, 10.00, 390, 'Purchasedetail', 396, 0, 1, NULL, NULL),
(977, '2015-08-28', 10.00, 10.00, 335, 'Purchasedetail', 397, 0, 1, NULL, NULL),
(978, '2015-08-28', 10.00, 10.00, 392, 'Purchasedetail', 398, 0, 1, NULL, NULL),
(979, '2015-08-28', 10.00, 10.00, 366, 'Purchasedetail', 399, 0, 1, NULL, NULL),
(980, '2015-08-28', 10.00, 10.00, 393, 'Purchasedetail', 400, 0, 1, NULL, NULL),
(981, '2015-08-28', 10.00, 10.00, 387, 'Purchasedetail', 401, 0, 1, NULL, NULL),
(982, '2015-08-28', 10.00, 10.00, 394, 'Purchasedetail', 402, 0, 1, NULL, NULL),
(983, '2015-08-28', 10.00, 10.00, 389, 'Purchasedetail', 403, 0, 1, NULL, NULL),
(984, '2015-08-28', 9.00, 9.00, 388, 'Purchasedetail', 404, 0, 1, NULL, NULL),
(985, '2015-08-28', 6.00, 6.00, 391, 'Purchasedetail', 405, 0, 1, NULL, NULL),
(986, '2015-08-28', 10.00, 10.00, 395, 'Purchasedetail', 406, 0, 1, NULL, NULL),
(987, '2015-10-10', -1.00, 3.00, 42, 'Invoicedetail', 537, 0, 1, NULL, NULL),
(992, '2015-10-12', -1.00, 6.00, 193, 'Invoicedetail', 542, 0, 1, NULL, NULL),
(993, '2015-10-12', -1.00, 2.00, 202, 'Invoicedetail', 543, 0, 1, NULL, NULL),
(994, '2015-10-13', -3.00, 7.00, 387, 'Invoicedetail', 544, 1, 1, NULL, NULL),
(995, '2015-10-13', -1.00, -1.00, 336, 'Invoicedetail', 545, 1, 1, NULL, NULL),
(996, '2015-10-13', -2.00, -10.00, 377, 'Invoicedetail', 546, 0, 1, NULL, NULL),
(997, '2015-10-13', -1.00, -1.00, 336, 'Invoicedetail', 547, 0, 1, NULL, NULL),
(1000, '2015-10-03', -8.00, -8.00, 377, 'Invoicedetail', 548, 0, 1, NULL, NULL),
(1001, '2015-10-14', -1.00, 3.00, 265, 'Invoicedetail', 549, 0, 1, NULL, NULL),
(1002, '2015-10-14', -2.00, 1.00, 145, 'Invoicedetail', 550, 0, 1, NULL, NULL),
(1006, '2015-10-14', -7.00, 0.00, 398, 'Invoicedetail', 554, 0, 1, NULL, NULL),
(1007, '2015-10-14', -7.00, 0.00, 399, 'Invoicedetail', 555, 0, 1, NULL, NULL),
(1008, '2015-10-14', -1.00, -19.00, 242, 'Invoicedetail', 556, 0, 1, NULL, NULL),
(1009, '2015-10-14', -2.00, 0.00, 312, 'Invoicedetail', 557, 0, 1, NULL, NULL),
(1010, '2015-10-14', -10.00, 2.00, 315, 'Invoicedetail', 558, 0, 1, NULL, NULL),
(1013, '2015-10-14', -10.00, 0.00, 313, 'Invoicedetail', 561, 0, 1, NULL, NULL),
(1014, '2015-10-14', -5.00, -4.00, 328, 'Invoicedetail', 562, 0, 1, NULL, NULL),
(1015, '2015-10-14', -6.00, -6.00, 322, 'Invoicedetail', 563, 0, 1, NULL, NULL),
(1016, '2015-10-14', -4.00, -4.00, 314, 'Invoicedetail', 564, 0, 1, NULL, NULL),
(1017, '2015-10-14', -1.00, -20.00, 242, 'Invoicedetail', 565, 0, 2, NULL, NULL),
(1018, '2015-10-14', -13.00, -13.00, 296, 'Invoicedetail', 566, 0, 1, NULL, NULL),
(1019, '2015-10-14', -8.00, -8.00, 304, 'Invoicedetail', 567, 0, 1, NULL, NULL),
(1020, '2015-10-14', -6.00, -6.00, 300, 'Invoicedetail', 568, 0, 1, NULL, NULL),
(1021, '2015-10-14', -10.00, -10.00, 297, 'Invoicedetail', 569, 0, 1, NULL, NULL),
(1022, '2015-10-14', -13.00, -13.00, 406, 'Invoicedetail', 570, 0, 1, NULL, NULL),
(1023, '2015-10-14', -5.00, -5.00, 407, 'Invoicedetail', 571, 0, 1, NULL, NULL),
(1024, '2015-10-14', -1.00, -21.00, 242, 'Invoicedetail', 572, 0, 3, NULL, NULL),
(1032, '2015-10-14', -8.00, 0.00, 408, 'Invoicedetail', 580, 0, 1, NULL, NULL),
(1033, '2015-10-14', -2.00, 0.00, 409, 'Invoicedetail', 581, 0, 1, NULL, NULL),
(1034, '2015-10-14', -10.00, 0.00, 410, 'Invoicedetail', 582, 0, 1, NULL, NULL),
(1035, '2015-10-14', -4.00, 0.00, 414, 'Invoicedetail', 583, 0, 1, NULL, NULL),
(1036, '2015-10-14', -10.00, 0.00, 404, 'Invoicedetail', 584, 0, 1, NULL, NULL),
(1037, '2015-10-14', -5.00, 0.00, 411, 'Invoicedetail', 585, 0, 1, NULL, NULL),
(1038, '2015-10-14', -5.00, 0.00, 412, 'Invoicedetail', 586, 0, 1, NULL, NULL),
(1039, '2015-10-14', -6.00, 0.00, 415, 'Invoicedetail', 587, 0, 1, NULL, NULL),
(1040, '2015-10-14', -4.00, 0.00, 416, 'Invoicedetail', 588, 0, 1, NULL, NULL),
(1041, '2015-10-14', -1.00, -22.00, 242, 'Invoicedetail', 589, 0, 4, NULL, NULL),
(1042, '2015-10-14', -25.00, -25.00, 417, 'Invoicedetail', 590, 0, 1, NULL, NULL),
(1044, '2015-10-14', -12.00, -12.00, 418, 'Invoicedetail', 592, 0, 1, NULL, NULL),
(1045, '2015-10-14', -10.00, -10.00, 420, 'Invoicedetail', 593, 0, 1, NULL, NULL),
(1046, '2015-10-14', -20.00, -20.00, 419, 'Invoicedetail', 594, 0, 1, NULL, NULL),
(1047, '2015-10-14', -25.00, -25.00, 405, 'Invoicedetail', 595, 0, 1, NULL, NULL),
(1048, '2015-10-14', -5.00, -5.00, 421, 'Invoicedetail', 596, 0, 1, NULL, NULL),
(1049, '2015-10-14', -1.00, -23.00, 242, 'Invoicedetail', 597, 0, 5, NULL, NULL),
(1050, '2015-10-15', -1.00, 5.00, 193, 'Invoicedetail', 598, 0, 1, NULL, NULL),
(1051, '2015-10-15', -1.00, 0.00, 145, 'Invoicedetail', 599, 0, 1, NULL, NULL),
(1052, '2015-10-16', -3.00, 9.00, 180, 'Invoicedetail', 600, 0, 1, NULL, NULL),
(1053, '2015-10-16', -1.00, 8.00, 172, 'Invoicedetail', 601, 0, 1, NULL, NULL),
(1054, '2015-10-16', -1.00, 19.00, 138, 'Invoicedetail', 602, 0, 1, NULL, NULL),
(1055, '2015-10-16', -1.00, 9.00, 279, 'Invoicedetail', 603, 0, 1, NULL, NULL),
(1056, '2015-10-16', -6.00, -6.00, 255, 'Invoicedetail', 604, 0, 1, NULL, NULL),
(1057, '2015-10-16', -1.00, 2.00, 216, 'Invoicedetail', 605, 0, 1, NULL, NULL),
(1058, '2015-10-16', -1.00, 11.00, 49, 'Invoicedetail', 606, 0, 1, NULL, NULL),
(1060, '2015-10-16', -1.00, -1.00, 422, 'Invoicedetail', 608, 0, 1, NULL, NULL),
(1061, '2015-10-16', -35.00, -254.00, 245, 'Invoicedetail', 609, 0, 1, NULL, NULL),
(1062, '2015-09-28', -1.00, -1.00, 341, 'Invoicedetail', 610, 0, 1, NULL, NULL),
(1063, '2015-10-26', 10.00, 18.00, 377, 'Purchasedetail', 407, 0, 1, NULL, NULL),
(1065, '2015-10-26', 10.00, 10.00, 343, 'Purchasedetail', 409, 0, 1, NULL, NULL),
(1066, '2015-10-26', 10.00, 7.00, 338, 'Purchasedetail', 410, 0, 1, NULL, NULL),
(1067, '2015-10-26', 10.00, 10.00, 425, 'Purchasedetail', 411, 0, 1, NULL, NULL),
(1068, '2015-10-26', 10.00, 10.00, 424, 'Purchasedetail', 412, 0, 1, NULL, NULL),
(1069, '2015-10-26', 10.00, 10.00, 426, 'Purchasedetail', 413, 0, 1, NULL, NULL),
(1070, '2015-10-26', 10.00, 9.00, 336, 'Purchasedetail', 414, 0, 1, NULL, NULL),
(1071, '2015-10-26', 10.00, 10.00, 423, 'Purchasedetail', 415, 0, 1, NULL, NULL),
(1072, '0000-00-00', 2.00, 2.00, 312, 'Purchasedetail', 416, 0, 1, NULL, NULL),
(1073, '0000-00-00', 10.00, 10.00, 315, 'Purchasedetail', 417, 0, 1, NULL, NULL),
(1075, '0000-00-00', 10.00, 10.00, 313, 'Purchasedetail', 419, 0, 1, NULL, NULL),
(1080, '0000-00-00', 5.00, 5.00, 411, 'Purchasedetail', 418, 0, 1, NULL, NULL),
(1081, '0000-00-00', 5.00, 5.00, 412, 'Purchasedetail', 420, 0, 1, NULL, NULL),
(1082, '0000-00-00', 6.00, 6.00, 415, 'Purchasedetail', 421, 0, 1, NULL, NULL),
(1083, '0000-00-00', 4.00, 4.00, 416, 'Purchasedetail', 422, 0, 1, NULL, NULL),
(1084, '0000-00-00', 10.00, 10.00, 404, 'Purchasedetail', 424, 0, 1, NULL, NULL),
(1087, '0000-00-00', 7.00, 7.00, 398, 'Purchasedetail', 427, 0, 1, NULL, NULL),
(1088, '0000-00-00', 7.00, 7.00, 399, 'Purchasedetail', 428, 0, 1, NULL, NULL),
(1090, '0000-00-00', 8.00, 8.00, 408, 'Purchasedetail', 430, 0, 1, NULL, NULL),
(1091, '0000-00-00', 2.00, 2.00, 409, 'Purchasedetail', 431, 0, 1, NULL, NULL),
(1092, '0000-00-00', 10.00, 10.00, 410, 'Purchasedetail', 432, 0, 1, NULL, NULL),
(1093, '0000-00-00', 4.00, 4.00, 414, 'Purchasedetail', 433, 0, 1, NULL, NULL),
(1099, '2015-10-19', -1.00, 2.00, 361, 'Invoicedetail', 611, 0, 1, NULL, NULL),
(1100, '2015-10-19', -2.00, 334.00, 43, 'Invoicedetail', 612, 0, 1, NULL, NULL),
(1101, '2015-10-19', -2.00, 108.00, 319, 'Invoicedetail', 613, 0, 1, NULL, NULL),
(1102, '2015-10-19', -1.00, 3.00, 244, 'Invoicedetail', 614, 0, 1, NULL, NULL),
(1103, '2015-10-19', -1.00, 4.00, 193, 'Invoicedetail', 615, 0, 1, NULL, NULL),
(1107, '2015-10-19', 25.00, 0.00, 417, 'Purchasedetail', 442, 0, 1, NULL, NULL),
(1110, '2015-10-19', 25.00, 0.00, 405, 'Purchasedetail', 445, 0, 1, NULL, NULL),
(1118, '2015-10-19', 10.00, 34.00, 137, 'Purchasedetail', 453, 0, 1, NULL, NULL),
(1119, '2015-10-19', 10.00, 29.00, 138, 'Purchasedetail', 454, 0, 1, NULL, NULL),
(1120, '2015-10-19', 10.00, 31.00, 141, 'Purchasedetail', 455, 0, 1, NULL, NULL),
(1121, '2015-10-19', 30.00, 97.00, 139, 'Purchasedetail', 456, 0, 1, NULL, NULL),
(1122, '2015-10-19', 10.00, 33.00, 142, 'Purchasedetail', 457, 0, 1, NULL, NULL),
(1123, '2015-10-19', 10.00, 33.00, 133, 'Purchasedetail', 458, 0, 1, NULL, NULL),
(1124, '2015-10-20', -1.00, 15.00, 40, 'Invoicedetail', 616, 0, 1, NULL, NULL),
(1125, '2015-10-21', -1.00, 2.00, 3, 'Invoicedetail', 617, 0, 1, NULL, NULL),
(1126, '2015-10-19', 6.00, 0.00, 322, 'Purchasedetail', 459, 0, 1, NULL, NULL),
(1128, '2015-10-14', -5.00, -5.00, 429, 'Invoicedetail', 619, 0, 1, NULL, NULL),
(1129, '2015-10-19', 5.00, 0.00, 429, 'Purchasedetail', 460, 0, 1, NULL, NULL),
(1130, '2015-10-19', 5.00, 1.00, 328, 'Purchasedetail', 461, 0, 1, NULL, NULL),
(1131, '2015-10-19', 4.00, 0.00, 314, 'Purchasedetail', 462, 0, 1, NULL, NULL),
(1132, '2015-10-19', 12.00, 0.00, 418, 'Purchasedetail', 463, 0, 1, NULL, NULL),
(1133, '2015-10-19', 10.00, 0.00, 420, 'Purchasedetail', 464, 0, 1, NULL, NULL),
(1134, '2015-10-19', 20.00, 0.00, 419, 'Purchasedetail', 465, 0, 1, NULL, NULL),
(1135, '2015-10-19', 5.00, 0.00, 421, 'Purchasedetail', 466, 0, 1, NULL, NULL),
(1137, '2015-10-19', 8.00, 0.00, 304, 'Purchasedetail', 468, 0, 1, NULL, NULL),
(1138, '2015-10-19', 6.00, 0.00, 300, 'Purchasedetail', 469, 0, 1, NULL, NULL),
(1139, '2015-10-19', 10.00, 0.00, 297, 'Purchasedetail', 470, 0, 1, NULL, NULL),
(1140, '2015-10-19', 13.00, 0.00, 406, 'Purchasedetail', 471, 0, 1, NULL, NULL),
(1141, '2015-10-19', 5.00, 0.00, 407, 'Purchasedetail', 472, 0, 1, NULL, NULL),
(1142, '2015-10-19', 3.00, 3.00, 430, 'Purchasedetail', 473, 0, 1, NULL, NULL),
(1143, '2015-10-19', 20.00, 70.00, 135, 'Purchasedetail', 474, 0, 1, NULL, NULL),
(1144, '2015-10-19', 10.00, 35.00, 143, 'Purchasedetail', 475, 0, 1, NULL, NULL),
(1145, '2015-10-19', 40.00, 122.00, 134, 'Purchasedetail', 476, 0, 1, NULL, NULL),
(1146, '2015-10-19', 10.00, 70.00, 140, 'Purchasedetail', 477, 0, 1, NULL, NULL),
(1147, '2015-10-17', 3.00, 3.00, 3, 'Purchasedetail', 478, 0, 1, NULL, NULL),
(1148, '2015-10-17', 2.00, 2.00, 309, 'Purchasedetail', 479, 0, 1, NULL, NULL),
(1149, '2015-10-17', 20.00, 37.00, 136, 'Purchasedetail', 480, 0, 1, NULL, NULL),
(1150, '2015-10-17', 20.00, 60.00, 140, 'Purchasedetail', 481, 0, 1, NULL, NULL),
(1151, '2015-10-17', 1.00, 3.00, 2, 'Purchasedetail', 482, 0, 1, NULL, NULL),
(1152, '2015-10-17', 1.00, 3.00, 1, 'Purchasedetail', 483, 0, 1, NULL, NULL),
(1153, '2015-10-21', -10.00, 0.00, 430, 'Invoicedetail', 620, 0, 1, NULL, NULL),
(1154, '2015-10-22', -1.00, 6.00, 57, 'Invoicedetail', 621, 0, 1, NULL, NULL),
(1155, '2015-10-22', -1.00, 33.00, 61, 'Invoicedetail', 622, 0, 1, NULL, NULL),
(1156, '2015-10-22', -1.00, 5.00, 252, 'Invoicedetail', 623, 0, 1, NULL, NULL),
(1157, '2015-10-17', 100.00, 110.00, 319, 'Purchasedetail', 484, 0, 1, NULL, NULL),
(1159, '2015-10-15', -5.00, 3.00, 359, 'Invoicedetail', 624, 1, 1, NULL, NULL),
(1160, '2015-10-23', -1.00, -3.00, 271, 'Invoicedetail', 625, 0, 1, NULL, NULL),
(1161, '2015-10-23', -1.00, 7.00, 334, 'Invoicedetail', 627, 0, 1, NULL, NULL),
(1162, '2015-10-23', -1.00, 4.00, 252, 'Invoicedetail', 628, 0, 1, NULL, NULL),
(1163, '2015-10-23', -1.00, 3.00, 252, 'Invoicedetail', 629, 0, 2, NULL, NULL),
(1165, '2015-10-24', -1.00, 0.00, 24, 'Invoicedetail', 631, 0, 1, NULL, NULL),
(1166, '2015-10-26', -1.00, 9.00, 332, 'Invoicedetail', 632, 0, 1, NULL, NULL),
(1167, '2015-10-26', -1.00, 9.00, 333, 'Invoicedetail', 633, 0, 1, NULL, NULL),
(1168, '2015-10-23', -1.00, 8.00, 334, 'Invoicedetail', 626, 1, 2, NULL, NULL),
(1170, '2015-10-26', -1.00, -1.00, 431, 'Invoicedetail', 634, 0, 1, NULL, NULL),
(1172, '2015-10-14', 10.00, 16.00, 40, 'Purchasedetail', 486, 0, 1, NULL, NULL),
(1173, '2015-10-27', -1.00, 1.00, 232, 'Invoicedetail', 636, 0, 1, NULL, NULL),
(1174, '2015-10-15', -4.00, 12.00, 40, 'Invoicedetail', 637, 1, 1, NULL, NULL),
(1175, '2015-10-09', -1.00, 6.00, 40, 'Invoicedetail', 638, 0, 1, NULL, NULL),
(1176, '2015-10-09', -1.00, 20.00, 28, 'Invoicedetail', 639, 0, 3, NULL, NULL),
(1177, '2015-10-09', -1.00, 34.00, 61, 'Invoicedetail', 640, 0, 3, NULL, NULL),
(1178, '2015-10-09', -1.00, -15.00, 127, 'Invoicedetail', 641, 0, 1, NULL, NULL),
(1179, '2015-10-09', -1.00, 11.00, 60, 'Invoicedetail', 642, 0, 1, NULL, NULL),
(1180, '2015-10-09', -1.00, -16.00, 242, 'Invoicedetail', 643, 0, 2, NULL, NULL),
(1181, '2015-10-27', 1.00, 1.00, 111, 'Purchasedetail', 487, 0, 1, NULL, NULL),
(1182, '2015-10-27', -1.00, 8.00, 170, 'Invoicedetail', 644, 0, 1, NULL, NULL),
(1183, '2015-10-27', -1.00, 107.00, 319, 'Invoicedetail', 645, 0, 1, NULL, NULL),
(1184, '2015-10-27', -1.00, 1.00, 15, 'Invoicedetail', 646, 0, 1, NULL, NULL),
(1185, '2015-10-27', -5.00, -8.00, 275, 'Invoicedetail', 647, 0, 1, NULL, NULL),
(1186, '2015-10-10', -1.00, 9.00, 12, 'Invoicedetail', 648, 0, 1, NULL, NULL),
(1187, '2015-10-10', -1.00, 9.00, 334, 'Invoicedetail', 649, 0, 1, NULL, NULL),
(1188, '2015-10-10', -1.00, -17.00, 242, 'Invoicedetail', 650, 0, 1, NULL, NULL),
(1189, '2015-10-24', -1.00, 6.00, 334, 'Invoicedetail', 651, 0, 1, NULL, NULL),
(1190, '2015-10-24', -1.00, 7.00, 12, 'Invoicedetail', 652, 0, 1, NULL, NULL),
(1191, '2015-10-12', -1.00, 8.00, 334, 'Invoicedetail', 653, 0, 1, NULL, NULL),
(1192, '2015-10-12', -1.00, 8.00, 12, 'Invoicedetail', 654, 0, 1, NULL, NULL),
(1193, '2015-09-29', 5.00, 8.00, 55, 'Purchasedetail', 488, 0, 1, NULL, NULL),
(1194, '2015-10-27', -2.00, 0.00, 131, 'Purchasedetail', 489, 0, 1, NULL, NULL),
(1195, '2015-10-27', 200.00, 51.00, 190, 'Purchasedetail', 490, 0, 1, NULL, NULL),
(1196, '2015-10-05', 1.00, 0.00, 344, 'Purchasedetail', 491, 0, 1, NULL, NULL),
(1197, '2015-10-05', 4.00, 4.00, 19, 'Purchasedetail', 492, 0, 1, NULL, NULL),
(1198, '2015-10-28', -1.00, 0.00, 69, 'Invoicedetail', 655, 0, 1, NULL, NULL),
(1199, '2015-10-28', 1.00, 2.00, 205, 'Purchasedetail', 493, 0, 1, NULL, NULL),
(1200, '2015-10-01', -1.00, 0.00, 19, 'Invoicedetail', 656, 0, 1, NULL, NULL),
(1201, '2015-10-29', -1.00, 7.00, 170, 'Invoicedetail', 657, 0, 1, NULL, NULL),
(1202, '2015-10-29', -1.00, 32.00, 61, 'Invoicedetail', 658, 0, 1, NULL, NULL),
(1203, '2015-10-29', -10.00, 0.00, 380, 'Invoicedetail', 659, 0, 1, NULL, NULL),
(1204, '2015-10-29', -5.00, 0.00, 338, 'Invoicedetail', 660, 0, 1, NULL, NULL),
(1205, '2015-10-29', -1.00, 1.00, 3, 'Invoicedetail', 661, 0, 1, NULL, NULL),
(1206, '2015-10-29', -6.00, 6.00, 71, 'Invoicedetail', 662, 0, 1, NULL, NULL),
(1207, '2015-10-29', -1.00, 7.00, 5, 'Invoicedetail', 663, 0, 1, NULL, NULL),
(1208, '2015-10-29', -1.00, 2.00, 359, 'Invoicedetail', 664, 1, 1, NULL, NULL),
(1209, '2015-10-29', -1.00, 14.00, 40, 'Invoicedetail', 665, 1, 1, NULL, NULL),
(1210, '2015-10-29', -1.00, 5.00, 334, 'Invoicedetail', 666, 0, 1, NULL, NULL),
(1211, '2015-10-30', -1.00, 31.00, 61, 'Invoicedetail', 667, 0, 1, NULL, NULL),
(1212, '2015-10-13', 18.00, 8.00, 377, 'Purchasedetail', 494, 0, 2, NULL, NULL),
(1213, '2015-10-13', 2.00, 2.00, 432, 'Purchasedetail', 495, 0, 1, NULL, NULL),
(1214, '2015-10-13', 2.00, 2.00, 433, 'Purchasedetail', 496, 0, 1, NULL, NULL),
(1215, '2015-10-13', 2.00, 2.00, 434, 'Purchasedetail', 497, 0, 1, NULL, NULL),
(1216, '2015-10-13', 2.00, 2.00, 435, 'Purchasedetail', 498, 0, 1, NULL, NULL),
(1217, '2015-10-30', -1.00, 3.00, 193, 'Invoicedetail', 668, 0, 1, NULL, NULL),
(1218, '2015-11-02', -1.00, 7.00, 252, 'Invoicedetail', 669, 0, 1, NULL, NULL),
(1220, '2015-11-02', -1.00, -9.00, 275, 'Invoicedetail', 671, 0, 1, NULL, NULL),
(1221, '2015-11-02', -10.00, -264.00, 245, 'Invoicedetail', 672, 0, 1, NULL, NULL),
(1222, '2015-11-02', -5.00, -269.00, 245, 'Invoicedetail', 673, 0, 2, NULL, NULL),
(1223, '2015-11-02', -1.00, 6.00, 170, 'Invoicedetail', 674, 0, 1, NULL, NULL),
(1224, '2015-11-02', -1.00, 8.00, 246, 'Invoicedetail', 675, 0, 1, NULL, NULL),
(1225, '2015-11-02', -1.00, 2.00, 193, 'Invoicedetail', 676, 0, 1, NULL, NULL),
(1226, '2015-11-02', -2.00, 332.00, 43, 'Invoicedetail', 677, 0, 1, NULL, NULL),
(1227, '2015-11-02', -1.00, 99.00, 28, 'Invoicedetail', 678, 0, 1, NULL, NULL),
(1228, '2015-11-03', -1.00, 98.00, 28, 'Invoicedetail', 679, 0, 1, NULL, NULL),
(1229, '2015-11-03', -1.00, 69.00, 135, 'Invoicedetail', 680, 0, 1, NULL, NULL),
(1230, '2015-11-04', -2.00, 330.00, 43, 'Invoicedetail', 681, 0, 1, NULL, NULL),
(1231, '2015-10-19', 7.00, 10.00, 430, 'Purchasedetail', 499, 0, 2, NULL, NULL),
(1232, '2015-11-04', -1.00, -1.00, 436, 'Invoicedetail', 682, 0, 1, NULL, NULL),
(1233, '2015-11-04', -2.00, -2.00, 437, 'Invoicedetail', 683, 0, 1, NULL, NULL),
(1234, '2015-11-04', -2.00, -2.00, 438, 'Invoicedetail', 684, 0, 1, NULL, NULL),
(1235, '2015-11-04', -2.00, -2.00, 439, 'Invoicedetail', 685, 0, 1, NULL, NULL),
(1236, '2015-11-04', -20.00, -20.00, 440, 'Invoicedetail', 686, 0, 1, NULL, NULL),
(1237, '2015-11-04', -1.00, 58.00, 29, 'Invoicedetail', 687, 0, 1, NULL, NULL),
(1238, '2015-11-05', -2.00, 328.00, 43, 'Invoicedetail', 688, 0, 1, NULL, NULL),
(1239, '2015-11-05', -1.00, 1.00, 234, 'Invoicedetail', 689, 0, 1, NULL, NULL),
(1240, '2015-11-05', -20.00, -20.00, 191, 'Invoicedetail', 690, 0, 1, NULL, NULL),
(1241, '2015-11-05', -1.00, 1.00, 54, 'Invoicedetail', 691, 0, 1, NULL, NULL),
(1243, '2015-11-06', -12.00, -12.00, 441, 'Invoicedetail', 693, 0, 1, NULL, NULL),
(1244, '2015-11-06', -1.00, 327.00, 43, 'Invoicedetail', 694, 0, 1, NULL, NULL),
(1245, '2015-11-06', -1.00, 6.00, 252, 'Invoicedetail', 695, 0, 1, NULL, NULL),
(1246, '2015-10-31', 10.00, 10.00, 442, 'Purchasedetail', 500, 0, 1, NULL, NULL),
(1247, '2015-10-31', 10.00, 10.00, 443, 'Purchasedetail', 501, 0, 1, NULL, NULL),
(1248, '2015-11-06', -1.00, 17.00, 377, 'Invoicedetail', 696, 0, 1, NULL, NULL),
(1249, '2015-10-14', 5.00, 5.00, 358, 'Purchasedetail', 502, 0, 1, NULL, NULL),
(1250, '2015-10-27', 80.00, 100.00, 28, 'Purchasedetail', 503, 0, 1, NULL, NULL),
(1251, '2015-10-27', 4.00, 5.00, 132, 'Purchasedetail', 504, 0, 1, NULL, NULL),
(1252, '2015-10-27', 2.00, 2.00, 131, 'Purchasedetail', 505, 0, 2, NULL, NULL),
(1253, '2015-10-27', 5.00, 8.00, 252, 'Purchasedetail', 506, 0, 1, NULL, NULL),
(1254, '2015-10-27', 10.00, 10.00, 403, 'Purchasedetail', 507, 0, 1, NULL, NULL),
(1255, '2015-10-27', 10.00, 10.00, 444, 'Purchasedetail', 508, 0, 1, NULL, NULL),
(1256, '2015-10-29', 17.00, 17.00, 380, 'Purchasedetail', 509, 0, 2, NULL, NULL),
(1257, '2015-10-29', 10.00, 10.00, 338, 'Purchasedetail', 510, 0, 2, NULL, NULL),
(1259, '2015-11-07', -1.00, 44.00, 284, 'Invoicedetail', 697, 0, 1, NULL, NULL),
(1260, '2015-11-07', -1.00, -4.00, 272, 'Invoicedetail', 698, 0, 1, NULL, NULL),
(1261, '2015-11-07', -1.00, 30.00, 61, 'Invoicedetail', 699, 0, 1, NULL, NULL),
(1262, '2015-11-07', -1.00, 1.00, 41, 'Invoicedetail', 700, 0, 1, NULL, NULL),
(1263, '2015-11-07', -1.00, 1.00, 216, 'Invoicedetail', 701, 1, 1, NULL, NULL),
(1264, '2015-11-07', -1.00, 1.00, 216, 'Invoicedetail', 702, 0, 1, NULL, NULL),
(1265, '2015-11-07', -1.00, 14.00, 40, 'Invoicedetail', 703, 0, 1, NULL, NULL),
(1266, '2015-11-07', -1.00, 10.00, 179, 'Invoicedetail', 704, 0, 1, NULL, NULL),
(1267, '2015-11-07', -1.00, 57.00, 29, 'Invoicedetail', 705, 0, 1, NULL, NULL),
(1268, '2015-11-07', -1.00, 33.00, 137, 'Invoicedetail', 706, 0, 1, NULL, NULL),
(1270, '2015-11-09', -1.00, 8.00, 16, 'Invoicedetail', 708, 0, 1, NULL, NULL),
(1271, '2015-11-09', -1.00, 5.00, 252, 'Invoicedetail', 709, 0, 1, NULL, NULL),
(1272, '2015-11-09', -2.00, 325.00, 43, 'Invoicedetail', 710, 0, 1, NULL, NULL),
(1273, '2015-11-09', -1.00, 8.00, 347, 'Invoicedetail', 711, 0, 1, NULL, NULL),
(1274, '2015-11-09', -1.00, 4.00, 334, 'Invoicedetail', 712, 0, 1, NULL, NULL),
(1275, '2015-11-09', -1.00, 6.00, 12, 'Invoicedetail', 713, 0, 1, NULL, NULL),
(1276, '2015-11-09', -1.00, 4.00, 132, 'Invoicedetail', 714, 0, 1, NULL, NULL),
(1277, '2015-11-09', -1.00, -24.00, 242, 'Invoicedetail', 715, 0, 1, NULL, NULL),
(1278, '2015-10-12', -1.00, 2.00, 132, 'Invoicedetail', 716, 0, 1, NULL, NULL),
(1279, '2015-10-12', -1.00, -18.00, 242, 'Invoicedetail', 717, 0, 1, NULL, NULL),
(1280, '2015-11-09', -12.00, -21.00, 275, 'Invoicedetail', 718, 0, 1, NULL, NULL),
(1281, '2015-11-09', -1.00, 2.00, 18, 'Invoicedetail', 719, 0, 1, NULL, NULL),
(1282, '2015-11-09', -1.00, 43.00, 284, 'Invoicedetail', 720, 0, 1, NULL, NULL),
(1283, '2015-11-09', -5.00, 1.00, 170, 'Invoicedetail', 721, 0, 1, NULL, NULL),
(1284, '2015-11-09', -5.00, 5.00, 171, 'Invoicedetail', 722, 0, 1, NULL, NULL),
(1286, '2015-11-09', -1.00, 1.00, 82, 'Invoicedetail', 724, 0, 1, NULL, NULL),
(1288, '2015-11-10', -1.00, 0.00, 234, 'Invoicedetail', 726, 0, 1, NULL, NULL),
(1289, '2015-11-11', -1.00, 0.00, 216, 'Invoicedetail', 727, 0, 1, NULL, NULL),
(1290, '2015-11-11', -1.00, 10.00, 60, 'Invoicedetail', 728, 0, 1, NULL, NULL),
(1291, '2015-11-11', -1.00, 9.00, 443, 'Invoicedetail', 729, 0, 1, NULL, NULL),
(1292, '2015-11-12', -15.00, 36.00, 190, 'Invoicedetail', 730, 0, 1, NULL, NULL),
(1293, '2015-11-12', -1.00, 1.00, 308, 'Invoicedetail', 731, 0, 1, NULL, NULL),
(1294, '2015-11-07', 5.00, 5.00, 445, 'Purchasedetail', 512, 0, 1, NULL, NULL),
(1295, '2015-11-05', 1.00, 1.00, 446, 'Purchasedetail', 513, 0, 1, NULL, NULL),
(1296, '2015-11-07', 1.00, 1.00, 447, 'Purchasedetail', 514, 0, 1, NULL, NULL),
(1297, '2015-11-07', 6.00, 5.00, 448, 'Purchasedetail', 515, 0, 1, NULL, NULL),
(1302, '2015-11-14', -1.00, 0.00, 446, 'Invoicedetail', 736, 0, 1, NULL, NULL),
(1303, '2015-11-14', -1.00, 0.00, 447, 'Invoicedetail', 737, 0, 1, NULL, NULL),
(1304, '2015-11-14', -5.00, 0.00, 445, 'Invoicedetail', 738, 0, 1, NULL, NULL),
(1305, '2015-11-14', -20.00, 16.00, 190, 'Invoicedetail', 739, 0, 1, NULL, NULL),
(1306, '2015-11-14', -1.00, 8.00, 332, 'Invoicedetail', 740, 0, 1, NULL, NULL),
(1307, '2015-11-14', -1.00, 8.00, 333, 'Invoicedetail', 741, 0, 1, NULL, NULL),
(1308, '2015-11-14', -3.00, 6.00, 180, 'Invoicedetail', 742, 0, 1, NULL, NULL),
(1311, '2015-11-14', -1.00, 9.00, 60, 'Invoicedetail', 744, 0, 1, NULL, NULL),
(1312, '2015-11-14', -1.00, 97.00, 28, 'Invoicedetail', 745, 0, 1, NULL, NULL),
(1313, '2015-11-14', -1.00, -16.00, 127, 'Invoicedetail', 746, 0, 1, NULL, NULL),
(1314, '2015-11-14', -1.00, 29.00, 61, 'Invoicedetail', 748, 0, 1, NULL, NULL),
(1315, '2015-11-14', -1.00, 1.00, 18, 'Invoicedetail', 749, 0, 1, NULL, NULL),
(1316, '2015-11-14', -1.00, -25.00, 242, 'Invoicedetail', 750, 0, 1, NULL, NULL),
(1317, '2015-11-14', -20.00, -4.00, 190, 'Invoicedetail', 751, 0, 2, NULL, NULL),
(1318, '2015-11-14', -1.00, 7.00, 332, 'Invoicedetail', 752, 0, 2, NULL, NULL),
(1319, '2015-11-14', -1.00, 7.00, 333, 'Invoicedetail', 753, 0, 2, NULL, NULL),
(1320, '2015-11-14', -1.00, 4.00, 252, 'Invoicedetail', 754, 0, 1, NULL, NULL),
(1321, '2015-11-14', -1.00, 3.00, 334, 'Invoicedetail', 755, 0, 1, NULL, NULL),
(1322, '2015-11-14', -1.00, 5.00, 12, 'Invoicedetail', 756, 0, 1, NULL, NULL),
(1323, '2015-11-14', -1.00, 1.00, 432, 'Invoicedetail', 757, 0, 1, NULL, NULL),
(1324, '2015-11-14', -1.00, 1.00, 433, 'Invoicedetail', 758, 0, 1, NULL, NULL),
(1325, '2015-11-14', -1.00, 8.00, 193, 'Invoicedetail', 759, 0, 1, NULL, NULL),
(1326, '2015-11-14', -1.00, 9.00, 45, 'Invoicedetail', 760, 0, 1, NULL, NULL),
(1327, '2015-11-16', -1.00, 3.00, 3, 'Invoicedetail', 761, 0, 1, NULL, NULL),
(1328, '2015-11-04', 1.00, -1.00, 437, 'Purchasedetail', 516, 0, 2, NULL, NULL),
(1329, '2015-11-04', 1.00, -1.00, 438, 'Purchasedetail', 517, 0, 2, NULL, NULL),
(1330, '2015-11-04', 1.00, 0.00, 437, 'Purchasedetail', 518, 0, 3, NULL, NULL),
(1331, '2015-11-04', 1.00, 0.00, 438, 'Purchasedetail', 519, 0, 3, NULL, NULL),
(1332, '2015-11-04', 1.00, 0.00, 436, 'Purchasedetail', 520, 0, 2, NULL, NULL),
(1333, '2015-11-04', 20.00, 0.00, 440, 'Purchasedetail', 521, 0, 2, NULL, NULL),
(1334, '2015-11-04', 2.00, 2.00, 449, 'Purchasedetail', 522, 0, 1, NULL, NULL),
(1335, '2015-11-07', 2.00, 2.00, 450, 'Purchasedetail', 523, 0, 1, NULL, NULL),
(1336, '2015-11-07', 2.00, 2.00, 451, 'Purchasedetail', 524, 0, 1, NULL, NULL),
(1337, '2015-11-16', -1.00, 41.00, 284, 'Invoicedetail', 762, 0, 1, NULL, NULL),
(1338, '2015-11-16', -1.00, 4.00, 217, 'Invoicedetail', 763, 0, 1, NULL, NULL),
(1339, '2015-11-16', -1.00, 13.00, 40, 'Invoicedetail', 764, 0, 1, NULL, NULL),
(1340, '2015-11-16', -1.00, 28.00, 61, 'Invoicedetail', 765, 0, 1, NULL, NULL),
(1341, '2015-11-16', -1.00, 96.00, 28, 'Invoicedetail', 766, 0, 1, NULL, NULL),
(1342, '2015-11-16', -1.00, 2.00, 2, 'Invoicedetail', 767, 0, 1, NULL, NULL),
(1343, '2015-11-16', -10.00, -10.00, 257, 'Invoicedetail', 768, 0, 1, NULL, NULL),
(1344, '2015-11-16', -1.00, 9.00, 179, 'Invoicedetail', 769, 0, 1, NULL, NULL),
(1345, '2015-11-16', -1.00, 8.00, 277, 'Invoicedetail', 771, 0, 1, NULL, NULL),
(1346, '2015-11-16', -1.00, 9.00, 183, 'Invoicedetail', 772, 0, 1, NULL, NULL),
(1347, '2015-11-16', -1.00, -26.00, 242, 'Invoicedetail', 773, 0, 1, NULL, NULL),
(1348, '2015-11-16', -1.00, -4.00, 271, 'Invoicedetail', 774, 0, 1, NULL, NULL),
(1349, '2015-11-17', -1.00, 5.00, 18, 'Invoicedetail', 775, 1, 1, NULL, NULL),
(1350, '2015-11-17', -1.00, 6.00, 57, 'Invoicedetail', 776, 1, 1, NULL, NULL),
(1351, '2015-11-17', -1.00, -22.00, 127, 'Invoicedetail', 777, 1, 1, NULL, NULL),
(1352, '2015-11-17', -1.00, 22.00, 61, 'Invoicedetail', 778, 1, 1, NULL, NULL),
(1353, '2015-11-17', -1.00, 90.00, 28, 'Invoicedetail', 779, 1, 1, NULL, NULL),
(1354, '2015-11-17', -1.00, -27.00, 242, 'Invoicedetail', 780, 1, 1, NULL, NULL),
(1355, '2015-11-17', -1.00, 7.00, 193, 'Invoicedetail', 781, 0, 1, NULL, NULL),
(1356, '2015-11-17', -1.00, 5.00, 57, 'Invoicedetail', 782, 0, 1, NULL, NULL),
(1357, '2015-11-17', -1.00, 27.00, 61, 'Invoicedetail', 783, 0, 1, NULL, NULL),
(1358, '2015-11-17', -1.00, 95.00, 28, 'Invoicedetail', 784, 0, 1, NULL, NULL),
(1359, '2015-11-17', -1.00, -17.00, 127, 'Invoicedetail', 785, 0, 1, NULL, NULL),
(1360, '2015-11-17', -1.00, -27.00, 242, 'Invoicedetail', 786, 0, 1, NULL, NULL),
(1361, '2015-09-19', -1.00, 0.00, 331, 'Purchasedetail', 525, 0, 2, NULL, NULL),
(1362, '2015-09-04', -1.00, 0.00, 307, 'Purchasedetail', 526, 0, 2, NULL, NULL),
(1363, '2015-11-14', -1.00, 3.00, 132, 'Invoicedetail', 787, 0, 1, NULL, NULL),
(1364, '2015-10-24', -1.00, 1.00, 132, 'Invoicedetail', 788, 0, 1, NULL, NULL),
(1365, '2015-10-10', -1.00, 3.00, 132, 'Invoicedetail', 789, 0, 1, NULL, NULL),
(1373, '2015-11-18', -1.00, 3.00, 19, 'Invoicedetail', 791, 0, 1, NULL, NULL),
(1374, '2015-11-18', -10.00, -30.00, 191, 'Invoicedetail', 792, 0, 1, NULL, NULL),
(1376, '2015-09-29', -1.00, 8.00, 57, 'Purchasedetail', 528, 0, 2, NULL, NULL),
(1377, '2015-08-21', 1.00, 0.00, 241, 'Purchasedetail', 529, 0, 2, NULL, NULL),
(1378, '2015-11-18', -1.00, 2.00, 334, 'Invoicedetail', 794, 0, 1, NULL, NULL),
(1379, '2015-11-18', -1.00, 4.00, 12, 'Invoicedetail', 795, 0, 1, NULL, NULL),
(1380, '2015-11-18', -1.00, 2.00, 132, 'Invoicedetail', 796, 0, 1, NULL, NULL),
(1381, '2015-11-18', -1.00, 6.00, 332, 'Invoicedetail', 797, 0, 1, NULL, NULL),
(1382, '2015-11-18', -1.00, 6.00, 333, 'Invoicedetail', 798, 0, 1, NULL, NULL),
(1383, '2015-11-18', -15.00, -19.00, 190, 'Invoicedetail', 799, 0, 1, NULL, NULL),
(1384, '2015-11-19', -1.00, 0.00, 41, 'Invoicedetail', 800, 0, 1, NULL, NULL),
(1385, '2015-11-11', 1.00, 1.00, 453, 'Purchasedetail', 530, 0, 1, NULL, NULL),
(1386, '2015-11-19', -6.00, -6.00, 454, 'Invoicedetail', 801, 0, 1, NULL, NULL),
(1387, '2015-11-19', -2.00, 6.00, 72, 'Invoicedetail', 802, 0, 1, NULL, NULL),
(1388, '2015-11-19', -1.00, 324.00, 43, 'Invoicedetail', 803, 0, 1, NULL, NULL),
(1389, '2015-11-19', -1.00, 26.00, 61, 'Invoicedetail', 804, 0, 1, NULL, NULL),
(1390, '2015-11-19', -1.00, -1.00, 455, 'Invoicedetail', 805, 0, 1, NULL, NULL),
(1393, '2015-11-19', -30.00, -30.00, 457, 'Invoicedetail', 806, 0, 1, NULL, NULL),
(1394, '2015-11-19', -3.00, -3.00, 456, 'Invoicedetail', 809, 0, 1, NULL, NULL),
(1396, '2015-10-30', -1.00, 2.00, 53, 'Invoicedetail', 810, 0, 1, NULL, NULL),
(1397, '2015-11-04', -1.00, -1.00, 448, 'Invoicedetail', 811, 0, 1, NULL, NULL),
(1399, '2015-11-20', -2.00, 8.00, 338, 'Invoicedetail', 812, 0, 1, NULL, NULL),
(1400, '2015-11-20', -8.00, -149.00, 236, 'Invoicedetail', 813, 0, 1, NULL, NULL),
(1401, '2015-11-20', -10.00, -10.00, 240, 'Invoicedetail', 814, 0, 1, NULL, NULL),
(1402, '2015-11-20', -1.00, 2.00, 33, 'Invoicedetail', 816, 0, 1, NULL, NULL),
(1403, '2015-11-21', -1.00, 0.00, 32, 'Invoicedetail', 817, 0, 1, NULL, NULL),
(1404, '2015-11-21', -1.00, 323.00, 43, 'Invoicedetail', 818, 0, 1, NULL, NULL),
(1405, '2015-11-21', -1.00, 3.00, 82, 'Invoicedetail', 819, 0, 1, NULL, NULL),
(1406, '2015-11-21', -1.00, 12.00, 40, 'Invoicedetail', 820, 0, 1, NULL, NULL),
(1407, '2015-11-21', -1.00, 11.00, 40, 'Invoicedetail', 821, 0, 2, NULL, NULL),
(1408, '2015-11-21', -1.00, 8.00, 60, 'Invoicedetail', 822, 0, 1, NULL, NULL),
(1409, '2015-11-21', -1.00, 94.00, 28, 'Invoicedetail', 823, 0, 1, NULL, NULL),
(1410, '2015-11-21', -1.00, 25.00, 61, 'Invoicedetail', 824, 0, 1, NULL, NULL),
(1411, '2015-11-21', -1.00, -18.00, 127, 'Invoicedetail', 825, 0, 1, NULL, NULL),
(1412, '2015-11-21', -1.00, -1.00, 458, 'Invoicedetail', 832, 1, 1, NULL, NULL),
(1413, '2015-11-27', -1.00, 10.00, 40, 'Invoicedetail', 826, 0, 1, NULL, NULL),
(1414, '2015-11-30', -4.00, 6.00, 40, 'Invoicedetail', 827, 0, 1, NULL, NULL),
(1415, '2015-11-30', -4.00, 2.00, 60, 'Invoicedetail', 828, 0, 1, NULL, NULL),
(1416, '2015-11-30', -4.00, 86.00, 28, 'Invoicedetail', 829, 0, 1, NULL, NULL),
(1417, '2015-11-30', -4.00, 17.00, 61, 'Invoicedetail', 830, 0, 1, NULL, NULL),
(1418, '2015-11-30', -4.00, -22.00, 127, 'Invoicedetail', 831, 0, 1, NULL, NULL),
(1419, '2015-12-06', -4.00, 1.00, 40, 'Invoicedetail', 833, 0, 1, NULL, NULL),
(1420, '2015-12-18', -5.00, 1.00, 359, 'Invoicedetail', 834, 0, 1, NULL, NULL),
(1423, '2015-11-11', 3.00, 4.00, 82, 'Purchasedetail', 531, 0, 1, NULL, NULL),
(1424, '2015-11-11', 15.00, 16.00, 170, 'Purchasedetail', 532, 0, 1, NULL, NULL),
(1425, '2015-11-11', 15.00, 20.00, 171, 'Purchasedetail', 533, 0, 1, NULL, NULL),
(1426, '2015-11-11', 2.00, 2.00, 459, 'Purchasedetail', 534, 0, 1, NULL, NULL),
(1427, '2015-11-11', 10.00, 10.00, 460, 'Purchasedetail', 535, 0, 1, NULL, NULL),
(1428, '2015-11-11', 3.00, 3.00, 234, 'Purchasedetail', 536, 0, 1, NULL, NULL),
(1429, '2015-11-11', 7.00, 9.00, 193, 'Purchasedetail', 537, 0, 1, NULL, NULL),
(1430, '2015-11-11', 5.00, 5.00, 216, 'Purchasedetail', 538, 0, 2, NULL, NULL),
(1431, '2015-11-11', 2.00, 5.00, 217, 'Purchasedetail', 539, 0, 1, NULL, NULL),
(1432, '2015-11-11', 7.00, 7.00, 462, 'Purchasedetail', 540, 0, 1, NULL, NULL),
(1433, '2015-11-05', 1.00, 1.00, 463, 'Purchasedetail', 541, 0, 1, NULL, NULL),
(1434, '2015-11-07', 10.00, 10.00, 464, 'Purchasedetail', 542, 0, 1, NULL, NULL),
(1435, '2015-11-07', 10.00, 10.00, 465, 'Purchasedetail', 543, 0, 1, NULL, NULL),
(1436, '2015-11-11', 3.00, 4.00, 3, 'Purchasedetail', 544, 0, 1, NULL, NULL),
(1437, '2015-11-11', 2.00, 5.00, 1, 'Purchasedetail', 545, 0, 1, NULL, NULL),
(1438, '2015-11-23', -1.00, 2.00, 234, 'Invoicedetail', 837, 0, 1, NULL, NULL),
(1441, '2015-11-23', -20.00, -26.00, 454, 'Invoicedetail', 838, 0, 1, NULL, NULL),
(1442, '2015-11-23', -20.00, -20.00, 192, 'Invoicedetail', 841, 0, 1, NULL, NULL),
(1443, '2015-11-23', -2.00, -28.00, 454, 'Invoicedetail', 842, 0, 2, NULL, NULL),
(1445, '2015-11-23', -10.00, 0.00, 465, 'Invoicedetail', 844, 0, 1, NULL, NULL),
(1446, '2015-11-24', -3.00, -24.00, 275, 'Invoicedetail', 845, 0, 1, NULL, NULL),
(1447, '2015-11-24', -1.00, 2.00, 42, 'Invoicedetail', 846, 0, 1, NULL, NULL),
(1448, '2015-11-24', -1.00, 1.00, 42, 'Invoicedetail', 847, 0, 2, NULL, NULL),
(1449, '2015-11-25', -1.00, 93.00, 28, 'Invoicedetail', 848, 0, 1, NULL, NULL),
(1450, '2015-11-25', -1.00, 24.00, 61, 'Invoicedetail', 849, 0, 1, NULL, NULL),
(1451, '2015-11-25', -1.00, 7.00, 60, 'Invoicedetail', 850, 0, 1, NULL, NULL),
(1452, '2015-11-26', -20.00, -39.00, 190, 'Invoicedetail', 851, 0, 1, NULL, NULL),
(1453, '2015-11-26', -20.00, -50.00, 457, 'Invoicedetail', 852, 0, 1, NULL, NULL),
(1454, '2015-11-26', -15.00, -39.00, 275, 'Invoicedetail', 853, 0, 1, NULL, NULL),
(1455, '2015-11-27', -2.00, 321.00, 43, 'Invoicedetail', 854, 0, 1, NULL, NULL),
(1456, '2015-11-27', -2.00, 18.00, 31, 'Invoicedetail', 855, 0, 1, NULL, NULL),
(1457, '2015-11-27', -7.00, 0.00, 5, 'Invoicedetail', 856, 0, 1, NULL, NULL),
(1458, '2015-11-27', -1.00, 6.00, 193, 'Invoicedetail', 857, 0, 1, NULL, NULL),
(1460, '2015-11-27', -2.00, 2.00, 217, 'Invoicedetail', 858, 1, 1, NULL, NULL),
(1461, '2015-11-27', -1.00, 3.00, 18, 'Invoicedetail', 860, 1, 1, NULL, NULL),
(1462, '2015-11-27', -1.00, 1.00, 60, 'Invoicedetail', 861, 1, 1, NULL, NULL),
(1463, '2015-11-27', -1.00, 16.00, 61, 'Invoicedetail', 862, 1, 1, NULL, NULL),
(1464, '2015-11-27', -1.00, 85.00, 28, 'Invoicedetail', 863, 1, 1, NULL, NULL),
(1465, '2015-11-27', -2.00, 91.00, 28, 'Invoicedetail', 864, 0, 1, NULL, NULL),
(1466, '2015-11-27', -2.00, 22.00, 61, 'Invoicedetail', 865, 0, 1, NULL, NULL),
(1467, '2015-11-27', -2.00, 2.00, 216, 'Invoicedetail', 866, 1, 1, NULL, NULL),
(1468, '2015-11-28', -14.00, -53.00, 190, 'Invoicedetail', 867, 0, 1, NULL, NULL),
(1469, '2015-11-19', -30.00, -60.00, 457, 'Invoicedetail', 868, 1, 2, NULL, NULL),
(1470, '2015-11-19', -3.00, 7.00, 460, 'Invoicedetail', 869, 1, 1, NULL, NULL),
(1475, '2015-11-30', -15.00, -68.00, 190, 'Invoicedetail', 874, 0, 1, NULL, NULL),
(1476, '2015-11-30', -1.00, 5.00, 333, 'Invoicedetail', 875, 0, 1, NULL, NULL),
(1477, '2015-11-22', 5.00, 5.00, 445, 'Purchasedetail', 546, 0, 1, NULL, NULL),
(1478, '2015-11-25', 1.00, 1.00, 466, 'Purchasedetail', 547, 0, 1, NULL, NULL),
(1479, '2015-11-25', 1.00, 1.00, 467, 'Purchasedetail', 548, 0, 1, NULL, NULL),
(1480, '2015-11-30', 3.00, 3.00, 466, 'Purchasedetail', 549, 0, 1, NULL, NULL),
(1481, '2015-11-30', 3.00, 3.00, 468, 'Purchasedetail', 550, 0, 1, NULL, NULL),
(1482, '2015-11-30', 3.00, 8.00, 445, 'Purchasedetail', 551, 0, 1, NULL, NULL),
(1483, '2015-11-30', 3.00, 3.00, 469, 'Purchasedetail', 552, 0, 1, NULL, NULL),
(1484, '2015-11-30', -1.00, 2.00, 265, 'Invoicedetail', 876, 0, 1, NULL, NULL),
(1485, '2015-11-30', -1.00, 85.00, 28, 'Invoicedetail', 877, 0, 2, NULL, NULL),
(1486, '2015-11-30', -1.00, 2.00, 81, 'Invoicedetail', 878, 0, 1, NULL, NULL),
(1488, '2015-09-29', -10.00, 0.00, 349, 'Purchasedetail', 553, 0, 2, NULL, NULL),
(1489, '2015-09-29', -10.00, 0.00, 348, 'Purchasedetail', 554, 0, 2, NULL, NULL),
(1490, '2015-10-27', -2.00, 5.00, 338, 'Invoicedetail', 880, 0, 1, NULL, NULL),
(1491, '2015-11-10', -1.00, 42.00, 284, 'Invoicedetail', 881, 0, 1, NULL, NULL),
(1492, '2015-12-01', -1.00, 1.00, 234, 'Invoicedetail', 882, 0, 1, NULL, NULL),
(1493, '2015-12-01', -10.00, 6.00, 170, 'Invoicedetail', 883, 0, 1, NULL, NULL),
(1494, '2015-12-01', -5.00, 15.00, 171, 'Invoicedetail', 884, 0, 1, NULL, NULL),
(1495, '2015-12-01', -4.00, 317.00, 43, 'Invoicedetail', 885, 0, 1, NULL, NULL),
(1499, '2015-12-01', -1.00, 5.00, 40, 'Invoicedetail', 886, 0, 1, NULL, NULL),
(1500, '2015-12-01', -1.00, 1.00, 60, 'Invoicedetail', 887, 0, 1, NULL, NULL),
(1501, '2015-12-01', -1.00, 16.00, 61, 'Invoicedetail', 888, 0, 1, NULL, NULL),
(1502, '2015-12-01', -1.00, 84.00, 28, 'Invoicedetail', 889, 0, 1, NULL, NULL),
(1503, '2015-12-01', -1.00, -23.00, 127, 'Invoicedetail', 890, 0, 1, NULL, NULL),
(1504, '2015-12-01', -2.00, 315.00, 43, 'Invoicedetail', 892, 0, 2, NULL, NULL),
(1505, '2015-12-01', -1.00, 7.00, 239, 'Invoicedetail', 895, 0, 1, NULL, NULL),
(1506, '2015-12-01', 1.00, 2.00, 60, 'Invoicedetail', 896, 0, 2, NULL, NULL),
(1507, '2015-12-01', 1.00, 1.00, 18, 'Invoicedetail', 897, 0, 1, NULL, NULL),
(1508, '2015-12-01', 1.00, 17.00, 61, 'Invoicedetail', 898, 0, 2, NULL, NULL),
(1509, '2015-12-01', 1.00, 85.00, 28, 'Invoicedetail', 899, 0, 2, NULL, NULL),
(1524, '2015-12-10', -1.00, 0.00, 40, 'Invoicedetail', 901, 0, 1, NULL, NULL),
(1525, '2015-12-10', -1.00, 7.00, 359, 'Invoicedetail', 902, 0, 1, NULL, NULL),
(1529, '2015-12-01', -5.00, 5.00, 403, 'Invoicedetail', 903, 0, 1, NULL, NULL),
(1530, '2015-12-02', -5.00, -15.00, 257, 'Invoicedetail', 904, 0, 1, NULL, NULL),
(1531, '2015-12-02', -1.00, 1.00, 60, 'Invoicedetail', 905, 0, 1, NULL, NULL),
(1532, '2015-12-03', -1.00, -1.00, 470, 'Invoicedetail', 906, 0, 1, NULL, NULL),
(1533, '2015-12-03', -1.00, 3.00, 9, 'Invoicedetail', 907, 0, 1, NULL, NULL),
(1534, '2015-12-03', -1.00, 11.00, 46, 'Invoicedetail', 908, 0, 1, NULL, NULL),
(1536, '2015-12-03', -1.00, 6.00, 60, 'Invoicedetail', 909, 0, 1, NULL, NULL),
(1537, '2015-12-03', -1.00, 6.00, 462, 'Invoicedetail', 911, 0, 1, NULL, NULL),
(1538, '2015-12-03', -1.00, 16.00, 61, 'Invoicedetail', 912, 0, 1, NULL, NULL),
(1539, '2015-12-03', -1.00, 84.00, 28, 'Invoicedetail', 913, 0, 1, NULL, NULL),
(1540, '2015-12-03', -1.00, -24.00, 127, 'Invoicedetail', 914, 0, 1, NULL, NULL),
(1541, '2015-12-03', -1.00, -28.00, 242, 'Invoicedetail', 915, 0, 1, NULL, NULL),
(1548, '2015-11-27', -1.00, 6.00, 60, 'Invoicedetail', 916, 0, 1, NULL, NULL),
(1549, '2015-11-27', -1.00, 0.00, 18, 'Invoicedetail', 917, 0, 1, NULL, NULL),
(1550, '2015-11-27', -1.00, 21.00, 61, 'Invoicedetail', 918, 0, 2, NULL, NULL),
(1551, '2015-11-27', -1.00, 90.00, 28, 'Invoicedetail', 919, 0, 2, NULL, NULL),
(1557, '2015-11-24', -1.00, -5.00, 271, 'Invoicedetail', 920, 0, 1, NULL, NULL),
(1558, '2015-11-24', -1.00, -5.00, 272, 'Invoicedetail', 921, 0, 1, NULL, NULL),
(1559, '2015-11-24', -1.00, 1.00, 263, 'Invoicedetail', 922, 0, 1, NULL, NULL),
(1560, '2015-12-04', -1.00, 0.00, 458, 'Invoicedetail', 923, 0, 1, NULL, NULL),
(1561, '2015-12-05', -1.00, 4.00, 216, 'Invoicedetail', 924, 0, 1, NULL, NULL),
(1562, '2015-12-05', -1.00, 83.00, 28, 'Invoicedetail', 925, 0, 1, NULL, NULL),
(1563, '2015-12-05', -1.00, 15.00, 61, 'Invoicedetail', 926, 0, 1, NULL, NULL),
(1564, '2015-07-15', -5.00, 7.00, 18, 'Purchasedetail', 555, 0, 3, NULL, NULL),
(1565, '2015-12-05', -1.00, 1.00, 471, 'Invoicedetail', 927, 0, 1, NULL, NULL),
(1566, '2015-12-05', -1.00, 0.00, 471, 'Invoicedetail', 928, 0, 2, NULL, NULL),
(1567, '2015-12-05', -1.00, 0.00, 472, 'Invoicedetail', 929, 0, 1, NULL, NULL),
(1568, '2015-12-05', -3.00, 54.00, 29, 'Invoicedetail', 930, 0, 1, NULL, NULL),
(1569, '2015-12-05', -2.00, 0.00, 473, 'Invoicedetail', 931, 0, 1, NULL, NULL),
(1572, '2015-12-05', -1.00, 1.00, 334, 'Invoicedetail', 934, 0, 1, NULL, NULL),
(1573, '2015-12-07', -20.00, -289.00, 245, 'Invoicedetail', 935, 0, 1, NULL, NULL),
(1574, '2015-12-07', -1.00, 6.00, 239, 'Invoicedetail', 936, 0, 1, NULL, NULL),
(1575, '2015-12-07', -4.00, 5.00, 174, 'Invoicedetail', 937, 0, 1, NULL, NULL),
(1576, '2015-12-07', -4.00, 6.00, 178, 'Invoicedetail', 938, 0, 1, NULL, NULL),
(1577, '2015-12-07', -1.00, 1.00, 361, 'Invoicedetail', 939, 0, 1, NULL, NULL),
(1578, '2015-12-07', -50.00, -56.00, 255, 'Invoicedetail', 940, 0, 1, NULL, NULL),
(1579, '2015-12-07', -4.00, 2.00, 180, 'Invoicedetail', 941, 0, 1, NULL, NULL),
(1580, '2015-12-07', -1.00, 9.00, 47, 'Invoicedetail', 942, 0, 1, NULL, NULL),
(1581, '2015-12-07', -3.00, 4.00, 258, 'Invoicedetail', 943, 0, 1, NULL, NULL),
(1582, '2015-12-07', -1.00, 82.00, 28, 'Invoicedetail', 944, 0, 1, NULL, NULL),
(1583, '2015-12-07', -1.00, 14.00, 61, 'Invoicedetail', 945, 0, 1, NULL, NULL),
(1584, '2015-12-08', -1.00, 4.00, 56, 'Invoicedetail', 946, 0, 1, NULL, NULL),
(1585, '2015-12-08', -1.00, 0.00, 361, 'Invoicedetail', 947, 0, 1, NULL, NULL),
(1586, '2015-12-08', -1.00, 5.00, 193, 'Invoicedetail', 948, 0, 1, NULL, NULL),
(1587, '2015-12-08', -2.00, 1.00, 234, 'Invoicedetail', 949, 0, 1, NULL, NULL),
(1588, '2015-12-08', -1.00, 81.00, 28, 'Invoicedetail', 950, 0, 1, NULL, NULL),
(1589, '2015-12-08', -1.00, 13.00, 61, 'Invoicedetail', 951, 0, 1, NULL, NULL),
(1591, '2015-12-08', -1.00, -29.00, 242, 'Invoicedetail', 953, 0, 1, NULL, NULL),
(1592, '2015-12-09', -1.00, 0.00, 334, 'Invoicedetail', 954, 0, 1, NULL, NULL),
(1593, '2015-12-09', -1.00, 3.00, 252, 'Invoicedetail', 955, 0, 1, NULL, NULL),
(1594, '2015-12-09', -1.00, 3.00, 323, 'Invoicedetail', 956, 0, 1, NULL, NULL),
(1595, '2015-12-09', -1.00, -30.00, 242, 'Invoicedetail', 957, 0, 1, NULL, NULL),
(1596, '2015-11-26', 2.00, 2.00, 471, 'Purchasedetail', 556, 0, 1, NULL, NULL),
(1597, '2015-11-26', 1.00, 1.00, 472, 'Purchasedetail', 557, 0, 1, NULL, NULL),
(1598, '2015-11-28', 2.00, 2.00, 473, 'Purchasedetail', 558, 0, 1, NULL, NULL),
(1599, '2015-11-28', 2.00, 4.00, 132, 'Purchasedetail', 559, 0, 1, NULL, NULL),
(1600, '2015-11-30', 1.00, 1.00, 458, 'Purchasedetail', 560, 0, 1, NULL, NULL),
(1601, '2015-12-02', 2.00, 3.00, 234, 'Purchasedetail', 561, 0, 1, NULL, NULL),
(1602, '2015-11-30', 1.00, 1.00, 147, 'Purchasedetail', 562, 0, 1, NULL, NULL),
(1603, '2015-11-30', 1.00, 1.00, 149, 'Purchasedetail', 563, 0, 1, NULL, NULL),
(1604, '2015-12-10', -3.00, -15.00, 441, 'Invoicedetail', 958, 0, 1, NULL, NULL),
(1605, '2015-12-11', -1.00, 12.00, 61, 'Invoicedetail', 959, 0, 1, NULL, NULL),
(1606, '2015-12-12', -1.00, 3.00, 217, 'Invoicedetail', 960, 0, 1, NULL, NULL),
(1607, '2015-12-12', -1.00, 80.00, 28, 'Invoicedetail', 961, 0, 1, NULL, NULL),
(1608, '2015-12-12', -1.00, 11.00, 61, 'Invoicedetail', 962, 0, 1, NULL, NULL),
(1609, '2015-12-12', -1.00, 6.00, 55, 'Invoicedetail', 963, 0, 1, NULL, NULL),
(1610, '2015-12-12', -26.00, -76.00, 457, 'Invoicedetail', 964, 0, 1, NULL, NULL),
(1611, '2015-12-12', -5.00, -44.00, 275, 'Invoicedetail', 965, 0, 1, NULL, NULL),
(1612, '2015-12-12', -1.00, 0.00, 15, 'Invoicedetail', 966, 0, 1, NULL, NULL),
(1614, '2015-12-12', -1.00, 0.00, 149, 'Invoicedetail', 969, 0, 1, NULL, NULL),
(1615, '2015-12-12', -1.00, 3.00, 12, 'Invoicedetail', 967, 0, 1, NULL, NULL),
(1616, '2015-12-14', -1.00, 79.00, 28, 'Invoicedetail', 970, 0, 1, NULL, NULL);
INSERT INTO `stockentry` (`id`, `date`, `qty`, `balance`, `stock_id`, `ref_class`, `ref_id`, `is_cancelled`, `priority`, `type`, `description`) VALUES
(1617, '2015-12-15', -1.00, 5.00, 55, 'Invoicedetail', 971, 0, 1, NULL, NULL),
(1618, '2015-12-15', -1.00, 4.00, 193, 'Invoicedetail', 972, 0, 1, NULL, NULL),
(1619, '2015-12-16', -8.00, -76.00, 190, 'Invoicedetail', 973, 0, 1, NULL, NULL),
(1620, '2015-12-16', -1.00, 6.00, 359, 'Invoicedetail', 974, 0, 1, NULL, NULL),
(1621, '2015-12-16', -1.00, 1.00, 33, 'Invoicedetail', 975, 0, 1, NULL, NULL),
(1622, '2015-12-16', -2.00, 8.00, 173, 'Invoicedetail', 977, 0, 1, NULL, NULL),
(1623, '2015-12-17', -1.00, 2.00, 252, 'Invoicedetail', 978, 0, 1, NULL, NULL),
(1624, '2015-12-01', -2.00, 3.00, 403, 'Invoicedetail', 979, 0, 2, NULL, NULL),
(1626, '2015-12-17', -10.00, -66.00, 255, 'Invoicedetail', 980, 0, 1, NULL, NULL),
(1627, '2015-12-17', -2.00, 0.00, 180, 'Invoicedetail', 981, 0, 1, NULL, NULL),
(1628, '2015-12-17', -2.00, 7.00, 176, 'Invoicedetail', 982, 0, 1, NULL, NULL),
(1629, '2015-12-17', -1.00, 7.00, 172, 'Invoicedetail', 983, 0, 1, NULL, NULL),
(1630, '2015-12-17', -1.00, 3.00, 193, 'Invoicedetail', 984, 0, 1, NULL, NULL),
(1631, '2015-12-17', -1.00, 4.00, 55, 'Invoicedetail', 985, 0, 1, NULL, NULL),
(1633, '2015-12-17', -1.00, 2.00, 193, 'Invoicedetail', 995, 0, 2, NULL, NULL),
(1634, '2015-12-17', -1.00, 314.00, 43, 'Invoicedetail', 996, 0, 1, NULL, NULL),
(1635, '2015-12-17', -1.00, 2.00, 3, 'Invoicedetail', 997, 0, 1, NULL, NULL),
(1636, '2015-12-18', -1.00, 2.00, 9, 'Invoicedetail', 998, 0, 1, NULL, NULL),
(1637, '2015-12-18', -2.00, -2.00, 475, 'Invoicedetail', 999, 0, 1, NULL, NULL),
(1638, '2015-12-19', -1.00, 3.00, 55, 'Invoicedetail', 1000, 0, 1, NULL, NULL),
(1640, '2015-12-17', -10.00, 0.00, 444, 'Invoicedetail', 988, 0, 1, NULL, NULL),
(1641, '2015-12-17', -3.00, 0.00, 403, 'Invoicedetail', 989, 0, 1, NULL, NULL),
(1642, '2015-12-17', -5.00, -5.00, 477, 'Invoicedetail', 990, 0, 1, NULL, NULL),
(1643, '2015-12-17', -1.00, -1.00, 478, 'Invoicedetail', 991, 0, 1, NULL, NULL),
(1644, '2015-12-17', -24.00, -24.00, 474, 'Invoicedetail', 992, 0, 1, NULL, NULL),
(1645, '2015-12-17', -5.00, -5.00, 417, 'Invoicedetail', 993, 0, 1, NULL, NULL),
(1646, '2015-12-17', -24.00, -24.00, 479, 'Invoicedetail', 994, 0, 1, NULL, NULL),
(1647, '2015-12-17', -20.00, -20.00, 480, 'Invoicedetail', 1002, 0, 1, NULL, NULL),
(1648, '2015-12-17', -25.00, -25.00, 476, 'Invoicedetail', 1003, 0, 1, NULL, NULL),
(1649, '2015-12-17', -1.00, -1.00, 481, 'Invoicedetail', 1004, 0, 1, NULL, NULL),
(1650, '2015-12-19', -1.00, -6.00, 272, 'Invoicedetail', 1005, 0, 1, NULL, NULL),
(1651, '2015-12-19', -1.00, 8.00, 45, 'Invoicedetail', 1006, 0, 1, NULL, NULL),
(1652, '2015-12-21', -7.00, -83.00, 190, 'Invoicedetail', 1007, 0, 1, NULL, NULL),
(1653, '2015-12-21', -1.00, 5.00, 332, 'Invoicedetail', 1008, 0, 1, NULL, NULL),
(1654, '2015-12-21', -1.00, 4.00, 333, 'Invoicedetail', 1009, 0, 1, NULL, NULL),
(1655, '2015-12-11', 3.00, 4.00, 234, 'Purchasedetail', 564, 0, 1, NULL, NULL),
(1656, '2015-12-11', 2.00, 2.00, 361, 'Purchasedetail', 565, 0, 1, NULL, NULL),
(1657, '2015-12-11', 2.00, 3.00, 130, 'Purchasedetail', 566, 0, 1, NULL, NULL),
(1658, '2015-12-11', 5.00, 5.00, 20, 'Purchasedetail', 567, 0, 1, NULL, NULL),
(1659, '2015-12-03', 1.00, 0.00, 470, 'Purchasedetail', 568, 0, 2, NULL, NULL),
(1660, '2015-12-02', 6.00, 7.00, 60, 'Purchasedetail', 569, 0, 2, NULL, NULL),
(1661, '2015-12-22', -1.00, 1.00, 193, 'Invoicedetail', 1010, 0, 1, NULL, NULL),
(1662, '2015-12-22', -1.00, 10.00, 61, 'Invoicedetail', 1011, 0, 1, NULL, NULL),
(1663, '2015-12-22', -1.00, 78.00, 28, 'Invoicedetail', 1012, 0, 1, NULL, NULL),
(1664, '2015-12-18', 4.00, 4.00, 482, 'Purchasedetail', 570, 0, 1, NULL, NULL),
(1665, '2015-12-18', 5.00, 0.00, 477, 'Purchasedetail', 571, 0, 1, NULL, NULL),
(1667, '2015-12-18', 5.00, 0.00, 417, 'Purchasedetail', 573, 0, 1, NULL, NULL),
(1668, '2015-12-18', 24.00, 0.00, 479, 'Purchasedetail', 574, 0, 1, NULL, NULL),
(1669, '2015-12-18', 1.00, 0.00, 478, 'Purchasedetail', 575, 0, 1, NULL, NULL),
(1670, '2015-12-18', 24.00, 0.00, 474, 'Purchasedetail', 576, 0, 1, NULL, NULL),
(1671, '2015-12-18', 24.00, -1.00, 476, 'Purchasedetail', 577, 0, 1, NULL, NULL),
(1672, '2015-12-18', 1.00, 0.00, 481, 'Purchasedetail', 578, 0, 1, NULL, NULL),
(1673, '2015-12-22', -1.00, 0.00, 193, 'Invoicedetail', 1013, 0, 2, NULL, NULL),
(1674, '2015-12-22', -2.00, 4.00, 72, 'Invoicedetail', 1014, 0, 1, NULL, NULL),
(1675, '2015-12-22', -1.00, 2.00, 55, 'Invoicedetail', 1015, 0, 1, NULL, NULL),
(1677, '2015-12-23', -2.00, 4.00, 178, 'Invoicedetail', 1016, 0, 1, NULL, NULL),
(1678, '2015-12-23', -2.00, 6.00, 246, 'Invoicedetail', 1017, 0, 1, NULL, NULL),
(1679, '2015-12-23', -1.00, 5.00, 170, 'Invoicedetail', 1018, 0, 1, NULL, NULL),
(1680, '2015-12-23', -1.00, 5.00, 239, 'Invoicedetail', 1019, 0, 1, NULL, NULL),
(1681, '2015-12-23', -1.00, 3.00, 56, 'Invoicedetail', 1020, 0, 1, NULL, NULL),
(1682, '2015-12-23', -1.00, 1.00, 361, 'Invoicedetail', 1021, 0, 1, NULL, NULL),
(1683, '2015-12-23', -1.00, 77.00, 28, 'Invoicedetail', 1022, 0, 1, NULL, NULL),
(1684, '2015-12-23', -1.00, 9.00, 61, 'Invoicedetail', 1023, 0, 1, NULL, NULL),
(1685, '2015-12-23', -1.00, -31.00, 242, 'Invoicedetail', 1025, 0, 1, NULL, NULL),
(1686, '2015-11-23', -10.00, 0.00, 464, 'Invoicedetail', 1026, 0, 1, NULL, NULL),
(1687, '2015-12-22', 12.00, 12.00, 483, 'Purchasedetail', 579, 0, 1, NULL, NULL),
(1688, '2015-12-22', 12.00, 12.00, 484, 'Purchasedetail', 580, 0, 1, NULL, NULL),
(1689, '2015-12-26', -30.00, -45.00, 257, 'Invoicedetail', 1027, 0, 1, NULL, NULL),
(1690, '2015-12-26', -2.00, 6.00, 277, 'Invoicedetail', 1028, 0, 1, NULL, NULL),
(1692, '2015-12-26', -1.00, 4.00, 20, 'Invoicedetail', 1030, 0, 1, NULL, NULL),
(1693, '2015-12-26', -1.00, 3.00, 20, 'Invoicedetail', 1031, 0, 2, NULL, NULL),
(1694, '2015-12-26', -1.00, 2.00, 12, 'Invoicedetail', 1032, 0, 1, NULL, NULL),
(1695, '2015-12-26', -1.00, 3.00, 132, 'Invoicedetail', 1033, 0, 1, NULL, NULL),
(1696, '2015-12-26', -1.00, -32.00, 242, 'Invoicedetail', 1034, 0, 1, NULL, NULL),
(1697, '2015-12-28', -25.00, -314.00, 245, 'Invoicedetail', 1035, 0, 1, NULL, NULL),
(1698, '2015-12-29', -1.00, 9.00, 261, 'Invoicedetail', 1036, 0, 1, NULL, NULL),
(1699, '2015-12-29', -1.00, 8.00, 61, 'Invoicedetail', 1037, 0, 1, NULL, NULL),
(1700, '2015-12-29', -2.00, 8.00, 262, 'Invoicedetail', 1038, 0, 1, NULL, NULL),
(1701, '2015-12-29', -1.00, 3.00, 216, 'Invoicedetail', 1039, 0, 1, NULL, NULL),
(1702, '2016-01-02', -1.00, 2.00, 82, 'Invoicedetail', 1040, 0, 1, NULL, NULL),
(1703, '2016-01-02', -2.00, 3.00, 239, 'Invoicedetail', 1041, 0, 1, NULL, NULL),
(1704, '2016-01-02', -1.00, 5.00, 246, 'Invoicedetail', 1042, 0, 1, NULL, NULL),
(1705, '2016-01-02', -1.00, 10.00, 49, 'Invoicedetail', 1043, 0, 1, NULL, NULL),
(1706, '2016-01-02', -3.00, 1.00, 178, 'Invoicedetail', 1044, 0, 1, NULL, NULL),
(1707, '2016-01-02', -1.00, 4.00, 174, 'Invoicedetail', 1045, 0, 1, NULL, NULL),
(1708, '2016-12-12', 2.00, 2.00, 459, 'Purchasedetail', 581, 0, 1, NULL, NULL),
(1709, '2016-01-02', -2.00, 2.00, 482, 'Invoicedetail', 1046, 0, 1, NULL, NULL),
(1710, '2016-01-02', -35.00, -349.00, 245, 'Invoicedetail', 1047, 0, 1, NULL, NULL),
(1711, '2016-01-02', -1.00, 4.00, 170, 'Invoicedetail', 1048, 0, 1, NULL, NULL),
(1712, '2015-07-15', -1.00, 9.00, 105, 'Purchasedetail', 582, 0, 2, NULL, NULL),
(1713, '2015-07-15', -1.00, 9.00, 175, 'Purchasedetail', 583, 0, 2, NULL, NULL),
(1714, '2015-07-15', 1.00, 11.00, 172, 'Purchasedetail', 584, 0, 2, NULL, NULL),
(1715, '2015-07-15', 1.00, 11.00, 179, 'Purchasedetail', 585, 0, 2, NULL, NULL),
(1716, '2015-07-15', 1.00, 11.00, 182, 'Purchasedetail', 586, 0, 2, NULL, NULL),
(1717, '2015-09-05', -1.00, 3.00, 239, 'Purchasedetail', 587, 0, 2, NULL, NULL),
(1718, '2015-09-05', -1.00, 7.00, 258, 'Purchasedetail', 588, 0, 2, NULL, NULL),
(1719, '2015-09-05', -1.00, 9.00, 280, 'Purchasedetail', 589, 0, 2, NULL, NULL),
(1720, '2015-12-18', 20.00, 0.00, 480, 'Purchasedetail', 572, 0, 1, NULL, NULL),
(1721, '2015-10-19', 13.00, 0.00, 296, 'Purchasedetail', 467, 0, 1, NULL, NULL),
(1722, '2016-01-04', -1.00, 4.00, 358, 'Invoicedetail', 1049, 0, 1, NULL, NULL),
(1723, '2016-01-04', -1.00, 0.00, 33, 'Invoicedetail', 1050, 0, 1, NULL, NULL),
(1724, '2016-01-04', -1.00, 5.00, 60, 'Invoicedetail', 1051, 0, 1, NULL, NULL),
(1725, '2016-01-04', -1.00, 5.00, 462, 'Invoicedetail', 1052, 0, 1, NULL, NULL),
(1726, '2016-01-04', -1.00, 7.00, 61, 'Invoicedetail', 1053, 0, 1, NULL, NULL),
(1727, '2016-01-04', -1.00, 76.00, 28, 'Invoicedetail', 1054, 0, 1, NULL, NULL),
(1728, '2016-01-04', -1.00, -25.00, 127, 'Invoicedetail', 1055, 0, 1, NULL, NULL),
(1729, '2016-01-04', -1.00, -33.00, 242, 'Invoicedetail', 1056, 0, 1, NULL, NULL),
(1730, '2016-01-04', -1.00, 1.00, 459, 'Invoicedetail', 1059, 0, 1, NULL, NULL),
(1731, '2016-01-04', -16.00, -60.00, 275, 'Invoicedetail', 1057, 0, 1, NULL, NULL),
(1732, '2016-01-04', -1.00, -34.00, 242, 'Invoicedetail', 1058, 0, 2, NULL, NULL),
(1733, '2016-01-05', -1.00, 4.00, 60, 'Invoicedetail', 1060, 0, 1, NULL, NULL),
(1734, '2016-01-05', -5.00, -354.00, 245, 'Invoicedetail', 1061, 0, 1, NULL, NULL),
(1735, '2016-01-05', -2.00, 2.00, 72, 'Invoicedetail', 1062, 0, 1, NULL, NULL),
(1736, '2016-01-05', -1.00, 313.00, 43, 'Invoicedetail', 1063, 0, 1, NULL, NULL),
(1737, '2016-01-05', -2.00, 311.00, 43, 'Invoicedetail', 1064, 0, 2, NULL, NULL),
(1738, '2015-11-25', -1.00, 0.00, 466, 'Purchasedetail', 590, 0, 2, NULL, NULL),
(1739, '2016-01-05', -12.00, 0.00, 483, 'Invoicedetail', 1065, 0, 1, NULL, NULL),
(1740, '2016-01-05', -12.00, -14.00, 229, 'Invoicedetail', 1066, 0, 1, NULL, NULL),
(1742, '2016-01-05', -1.00, 4.00, 57, 'Invoicedetail', 1067, 0, 1, NULL, NULL),
(1743, '2016-01-05', -1.00, 3.00, 60, 'Invoicedetail', 1068, 0, 2, NULL, NULL),
(1744, '2016-01-07', -43.00, -397.00, 245, 'Invoicedetail', 1069, 0, 1, NULL, NULL),
(1745, '2016-01-07', -2.00, 0.00, 72, 'Invoicedetail', 1070, 0, 1, NULL, NULL),
(1746, '2016-01-07', -12.00, -409.00, 245, 'Invoicedetail', 1071, 0, 2, NULL, NULL),
(1747, '2016-01-08', -1.00, 1.00, 252, 'Invoicedetail', 1072, 0, 1, NULL, NULL),
(1748, '2016-01-09', -1.00, 2.00, 216, 'Invoicedetail', 1073, 0, 1, NULL, NULL),
(1749, '2016-01-09', -1.00, 75.00, 28, 'Invoicedetail', 1074, 0, 1, NULL, NULL),
(1750, '2016-01-09', -1.00, 6.00, 61, 'Invoicedetail', 1075, 0, 1, NULL, NULL),
(1751, '2016-01-09', -1.00, 2.00, 56, 'Invoicedetail', 1076, 0, 1, NULL, NULL),
(1752, '2016-01-11', -10.00, -419.00, 245, 'Invoicedetail', 1077, 0, 1, NULL, NULL),
(1753, '2016-01-11', -5.00, -50.00, 257, 'Invoicedetail', 1078, 0, 1, NULL, NULL),
(1754, '2016-01-11', -4.00, 11.00, 171, 'Invoicedetail', 1079, 0, 1, NULL, NULL),
(1755, '2016-01-11', -4.00, 0.00, 170, 'Invoicedetail', 1080, 0, 1, NULL, NULL),
(1756, '2016-01-11', -1.00, 1.00, 265, 'Invoicedetail', 1081, 0, 1, NULL, NULL),
(1757, '2016-01-11', -2.00, 309.00, 43, 'Invoicedetail', 1082, 0, 1, NULL, NULL),
(1758, '2016-01-12', -38.00, -457.00, 245, 'Invoicedetail', 1083, 0, 1, NULL, NULL),
(1759, '2016-01-12', -1.00, 8.00, 182, 'Invoicedetail', 1084, 0, 1, NULL, NULL),
(1760, '2016-01-12', -1.00, 2.00, 239, 'Invoicedetail', 1085, 0, 1, NULL, NULL),
(1761, '2016-01-12', -1.00, 1.00, 216, 'Invoicedetail', 1086, 0, 1, NULL, NULL),
(1762, '2016-01-14', -1.00, 7.00, 16, 'Invoicedetail', 1087, 0, 1, NULL, NULL),
(1763, '2016-01-14', -1.00, 0.00, 459, 'Invoicedetail', 1088, 0, 1, NULL, NULL),
(1764, '2016-01-14', -1.00, 1.00, 482, 'Invoicedetail', 1089, 0, 1, NULL, NULL),
(1765, '2016-01-14', -14.00, -80.00, 255, 'Invoicedetail', 1090, 0, 1, NULL, NULL),
(1766, '2016-01-15', -1.00, 1.00, 55, 'Invoicedetail', 1092, 0, 1, NULL, NULL),
(1767, '2016-01-15', -1.00, 47.00, 285, 'Invoicedetail', 1091, 0, 1, NULL, NULL),
(1768, '2016-01-16', -1.00, 4.00, 462, 'Invoicedetail', 1093, 0, 1, NULL, NULL),
(1769, '2016-01-16', -1.00, 2.00, 60, 'Invoicedetail', 1094, 0, 1, NULL, NULL),
(1770, '2016-01-16', -1.00, 74.00, 28, 'Invoicedetail', 1095, 0, 1, NULL, NULL),
(1771, '2016-01-16', -1.00, 5.00, 61, 'Invoicedetail', 1096, 0, 1, NULL, NULL),
(1772, '2016-01-16', -1.00, -26.00, 127, 'Invoicedetail', 1097, 0, 1, NULL, NULL),
(1773, '2016-01-16', -1.00, -35.00, 242, 'Invoicedetail', 1098, 0, 1, NULL, NULL),
(1774, '2016-01-16', -1.00, 7.00, 45, 'Invoicedetail', 1099, 0, 1, NULL, NULL),
(1775, '2016-01-16', -1.00, 5.00, 71, 'Invoicedetail', 1100, 0, 1, NULL, NULL),
(1776, '2016-01-16', -1.00, -1.00, 33, 'Invoicedetail', 1101, 0, 1, NULL, NULL),
(1778, '2016-01-16', -1.00, 2.00, 19, 'Invoicedetail', 1105, 0, 1, NULL, NULL),
(1782, '2016-01-16', -1.00, 3.00, 462, 'Invoicedetail', 1106, 0, 2, NULL, NULL),
(1783, '2016-01-16', -1.00, 3.00, 57, 'Invoicedetail', 1107, 0, 1, NULL, NULL),
(1784, '2016-01-16', -1.00, 73.00, 28, 'Invoicedetail', 1108, 0, 2, NULL, NULL),
(1785, '2016-01-16', -1.00, 4.00, 61, 'Invoicedetail', 1109, 0, 2, NULL, NULL),
(1786, '2016-01-16', -1.00, -27.00, 127, 'Invoicedetail', 1110, 0, 2, NULL, NULL),
(1787, '2016-01-16', -1.00, -36.00, 242, 'Invoicedetail', 1114, 0, 2, NULL, NULL),
(1788, '2016-01-16', -1.00, 0.00, 42, 'Invoicedetail', 1115, 0, 1, NULL, NULL);

-- --------------------------------------------------------

--
-- Table structure for table `subsidiary`
--

CREATE TABLE IF NOT EXISTS `subsidiary` (
  `id` bigint(20) NOT NULL AUTO_INCREMENT,
  `code` varchar(30) NOT NULL,
  `name` varchar(150) NOT NULL,
  `account_code` varchar(10) NOT NULL,
  `fund_id` bigint(20) NOT NULL,
  PRIMARY KEY (`id`),
  KEY `code_idx` (`code`),
  KEY `account_code_idx` (`account_code`),
  KEY `fund_id_idx` (`fund_id`)
) ENGINE=InnoDB DEFAULT CHARSET=latin1 AUTO_INCREMENT=1 ;

-- --------------------------------------------------------

--
-- Table structure for table `terms`
--

CREATE TABLE IF NOT EXISTS `terms` (
  `id` int(11) NOT NULL AUTO_INCREMENT,
  `name` varchar(20) NOT NULL,
  `days` int(11) NOT NULL,
  PRIMARY KEY (`id`),
  UNIQUE KEY `name` (`name`)
) ENGINE=InnoDB  DEFAULT CHARSET=latin1 AUTO_INCREMENT=121 ;

--
-- Dumping data for table `terms`
--

INSERT INTO `terms` (`id`, `name`, `days`) VALUES
(1, 'Cash', 0),
(2, 'Cheque', 0),
(15, '15 days', 15),
(30, '30 days', 30),
(45, '45 days', 45),
(60, '60 days', 60),
(90, '90 days', 90),
(120, '120 days', 120);

-- --------------------------------------------------------

--
-- Table structure for table `users`
--

CREATE TABLE IF NOT EXISTS `users` (
  `id` int(11) NOT NULL AUTO_INCREMENT,
  `username` varchar(50) NOT NULL,
  `password_hash` varchar(40) NOT NULL,
  PRIMARY KEY (`id`),
  UNIQUE KEY `username` (`username`)
) ENGINE=InnoDB  DEFAULT CHARSET=latin1 AUTO_INCREMENT=2 ;

--
-- Dumping data for table `users`
--

INSERT INTO `users` (`id`, `username`, `password_hash`) VALUES
(1, 'admin', 'd033e22ae348aeb5660fc2140aec35850c4da997');

-- --------------------------------------------------------

--
-- Table structure for table `vendor`
--

CREATE TABLE IF NOT EXISTS `vendor` (
  `id` int(11) NOT NULL AUTO_INCREMENT,
  `name` char(60) DEFAULT NULL,
  `addr1` varchar(200) DEFAULT NULL,
  `addr2` varchar(200) DEFAULT NULL,
  `addr3` varchar(200) DEFAULT NULL,
  `vtype` char(60) DEFAULT NULL,
  `cont1` char(60) DEFAULT NULL,
  `cont2` char(60) DEFAULT NULL,
  `phone1` varchar(300) DEFAULT NULL,
  `phone2` varchar(300) DEFAULT NULL,
  `faxnum` char(60) DEFAULT NULL,
  `email` char(60) DEFAULT NULL,
  `note` tinytext,
  `taxid` char(60) DEFAULT NULL,
  PRIMARY KEY (`id`),
  UNIQUE KEY `name` (`name`)
) ENGINE=InnoDB  DEFAULT CHARSET=latin1 AUTO_INCREMENT=7 ;

--
-- Dumping data for table `vendor`
--

INSERT INTO `vendor` (`id`, `name`, `addr1`, `addr2`, `addr3`, `vtype`, `cont1`, `cont2`, `phone1`, `phone2`, `faxnum`, `email`, `note`, `taxid`) VALUES
(1, '-', '', '', '', '', '', '', '', '', '', '', '', ''),
(2, 'TMC Manila', '', '', '', '', '', '', '', '', '', '', '', ''),
(3, 'Excelights', '', '', '', '', '', '', '', '', '', '', '', ''),
(4, 'DJ Concrete', '', '', '', '', '', '', '', '', '', '', '', ''),
(5, 'Vics Marketing', '', '', '', '', 'Edgar Tan', '', '', '', '', '', '', ''),
(6, 'Firstank', 'Jojo Flores', 'jojo_firstank@yahoo.com.ph', '', '', '0925-504-5038', '0932-345-5447', '0932-345-5445', '', '', '', '', '');

-- --------------------------------------------------------

--
-- Table structure for table `warehouse`
--

CREATE TABLE IF NOT EXISTS `warehouse` (
  `id` int(11) NOT NULL AUTO_INCREMENT,
  `name` varchar(30) NOT NULL,
  PRIMARY KEY (`id`),
  UNIQUE KEY `name` (`name`)
) ENGINE=InnoDB  DEFAULT CHARSET=latin1 AUTO_INCREMENT=3 ;

--
-- Dumping data for table `warehouse`
--

INSERT INTO `warehouse` (`id`, `name`) VALUES
(2, 'Main');

--
-- Constraints for dumped tables
--

--
-- Constraints for table `account`
--
ALTER TABLE `account`
  ADD CONSTRAINT `account_account_category_id_account_category_id` FOREIGN KEY (`account_category_id`) REFERENCES `account_category` (`id`),
  ADD CONSTRAINT `account_account_type_id_account_type_id` FOREIGN KEY (`account_type_id`) REFERENCES `account_type` (`id`);

--
-- Constraints for table `accountentry`
--
ALTER TABLE `accountentry`
  ADD CONSTRAINT `accountentry_account_id_account_id` FOREIGN KEY (`account_id`) REFERENCES `account` (`id`);

--
-- Constraints for table `account_category`
--
ALTER TABLE `account_category`
  ADD CONSTRAINT `account_category_account_type_id_account_type_id` FOREIGN KEY (`account_type_id`) REFERENCES `account_type` (`id`);

--
-- Constraints for table `customer_order`
--
ALTER TABLE `customer_order`
  ADD CONSTRAINT `customer_order_ibfk_1` FOREIGN KEY (`customer_id`) REFERENCES `customer` (`id`);

--
-- Constraints for table `invoice`
--
ALTER TABLE `invoice`
  ADD CONSTRAINT `invoice_ibfk_1` FOREIGN KEY (`customer_id`) REFERENCES `customer` (`id`),
  ADD CONSTRAINT `invoice_ibfk_2` FOREIGN KEY (`salesman_id`) REFERENCES `employee` (`id`),
  ADD CONSTRAINT `invoice_ibfk_3` FOREIGN KEY (`template_id`) REFERENCES `invoice_template` (`id`),
  ADD CONSTRAINT `invoice_terms_id_terms_id` FOREIGN KEY (`terms_id`) REFERENCES `terms` (`id`);

--
-- Constraints for table `invoicedetail`
--
ALTER TABLE `invoicedetail`
  ADD CONSTRAINT `invoicedetail_ibfk_1` FOREIGN KEY (`product_id`) REFERENCES `product` (`id`),
  ADD CONSTRAINT `invoicedetail_ibfk_2` FOREIGN KEY (`invoice_id`) REFERENCES `invoice` (`id`);

--
-- Constraints for table `priceitem`
--
ALTER TABLE `priceitem`
  ADD CONSTRAINT `priceitem_ibfk_1` FOREIGN KEY (`pricelist_id`) REFERENCES `pricelist` (`id`),
  ADD CONSTRAINT `priceitem_ibfk_2` FOREIGN KEY (`product_id`) REFERENCES `product` (`id`);

--
-- Constraints for table `pricelist`
--
ALTER TABLE `pricelist`
  ADD CONSTRAINT `pricelist_vendor_id_vendor_id` FOREIGN KEY (`vendor_id`) REFERENCES `vendor` (`id`);

--
-- Constraints for table `product`
--
ALTER TABLE `product`
  ADD CONSTRAINT `product_ibfk_1` FOREIGN KEY (`brand_id`) REFERENCES `brand` (`id`),
  ADD CONSTRAINT `product_ibfk_2` FOREIGN KEY (`producttype_id`) REFERENCES `producttype` (`id`);

--
-- Constraints for table `productcategory`
--
ALTER TABLE `productcategory`
  ADD CONSTRAINT `productcategory_producttype_id_producttype_id` FOREIGN KEY (`producttype_id`) REFERENCES `producttype` (`id`);

--
-- Constraints for table `producttype`
--
ALTER TABLE `producttype`
  ADD CONSTRAINT `producttype_ibfk_1` FOREIGN KEY (`parent_id`) REFERENCES `producttype` (`id`);

--
-- Constraints for table `profitdetail`
--
ALTER TABLE `profitdetail`
  ADD CONSTRAINT `profitdetail_ibfk_5` FOREIGN KEY (`purchasedetail_id`) REFERENCES `purchasedetail` (`id`),
  ADD CONSTRAINT `profitdetail_ibfk_1` FOREIGN KEY (`product_id`) REFERENCES `product` (`id`),
  ADD CONSTRAINT `profitdetail_ibfk_2` FOREIGN KEY (`invoice_id`) REFERENCES `invoice` (`id`),
  ADD CONSTRAINT `profitdetail_ibfk_3` FOREIGN KEY (`purchase_id`) REFERENCES `purchase` (`id`),
  ADD CONSTRAINT `profitdetail_ibfk_4` FOREIGN KEY (`invoicedetail_id`) REFERENCES `invoicedetail` (`id`);

--
-- Constraints for table `purchase`
--
ALTER TABLE `purchase`
  ADD CONSTRAINT `purchase_employee_id_employee_id` FOREIGN KEY (`employee_id`) REFERENCES `employee` (`id`),
  ADD CONSTRAINT `purchase_template_id_template_id` FOREIGN KEY (`template_id`) REFERENCES `purchase_template` (`id`),
  ADD CONSTRAINT `purchase_terms_id_terms_id` FOREIGN KEY (`terms_id`) REFERENCES `terms` (`id`),
  ADD CONSTRAINT `purchase_vendor_id_vendor_id` FOREIGN KEY (`vendor_id`) REFERENCES `vendor` (`id`);

--
-- Constraints for table `purchasedetail`
--
ALTER TABLE `purchasedetail`
  ADD CONSTRAINT `purchasedetail_product_id_product_id` FOREIGN KEY (`product_id`) REFERENCES `product` (`id`),
  ADD CONSTRAINT `purchasedetail_purchase_id_purchase_id` FOREIGN KEY (`purchase_id`) REFERENCES `purchase` (`id`);

--
-- Constraints for table `quote`
--
ALTER TABLE `quote`
  ADD CONSTRAINT `quote_ibfk_2` FOREIGN KEY (`product_id`) REFERENCES `product` (`id`) ON DELETE CASCADE,
  ADD CONSTRAINT `quote_ibfk_3` FOREIGN KEY (`vendor_id`) REFERENCES `vendor` (`id`);

--
-- Constraints for table `sf_guard_forgot_password`
--
ALTER TABLE `sf_guard_forgot_password`
  ADD CONSTRAINT `sf_guard_forgot_password_user_id_sf_guard_user_id` FOREIGN KEY (`user_id`) REFERENCES `sf_guard_user` (`id`);

--
-- Constraints for table `sf_guard_group_permission`
--
ALTER TABLE `sf_guard_group_permission`
  ADD CONSTRAINT `sf_guard_group_permission_group_id_sf_guard_group_id` FOREIGN KEY (`group_id`) REFERENCES `sf_guard_group` (`id`),
  ADD CONSTRAINT `sf_guard_group_permission_permission_id_sf_guard_permission_id` FOREIGN KEY (`permission_id`) REFERENCES `sf_guard_permission` (`id`);

--
-- Constraints for table `sf_guard_remember_key`
--
ALTER TABLE `sf_guard_remember_key`
  ADD CONSTRAINT `sf_guard_remember_key_user_id_sf_guard_user_id` FOREIGN KEY (`user_id`) REFERENCES `sf_guard_user` (`id`);

--
-- Constraints for table `sf_guard_user_group`
--
ALTER TABLE `sf_guard_user_group`
  ADD CONSTRAINT `sf_guard_user_group_group_id_sf_guard_group_id` FOREIGN KEY (`group_id`) REFERENCES `sf_guard_group` (`id`),
  ADD CONSTRAINT `sf_guard_user_group_user_id_sf_guard_user_id` FOREIGN KEY (`user_id`) REFERENCES `sf_guard_user` (`id`);

--
-- Constraints for table `sf_guard_user_permission`
--
ALTER TABLE `sf_guard_user_permission`
  ADD CONSTRAINT `sf_guard_user_permission_permission_id_sf_guard_permission_id` FOREIGN KEY (`permission_id`) REFERENCES `sf_guard_permission` (`id`),
  ADD CONSTRAINT `sf_guard_user_permission_user_id_sf_guard_user_id` FOREIGN KEY (`user_id`) REFERENCES `sf_guard_user` (`id`);

--
-- Constraints for table `stock`
--
ALTER TABLE `stock`
  ADD CONSTRAINT `stock_ibfk_1` FOREIGN KEY (`warehouse_id`) REFERENCES `warehouse` (`id`),
  ADD CONSTRAINT `stock_ibfk_2` FOREIGN KEY (`product_id`) REFERENCES `product` (`id`);

--
-- Constraints for table `stockentry`
--
ALTER TABLE `stockentry`
  ADD CONSTRAINT `stockentry_ibfk_1` FOREIGN KEY (`stock_id`) REFERENCES `stock` (`id`);

/*!40101 SET CHARACTER_SET_CLIENT=@OLD_CHARACTER_SET_CLIENT */;
/*!40101 SET CHARACTER_SET_RESULTS=@OLD_CHARACTER_SET_RESULTS */;
/*!40101 SET COLLATION_CONNECTION=@OLD_COLLATION_CONNECTION */;
